event_date	section	row	price	qty	view_score
2026-10-14	10	C	2439	2	9.5
2026-10-14	101	Y	75	4	4.5
2026-10-14	101	W	707	4	4.7
2026-10-14	104	Y	84	3	4.5
2026-10-14	104	S	120	4	7.5
2026-10-14	104	T	885	4	4.6
2026-10-14	106	Z	885	4	5.0
2026-10-14	109	Y	118	4	5.5
2026-10-14	109	G	198	2	6.7
2026-10-14	111	H	138	2	6.9
2026-10-14	111	V	220	4	6.0
2026-10-14	111	N	309	2	6.4
2026-10-14	111	G	375	2	7.1
2026-10-14	111	Q	1596	4	6.3
2026-10-14	112	T	175	2	5.5
2026-10-14	112	G	286	2	6.4
2026-10-14	112	J	1685	4	6.2
2026-10-14	113	R	126	4	5.9
2026-10-14	113	U	127	4	5.7
2026-10-14	113	N	153	2	6.1
2026-10-14	113	R	1063	4	5.9
2026-10-14	116	X	65	4	5.1
2026-10-14	116	Y	93	4	5.0
2026-10-14	116	Z	885	4	5.0
2026-10-14	118	T	81	2	4.3
2026-10-14	118	J	885	4	5.5
2026-10-14	118	T	1063	4	4.3
2026-10-14	120	H	127	4	5.0
2026-10-14	120	S	796	4	4.5
2026-10-14	121	T	84	4	7.5
2026-10-14	121	Q	707	4	5.2
2026-10-14	121	G	796	4	6.2
2026-10-14	122	T	796	4	4.5
2026-10-14	124	Y	84	4	5.0
2026-10-14	124	Z	96	2	5.0
2026-10-14	124	L	557	3	5.4
2026-10-14	124	X	707	4	5.1
2026-10-14	126	Z	97	4	5.0
2026-10-14	126	Z	109	5	5.0
2026-10-14	126	Y	885	4	5.0
2026-10-14	129	Y	118	4	5.5
2026-10-14	129	T	126	2	5.8
2026-10-14	129	N	153	2	6.1
2026-10-14	129	W	885	4	5.6
2026-10-14	129	Z	1063	4	5.5
2026-10-14	130	G	286	2	6.5
2026-10-14	130	M	1418	4	6.0
2026-10-14	131	V	220	4	6.0
2026-10-14	131	N	309	2	6.4
2026-10-14	131	G	375	2	7.1
2026-10-14	131	U	1418	4	6.1
2026-10-14	132	T	175	4	5.5
2026-10-14	132	N	220	2	5.8
2026-10-14	132	Q	1418	4	5.6
2026-10-14	133	U	128	4	5.7
2026-10-14	133	G	198	2	6.7
2026-10-14	133	R	1063	4	5.9
2026-10-14	133	U	1063	4	5.7
2026-10-14	136	R	72	2	5.4
2026-10-14	136	Y	93	4	5.0
2026-10-14	136	T	121	4	5.3
2026-10-14	136	Z	885	4	5.0
2026-10-14	136	R	885	4	5.4
2026-10-14	138	R	77	4	4.7
2026-10-14	138	Y	84	4	4.5
2026-10-14	138	X	796	4	4.6
2026-10-14	201	W	30	1	0.5
2026-10-14	202	W	30	4	0.6
2026-10-14	205	W	37	4	1.0
2026-10-14	205	B	97	4	3.3
2026-10-14	205	M	529	4	1.6
2026-10-14	206	N	69	4	2.2
2026-10-14	206	K	138	6	2.6
2026-10-14	207	Q	54	4	2.9
2026-10-14	207	Q	707	4	2.9
2026-10-14	208	K	529	4	4.8
2026-10-14	209	W	54	2	3.5
2026-10-14	209	M	81	4	4.1
2026-10-14	209	F	132	4	4.8
2026-10-14	211	W	71	4	4.0
2026-10-14	212	Q	64	12	4.6
2026-10-14	213	W	54	4	3.5
2026-10-14	214	R	40	3	4.0
2026-10-14	214	N	707	4	4.4
2026-10-14	215	W	45	4	2.5
2026-10-14	216	W	41	4	1.6
2026-10-14	216	M	42	2	2.3
2026-10-14	216	M	45	4	2.3
2026-10-14	216	M	618	4	2.3
2026-10-14	218	W	33	4	1.1
2026-10-14	220	W	30	1	0.6
2026-10-14	222	W	30	2	0.6
2026-10-14	224	W	33	4	1.1
2026-10-14	224	X	79	8	1.0
2026-10-14	225	H	52	4	2.5
2026-10-14	226	Q	35	4	2.0
2026-10-14	226	M	39	4	2.3
2026-10-14	226	W	41	4	1.6
2026-10-14	226	M	49	4	2.3
2026-10-14	226	M	51	9	2.3
2026-10-14	228	L	43	4	4.6
2026-10-14	228	W	50	4	3.6
2026-10-14	228	Q	63	4	4.1
2026-10-14	228	R	67	4	4.0
2026-10-14	228	N	74	4	4.3
2026-10-14	228	P	80	4	4.2
2026-10-14	228	P	707	4	4.2
2026-10-14	229	K	70	4	4.2
2026-10-14	229	J	74	4	4.3
2026-10-14	229	J	707	4	4.3
2026-10-14	230	U	63	4	4.6
2026-10-14	231	U	71	4	4.0
2026-10-14	231	D	94	4	5.6
2026-10-14	232	U	63	4	4.4
2026-10-14	232	P	529	4	4.8
2026-10-14	233	L	65	4	4.1
2026-10-14	233	K	73	4	4.2
2026-10-14	233	K	618	4	4.2
2026-10-14	234	T	40	4	3.8
2026-10-14	234	W	50	4	3.6
2026-10-14	234	R	58	4	4.0
2026-10-14	234	Q	76	4	4.1
2026-10-14	234	T	79	4	3.8
2026-10-14	234	N	81	4	4.4
2026-10-14	234	N	796	4	4.4
2026-10-14	236	P	32	4	2.1
2026-10-14	236	R	36	4	1.9
2026-10-14	236	M	46	4	2.3
2026-10-14	236	M	76	6	2.3
2026-10-14	236	P	618	4	2.1
2026-10-14	237	W	37	4	1.0
2026-10-14	237	M	43	4	1.6
2026-10-14	237	M	707	4	1.6
2026-10-14	238	M	47	4	2.3
2026-10-14	238	M	796	4	2.3
2026-10-14	239	W	30	2	0.6
2026-10-14	3	D	1995	2	9.4
2026-10-14	6	D	1551	2	8.4
2026-10-25	10	C	2728	2	9.5
2026-10-25	101	Y	158	4	4.5
2026-10-25	101	O	164	4	7.5
2026-10-25	101	S	168	4	4.9
2026-10-25	101	V	192	6	4.7
2026-10-25	101	Q	192	3	5.1
2026-10-25	101	M	239	6	5.3
2026-10-25	101	Z	343	2	4.5
2026-10-25	101	Z	362	4	4.5
2026-10-25	101	PACKAGE	443	6	7.5
2026-10-25	101	Z	457	3	4.5
2026-10-25	101	W	707	4	4.7
2026-10-25	104	S	160	4	7.5
2026-10-25	104	Y	171	2	4.5
2026-10-25	104	Z	180	2	4.5
2026-10-25	104	N	214	4	4.8
2026-10-25	104	P	219	5	4.8
2026-10-25	104	K	267	5	4.9
2026-10-25	104	B	381	5	5.5
2026-10-25	104	P	432	4	4.8
2026-10-25	104	3	768	5	6.5
2026-10-25	104	T	885	4	4.6
2026-10-25	106	Q	168	4	5.4
2026-10-25	106	Y	211	4	5.0
2026-10-25	106	R	212	2	5.4
2026-10-25	106	Z	217	4	5.0
2026-10-25	106	X	230	5	4.1
2026-10-25	106	S	286	4	5.3
2026-10-25	106	Y	333	6	5.0
2026-10-25	106	Q	404	8	5.4
2026-10-25	106	C	486	3	7.0
2026-10-25	106	Z	885	4	5.0
2026-10-25	109	Y	264	2	5.5
2026-10-25	109	S	366	3	5.8
2026-10-25	109	G	375	2	6.7
2026-10-25	109	Z	461	2	5.5
2026-10-25	109	A	479	4	8.5
2026-10-25	109	G	499	4	6.7
2026-10-25	109	Z	527	4	5.5
2026-10-25	109	Z	642	3	5.5
2026-10-25	110	T	353	4	5.6
2026-10-25	110	N	397	2	5.9
2026-10-25	111	Z	354	2	9.0
2026-10-25	111	V	397	1	6.0
2026-10-25	111	U	404	4	6.1
2026-10-25	111	N	508	2	6.4
2026-10-25	111	P	521	4	6.4
2026-10-25	111	S	612	4	6.2
2026-10-25	111	G	619	2	7.1
2026-10-25	111	Q	1596	4	6.3
2026-10-25	112	T	353	2	5.5
2026-10-25	112	G	486	2	6.4
2026-10-25	112	Q	523	3	5.6
2026-10-25	112	N	579	2	5.8
2026-10-25	112	S	589	2	8.5
2026-10-25	112	S	609	4	8.5
2026-10-25	112	PACKAGE	762	4	8.5
2026-10-25	112	C	1288	4	7.3
2026-10-25	112	J	1685	4	6.2
2026-10-25	113	Y	264	4	5.5
2026-10-25	113	V	319	4	5.7
2026-10-25	113	N	331	2	6.1
2026-10-25	113	S	333	4	5.8
2026-10-25	113	R	340	4	5.9
2026-10-25	113	Z	367	2	5.5
2026-10-25	113	Q	381	4	5.9
2026-10-25	113	N	414	4	6.1
2026-10-25	113	K	447	4	6.3
2026-10-25	113	D	725	2	7.2
2026-10-25	113	R	1063	4	5.9
2026-10-25	116	Y	206	1	5.0
2026-10-25	116	Z	218	2	5.0
2026-10-25	116	Y	220	4	4.0
2026-10-25	116	S	233	4	5.3
2026-10-25	116	X	238	4	5.1
2026-10-25	116	P	271	4	5.5
2026-10-25	116	R	286	3	5.4
2026-10-25	116	K	295	4	5.8
2026-10-25	116	J	381	3	5.9
2026-10-25	116	Z	885	4	5.0
2026-10-25	118	Y	171	3	4.1
2026-10-25	118	Z	186	2	4.0
2026-10-25	118	X	186	6	4.1
2026-10-25	118	Y	186	5	3.1
2026-10-25	118	T	193	4	4.3
2026-10-25	118	F	401	3	6.0
2026-10-25	118	J	885	4	5.5
2026-10-25	118	T	1063	4	4.3
2026-10-25	120	H	335	4	5.0
2026-10-25	120	A	399	3	5.6
2026-10-25	120	S	796	4	4.5
2026-10-25	120	T	835	2	4.5
2026-10-25	121	S	155	2	7.5
2026-10-25	121	E	156	2	6.9
2026-10-25	121	T	171	4	7.5
2026-10-25	121	R	175	4	5.1
2026-10-25	121	N	177	4	5.3
2026-10-25	121	Q	192	4	5.2
2026-10-25	121	Q	707	4	5.2
2026-10-25	121	G	796	4	6.2
2026-10-25	122	S	173	4	4.5
2026-10-25	122	R	175	4	4.6
2026-10-25	122	T	177	2	4.5
2026-10-25	122	N	271	3	4.7
2026-10-25	122	L	286	4	4.8
2026-10-25	122	B	347	4	5.5
2026-10-25	122	C	362	5	5.4
2026-10-25	122	T	796	4	4.5
2026-10-25	124	Z	189	6	5.0
2026-10-25	124	Y	218	4	5.0
2026-10-25	124	L	369	3	5.4
2026-10-25	124	4	438	4	6.8
2026-10-25	124	3	460	3	7.0
2026-10-25	124	X	707	4	5.1
2026-10-25	126	Z	205	4	5.0
2026-10-25	126	Y	211	4	5.0
2026-10-25	126	Z	214	4	5.0
2026-10-25	126	T	219	4	5.3
2026-10-25	126	Z	231	5	5.0
2026-10-25	126	Q	257	4	5.4
2026-10-25	126	H	328	4	6.0
2026-10-25	126	D	380	4	6.7
2026-10-25	126	C	433	3	7.0
2026-10-25	129	Y	260	1	5.5
2026-10-25	129	T	277	2	5.8
2026-10-25	129	Z	286	4	5.5
2026-10-25	129	N	331	2	6.1
2026-10-25	129	L	398	2	6.2
2026-10-25	129	K	436	4	6.3
2026-10-25	129	H	523	3	6.5
2026-10-25	129	Z	589	3	5.5
2026-10-25	129	X	642	8	5.6
2026-10-25	129	W	885	4	5.6
2026-10-25	130	G	486	2	6.5
2026-10-25	130	Q	537	4	5.7
2026-10-25	130	T	539	2	5.6
2026-10-25	130	M	1418	4	6.0
2026-10-25	131	Z	391	2	9.0
2026-10-25	131	V	397	4	6.0
2026-10-25	131	T	452	4	6.1
2026-10-25	131	R	461	2	6.2
2026-10-25	131	S	499	4	6.2
2026-10-25	131	N	508	2	6.4
2026-10-25	131	G	619	2	7.1
2026-10-25	131	R	951	6	6.2
2026-10-25	131	U	1418	4	6.1
2026-10-25	131	F	1677	2	7.2
2026-10-25	132	T	311	2	5.5
2026-10-25	132	T	353	4	5.5
2026-10-25	132	N	397	2	5.8
2026-10-25	132	PACKAGE	811	4	8.5
2026-10-25	132	E	919	6	6.8
2026-10-25	132	Q	1418	4	5.6
2026-10-25	133	U	271	2	5.7
2026-10-25	133	V	298	2	4.7
2026-10-25	133	T	333	3	5.8
2026-10-25	133	G	375	2	6.7
2026-10-25	133	Z	392	2	5.5
2026-10-25	133	X	428	8	5.6
2026-10-25	133	Z	613	4	5.5
2026-10-25	133	Z	712	3	5.5
2026-10-25	133	U	1063	4	5.7
2026-10-25	133	R	1063	4	5.9
2026-10-25	136	Y	209	2	4.0
2026-10-25	136	Y	214	3	5.0
2026-10-25	136	T	227	4	5.3
2026-10-25	136	H	395	3	6.0
2026-10-25	136	R	885	4	5.4
2026-10-25	136	Z	885	4	5.0
2026-10-25	138	X	153	2	4.6
2026-10-25	138	R	154	4	4.7
2026-10-25	138	Y	166	1	4.5
2026-10-25	138	U	409	2	4.6
2026-10-25	138	Z	415	2	4.5
2026-10-25	138	U	428	4	4.6
2026-10-25	138	U	523	3	4.6
2026-10-25	138	3	768	6	6.5
2026-10-25	138	X	796	4	4.6
2026-10-25	201	W	67	1	0.5
2026-10-25	201	X	71	6	0.5
2026-10-25	201	W	75	6	0.5
2026-10-25	202	W	67	1	0.6
2026-10-25	203	X	85	8	0.5
2026-10-25	204	X	273	2	1.5
2026-10-25	205	W	75	1	1.0
2026-10-25	205	X	295	2	1.0
2026-10-25	205	X	305	4	1.0
2026-10-25	205	X	352	3	1.0
2026-10-25	205	M	529	4	1.6
2026-10-25	206	W	84	4	1.6
2026-10-25	206	W	86	6	1.6
2026-10-25	206	N	89	4	2.2
2026-10-25	206	T	113	6	1.8
2026-10-25	206	R	149	6	1.9
2026-10-25	206	K	885	4	2.6
2026-10-25	207	W	84	1	2.5
2026-10-25	207	Q	124	4	2.9
2026-10-25	207	O	151	5	5.5
2026-10-25	207	Q	707	4	2.9
2026-10-25	208	W	93	1	3.6
2026-10-25	208	X	300	2	3.5
2026-10-25	208	X	308	4	3.5
2026-10-25	208	X	357	3	3.5
2026-10-25	208	K	529	4	4.8
2026-10-25	209	W	104	4	3.5
2026-10-25	209	M	112	4	4.1
2026-10-25	210	W	118	4	4.1
2026-10-25	210	L	248	4	5.3
2026-10-25	210	X	398	2	4.0
2026-10-25	211	X	151	2	4.0
2026-10-25	211	Q	252	3	4.4
2026-10-25	211	R	286	8	4.3
2026-10-25	212	X	398	2	4.0
2026-10-25	213	W	97	1	3.5
2026-10-25	213	X	184	2	3.5
2026-10-25	214	Q	96	4	4.1
2026-10-25	214	N	707	4	4.4
2026-10-25	215	W	88	4	2.5
2026-10-25	215	I	99	2	5.5
2026-10-25	215	E	126	3	4.1
2026-10-25	215	M	168	5	3.1
2026-10-25	216	W	84	4	1.6
2026-10-25	216	M	87	2	2.3
2026-10-25	216	V	105	6	1.6
2026-10-25	216	M	115	4	2.3
2026-10-25	216	T	117	6	1.7
2026-10-25	216	R	153	6	1.9
2026-10-25	216	X	295	2	1.5
2026-10-25	216	X	305	4	1.5
2026-10-25	216	X	352	3	1.5
2026-10-25	216	M	618	4	2.3
2026-10-25	217	W	80	4	1.5
2026-10-25	217	V	97	6	1.6
2026-10-25	217	C	113	3	3.4
2026-10-25	217	S	133	6	1.8
2026-10-25	217	Q	165	6	1.9
2026-10-25	217	X	193	2	1.5
2026-10-25	218	W	75	4	1.1
2026-10-25	218	V	101	6	1.1
2026-10-25	218	T	121	6	1.3
2026-10-25	218	R	157	6	1.4
2026-10-25	219	W	71	4	0.6
2026-10-25	219	V	85	6	0.6
2026-10-25	219	R	99	6	0.9
2026-10-25	219	X	286	2	0.5
2026-10-25	219	X	295	4	0.5
2026-10-25	219	X	343	3	0.5
2026-10-25	220	W	67	1	0.6
2026-10-25	220	V	78	6	0.6
2026-10-25	220	U	89	6	0.7
2026-10-25	221	W	71	4	0.5
2026-10-25	221	V	82	6	0.6
2026-10-25	221	U	95	6	0.6
2026-10-25	221	X	154	2	0.5
2026-10-25	223	W	71	4	0.6
2026-10-25	223	X	276	2	0.5
2026-10-25	224	W	75	4	1.1
2026-10-25	224	T	125	6	1.2
2026-10-25	224	X	300	2	1.0
2026-10-25	224	X	308	4	1.0
2026-10-25	224	X	347	3	1.0
2026-10-25	225	T	109	6	1.7
2026-10-25	225	R	141	6	1.8
2026-10-25	225	H	152	4	2.5
2026-10-25	225	G	153	4	2.6
2026-10-25	225	Q	169	6	1.9
2026-10-25	225	X	194	2	1.5
2026-10-25	226	W	84	2	1.6
2026-10-25	226	Q	86	4	2.0
2026-10-25	226	M	99	2	2.3
2026-10-25	226	M	115	4	2.3
2026-10-25	226	T	129	6	1.8
2026-10-25	226	Q	177	6	2.0
2026-10-25	226	M	707	4	2.3
2026-10-25	227	W	88	4	2.5
2026-10-25	227	K	103	4	3.3
2026-10-25	227	I	176	5	5.5
2026-10-25	227	X	369	2	2.5
2026-10-25	228	W	88	1	3.6
2026-10-25	228	N	104	4	4.3
2026-10-25	228	R	133	4	4.0
2026-10-25	228	P	152	4	4.2
2026-10-25	228	Q	152	4	4.1
2026-10-25	228	O	189	8	6.5
2026-10-25	228	P	707	4	4.2
2026-10-25	229	U	104	4	3.5
2026-10-25	229	K	110	4	4.2
2026-10-25	229	J	114	2	4.3
2026-10-25	229	J	707	4	4.3
2026-10-25	230	U	118	4	4.6
2026-10-25	230	L	214	4	5.5
2026-10-25	231	U	135	1	4.0
2026-10-25	231	U	232	2	4.0
2026-10-25	232	U	118	4	4.4
2026-10-25	232	P	529	4	4.8
2026-10-25	233	U	97	1	3.5
2026-10-25	233	L	105	2	4.1
2026-10-25	233	K	114	4	4.2
2026-10-25	233	K	618	4	4.2
2026-10-25	234	W	93	4	3.6
2026-10-25	234	N	96	4	4.4
2026-10-25	234	T	101	4	3.8
2026-10-25	234	T	115	4	3.8
2026-10-25	234	R	129	4	4.0
2026-10-25	234	Q	142	4	4.1
2026-10-25	234	N	161	4	4.4
2026-10-25	234	N	796	4	4.4
2026-10-25	235	N	84	4	3.1
2026-10-25	235	X	369	2	2.5
2026-10-25	236	X	78	2	1.5
2026-10-25	236	X	82	6	1.5
2026-10-25	236	W	90	6	1.6
2026-10-25	236	M	95	4	2.3
2026-10-25	236	P	95	4	2.1
2026-10-25	236	M	99	6	2.3
2026-10-25	236	R	104	4	1.9
2026-10-25	236	P	618	4	2.1
2026-10-25	237	W	80	4	1.0
2026-10-25	237	M	126	4	1.6
2026-10-25	237	R	145	6	1.3
2026-10-25	237	Q	173	6	1.4
2026-10-25	237	M	707	4	1.6
2026-10-25	238	S	137	6	1.8
2026-10-25	238	M	138	4	2.3
2026-10-25	238	R	161	6	1.9
2026-10-25	238	X	165	2	1.5
2026-10-25	238	V	305	2	1.6
2026-10-25	238	V	314	4	1.6
2026-10-25	238	V	362	3	1.6
2026-10-25	238	M	796	4	2.3
2026-10-25	239	X	140	2	0.5
2026-10-25	240	W	71	4	0.6
2026-10-25	240	X	243	2	0.5
2026-10-25	3	D	2284	2	9.4
2026-10-25	6	D	1840	2	8.4
2026-10-25	7th St.	PARKI..	16	10	
2026-10-28	101	T	168	2	4.8
2026-10-28	101	O	182	4	7.5
2026-10-28	101	S	186	3	4.9
2026-10-28	101	Z	209	2	4.5
2026-10-28	101	Y	220	2	4.5
2026-10-28	101	Z	230	4	4.5
2026-10-28	101	Z	476	3	4.5
2026-10-28	101	W	707	4	4.7
2026-10-28	104	Y	177	2	4.5
2026-10-28	104	Y	179	4	4.5
2026-10-28	104	S	180	2	7.5
2026-10-28	104	P	442	2	4.8
2026-10-28	104	P	452	4	4.8
2026-10-28	104	P	547	3	4.8
2026-10-28	104	T	885	4	4.6
2026-10-28	106	Q	186	4	5.4
2026-10-28	106	Z	216	4	5.0
2026-10-28	106	Y	228	4	5.0
2026-10-28	106	X	273	5	4.1
2026-10-28	106	R	341	4	5.4
2026-10-28	106	S	387	4	5.3
2026-10-28	106	Z	885	4	5.0
2026-10-28	109	Y	272	1	5.5
2026-10-28	109	G	432	1	6.7
2026-10-28	109	Z	585	2	5.5
2026-10-28	109	Z	594	4	5.5
2026-10-28	109	Z	690	3	5.5
2026-10-28	110	N	476	2	5.9
2026-10-28	111	V	476	4	6.0
2026-10-28	111	T	587	3	6.1
2026-10-28	111	N	609	2	6.4
2026-10-28	111	H	624	2	6.9
2026-10-28	111	G	720	2	7.1
2026-10-28	111	Q	1596	4	6.3
2026-10-28	112	T	410	2	5.5
2026-10-28	112	G	583	1	6.4
2026-10-28	112	S	775	2	8.5
2026-10-28	112	S	785	4	8.5
2026-10-28	112	S	880	3	8.5
2026-10-28	112	J	1685	4	6.2
2026-10-28	113	U	282	2	5.7
2026-10-28	113	N	365	2	6.1
2026-10-28	113	K	491	2	6.3
2026-10-28	113	R	800	4	5.9
2026-10-28	113	R	1063	4	5.9
2026-10-28	116	X	214	4	5.1
2026-10-28	116	Y	223	2	5.0
2026-10-28	116	N	365	2	5.6
2026-10-28	116	N	383	3	5.6
2026-10-28	116	Z	885	4	5.0
2026-10-28	118	T	198	4	4.3
2026-10-28	118	M	211	4	4.9
2026-10-28	118	J	885	4	5.5
2026-10-28	118	T	1063	4	4.3
2026-10-28	120	U	185	4	7.5
2026-10-28	120	R	218	3	4.6
2026-10-28	120	M	219	2	4.8
2026-10-28	120	C	498	6	5.4
2026-10-28	120	S	796	4	4.5
2026-10-28	121	E	164	2	6.9
2026-10-28	121	R	175	4	5.1
2026-10-28	121	T	179	4	7.5
2026-10-28	121	S	204	2	7.5
2026-10-28	121	P	214	2	5.3
2026-10-28	121	N	218	4	5.3
2026-10-28	121	S	220	6	7.5
2026-10-28	121	M	227	3	5.4
2026-10-28	121	PACKAGE	467	6	7.5
2026-10-28	121	Q	707	4	5.2
2026-10-28	121	G	796	4	6.2
2026-10-28	122	S	173	2	4.5
2026-10-28	122	R	186	4	4.6
2026-10-28	122	A	408	4	5.6
2026-10-28	122	T	796	4	4.5
2026-10-28	124	Y	179	4	5.0
2026-10-28	124	X	214	6	5.1
2026-10-28	124	6	729	2	6.4
2026-10-28	124	L	1489	3	5.4
2026-10-28	126	Z	220	2	5.0
2026-10-28	126	Y	236	4	5.0
2026-10-28	126	Z	272	5	5.0
2026-10-28	126	T	311	3	5.3
2026-10-28	126	Z	642	4	5.0
2026-10-28	126	Y	885	4	5.0
2026-10-28	129	N	365	2	6.1
2026-10-28	129	T	378	2	5.8
2026-10-28	129	L	427	2	6.2
2026-10-28	129	T	427	4	5.8
2026-10-28	129	H	506	3	6.5
2026-10-28	129	Z	647	2	5.5
2026-10-28	129	Z	665	4	5.5
2026-10-28	129	W	885	4	5.6
2026-10-28	129	Z	1063	4	5.5
2026-10-28	130	G	587	2	6.5
2026-10-28	130	C	904	4	7.4
2026-10-28	130	M	1418	4	6.0
2026-10-28	131	R	454	4	6.2
2026-10-28	131	V	476	4	6.0
2026-10-28	131	U	559	2	6.1
2026-10-28	131	L	656	4	6.6
2026-10-28	131	G	720	2	7.1
2026-10-28	131	U	1418	4	6.1
2026-10-28	132	T	410	4	5.5
2026-10-28	132	N	476	2	5.8
2026-10-28	132	Q	1418	4	5.6
2026-10-28	133	Y	277	1	5.5
2026-10-28	133	U	371	2	5.7
2026-10-28	133	G	432	2	6.7
2026-10-28	133	Z	680	2	5.5
2026-10-28	133	Z	690	4	5.5
2026-10-28	133	Z	785	3	5.5
2026-10-28	133	R	1063	4	5.9
2026-10-28	133	U	1063	4	5.7
2026-10-28	136	Y	223	2	5.0
2026-10-28	136	Z	227	4	5.0
2026-10-28	136	T	243	2	5.3
2026-10-28	136	X	287	5	5.1
2026-10-28	136	R	885	4	5.4
2026-10-28	136	Z	885	4	5.0
2026-10-28	138	Y	175	4	4.5
2026-10-28	138	M	214	4	4.9
2026-10-28	138	K	258	3	5.0
2026-10-28	138	U	447	2	4.6
2026-10-28	138	U	457	4	4.6
2026-10-28	138	U	552	3	4.6
2026-10-28	138	X	796	4	4.6
2026-10-28	138	3	827	3	6.5
2026-10-28	201	L	155	6	1.2
2026-10-28	201	G	168	6	1.6
2026-10-28	201	F	182	6	1.8
2026-10-28	201	X	262	2	0.5
2026-10-28	201	X	271	4	0.5
2026-10-28	201	X	319	3	0.5
2026-10-28	202	W	63	1	0.6
2026-10-28	202	X	86	6	0.5
2026-10-28	203	W	63	1	0.6
2026-10-28	203	Q	109	6	1.0
2026-10-28	203	M	147	6	1.3
2026-10-28	203	H	148	6	2.1
2026-10-28	203	G	162	6	2.4
2026-10-28	203	X	271	2	0.5
2026-10-28	203	X	282	4	0.5
2026-10-28	203	X	328	3	0.5
2026-10-28	204	X	90	2	1.5
2026-10-28	204	X	110	6	1.5
2026-10-28	205	W	75	2	1.0
2026-10-28	205	S	123	6	1.3
2026-10-28	205	X	281	2	1.0
2026-10-28	205	X	290	4	1.0
2026-10-28	205	X	338	3	1.0
2026-10-28	205	M	529	4	1.6
2026-10-28	206	W	79	4	1.6
2026-10-28	206	K	885	4	2.6
2026-10-28	207	X	82	6	2.5
2026-10-28	207	W	88	1	2.5
2026-10-28	207	R	126	6	2.8
2026-10-28	207	Q	142	4	2.9
2026-10-28	207	O	197	5	5.5
2026-10-28	207	Q	707	4	2.9
2026-10-28	208	U	90	1	3.7
2026-10-28	208	U	101	6	3.7
2026-10-28	208	X	290	2	3.5
2026-10-28	208	X	300	4	3.5
2026-10-28	208	X	347	3	3.5
2026-10-28	208	K	529	4	4.8
2026-10-28	209	Q	123	6	3.9
2026-10-28	209	W	126	4	3.5
2026-10-28	210	W	139	4	4.1
2026-10-28	211	L	906	4	4.7
2026-10-28	212	X	300	2	4.0
2026-10-28	212	X	309	4	4.0
2026-10-28	212	X	357	3	4.0
2026-10-28	213	Q	117	3	3.9
2026-10-28	213	W	121	1	3.5
2026-10-28	214	U	113	6	3.7
2026-10-28	214	L	162	2	4.8
2026-10-28	214	N	707	4	4.4
2026-10-28	215	W	88	4	2.5
2026-10-28	215	S	117	6	2.8
2026-10-28	215	I	139	2	5.5
2026-10-28	215	E	168	3	4.1
2026-10-28	215	M	209	5	3.1
2026-10-28	216	X	101	6	1.5
2026-10-28	216	X	119	6	1.5
2026-10-28	216	M	133	4	2.3
2026-10-28	216	M	618	4	2.3
2026-10-28	217	W	75	4	1.5
2026-10-28	217	P	84	6	1.9
2026-10-28	217	X	114	6	1.5
2026-10-28	217	C	155	3	3.4
2026-10-28	219	R	105	6	0.9
2026-10-28	219	J	135	6	1.8
2026-10-28	219	F	175	6	2.8
2026-10-28	219	E	189	5	3.5
2026-10-28	219	X	262	2	0.5
2026-10-28	219	X	271	4	0.5
2026-10-28	219	X	319	3	0.5
2026-10-28	220	P	134	6	1.3
2026-10-28	220	K	163	6	2.0
2026-10-28	221	P	130	6	0.9
2026-10-28	221	H	155	6	1.5
2026-10-28	221	C	239	6	2.4
2026-10-28	222	X	82	6	0.5
2026-10-28	222	N	142	6	1.4
2026-10-28	222	M	151	6	1.6
2026-10-28	223	W	63	1	0.6
2026-10-28	223	K	159	6	1.6
2026-10-28	224	X	134	8	1.0
2026-10-28	225	P	96	6	1.9
2026-10-28	225	H	123	4	2.5
2026-10-28	226	Q	76	4	2.0
2026-10-28	226	W	79	4	1.6
2026-10-28	226	M	83	4	2.3
2026-10-28	227	W	88	4	2.5
2026-10-28	227	R	121	6	2.8
2026-10-28	227	K	139	4	3.3
2026-10-28	227	I	230	5	5.5
2026-10-28	228	V	86	6	3.6
2026-10-28	228	W	96	4	3.6
2026-10-28	228	U	105	2	3.7
2026-10-28	228	P	136	4	4.2
2026-10-28	228	Q	152	4	4.1
2026-10-28	228	R	156	4	4.0
2026-10-28	228	O	243	8	6.5
2026-10-28	228	P	707	4	4.2
2026-10-28	229	U	126	4	3.5
2026-10-28	229	K	152	4	4.2
2026-10-28	229	J	158	4	4.3
2026-10-28	229	H	175	2	3.4
2026-10-28	229	J	707	4	4.3
2026-10-28	230	U	139	4	4.6
2026-10-28	231	D	148	1	5.6
2026-10-28	231	U	157	4	4.0
2026-10-28	232	U	139	4	4.4
2026-10-28	232	P	529	4	4.8
2026-10-28	233	L	147	4	4.1
2026-10-28	233	K	150	4	4.2
2026-10-28	233	F	184	3	4.7
2026-10-28	233	K	618	4	4.2
2026-10-28	233	B	656	2	4.8
2026-10-28	234	W	96	4	3.6
2026-10-28	234	U	96	1	3.7
2026-10-28	234	U	105	6	3.7
2026-10-28	234	T	110	4	3.8
2026-10-28	234	P	114	4	4.3
2026-10-28	234	T	131	4	3.8
2026-10-28	234	R	147	4	4.0
2026-10-28	234	Q	165	4	4.1
2026-10-28	234	N	170	4	4.4
2026-10-28	234	N	796	4	4.4
2026-10-28	235	U	109	6	2.7
2026-10-28	235	N	127	4	3.1
2026-10-28	235	E	191	3	3.1
2026-10-28	236	P	75	2	2.1
2026-10-28	236	M	79	4	2.3
2026-10-28	236	R	82	4	1.9
2026-10-28	236	P	618	4	2.1
2026-10-28	237	W	75	2	1.0
2026-10-28	237	P	89	6	1.4
2026-10-28	237	M	102	4	1.6
2026-10-28	237	M	707	4	1.6
2026-10-28	238	X	85	2	1.5
2026-10-28	238	X	105	6	1.5
2026-10-28	238	M	112	4	2.3
2026-10-28	238	V	257	2	1.6
2026-10-28	238	V	267	4	1.6
2026-10-28	238	V	314	3	1.6
2026-10-28	238	M	796	4	2.3
2026-10-28	239	W	63	1	0.6
2026-10-28	239	X	96	6	0.5
2026-10-28	239	R	101	6	0.9
2026-10-28	239	N	138	6	1.2
2026-10-28	240	X	90	6	0.5
2026-10-28	240	J	142	6	2.3
2026-10-28	3	D	2407	2	9.4
2026-10-28	6	D	1963	2	8.4
2026-10-30	10	C	2740	2	9.5
2026-10-30	101	Y	143	4	4.5
2026-10-30	101	Z	156	6	4.5
2026-10-30	101	S	159	4	4.9
2026-10-30	101	T	164	2	4.8
2026-10-30	101	U	165	2	4.8
2026-10-30	101	X	172	2	4.6
2026-10-30	101	O	173	4	7.5
2026-10-30	101	T	173	6	4.8
2026-10-30	101	M	190	2	5.3
2026-10-30	101	PACKAGE	394	6	7.5
2026-10-30	101	W	707	4	4.7
2026-10-30	104	S	155	4	7.5
2026-10-30	104	Y	157	4	4.5
2026-10-30	104	X	180	2	4.6
2026-10-30	104	P	209	3	4.8
2026-10-30	104	K	263	3	4.9
2026-10-30	104	P	370	2	4.8
2026-10-30	104	P	380	4	4.8
2026-10-30	104	B	550	5	5.5
2026-10-30	104	6	622	3	6.3
2026-10-30	104	T	885	4	4.6
2026-10-30	106	Q	159	4	5.4
2026-10-30	106	Z	170	2	5.0
2026-10-30	106	Y	179	4	5.0
2026-10-30	106	X	199	2	5.1
2026-10-30	106	R	296	4	5.4
2026-10-30	106	C	550	3	7.0
2026-10-30	106	Z	885	4	5.0
2026-10-30	109	Y	214	2	5.5
2026-10-30	109	G	365	2	6.7
2026-10-30	109	Z	418	2	5.5
2026-10-30	109	Z	427	4	5.5
2026-10-30	109	Z	522	3	5.5
2026-10-30	109	A	523	4	8.5
2026-10-30	110	N	388	2	5.9
2026-10-30	111	V	388	4	6.0
2026-10-30	111	N	521	2	6.4
2026-10-30	111	G	632	2	7.1
2026-10-30	111	Q	1596	4	6.3
2026-10-30	112	T	321	4	5.5
2026-10-30	112	G	499	2	6.4
2026-10-30	112	S	608	2	8.5
2026-10-30	112	S	617	4	8.5
2026-10-30	112	D	721	2	7.0
2026-10-30	112	J	1685	4	6.2
2026-10-30	113	N	299	2	6.1
2026-10-30	113	L	437	2	6.2
2026-10-30	113	J	459	2	6.4
2026-10-30	113	R	629	4	5.9
2026-10-30	113	R	1063	4	5.9
2026-10-30	116	X	143	4	5.1
2026-10-30	116	Y	174	1	5.0
2026-10-30	116	X	209	4	5.1
2026-10-30	116	Z	885	4	5.0
2026-10-30	118	T	148	2	4.3
2026-10-30	118	Y	180	5	3.1
2026-10-30	118	M	181	4	4.9
2026-10-30	118	F	572	3	6.0
2026-10-30	118	J	885	4	5.5
2026-10-30	118	T	1063	4	4.3
2026-10-30	120	U	156	4	7.5
2026-10-30	120	R	180	3	4.6
2026-10-30	120	M	220	2	4.8
2026-10-30	120	H	572	3	5.0
2026-10-30	120	3	671	2	6.5
2026-10-30	120	S	796	4	4.5
2026-10-30	120	H	804	4	5.0
2026-10-30	121	R	140	4	5.1
2026-10-30	121	E	151	2	6.9
2026-10-30	121	T	157	4	7.5
2026-10-30	121	Q	170	2	5.2
2026-10-30	121	S	181	6	7.5
2026-10-30	121	Q	707	4	5.2
2026-10-30	121	G	796	4	6.2
2026-10-30	122	R	159	4	4.6
2026-10-30	122	S	173	4	4.5
2026-10-30	122	A	688	4	5.6
2026-10-30	122	T	796	4	4.5
2026-10-30	124	Y	138	4	5.0
2026-10-30	124	Y	157	4	5.0
2026-10-30	124	X	225	2	5.1
2026-10-30	124	L	250	3	5.4
2026-10-30	124	X	707	4	5.1
2026-10-30	124	3	720	3	7.0
2026-10-30	126	Q	167	2	5.4
2026-10-30	126	Y	180	4	5.0
2026-10-30	126	Z	362	2	5.0
2026-10-30	126	Z	371	4	5.0
2026-10-30	126	Z	457	3	5.0
2026-10-30	126	Y	885	4	5.0
2026-10-30	129	Y	214	4	5.5
2026-10-30	129	N	299	2	6.1
2026-10-30	129	Z	376	2	5.5
2026-10-30	129	L	384	2	6.2
2026-10-30	129	Z	385	4	5.5
2026-10-30	129	T	391	2	5.8
2026-10-30	129	Z	471	3	5.5
2026-10-30	129	W	885	4	5.6
2026-10-30	130	G	499	2	6.5
2026-10-30	130	C	812	4	7.4
2026-10-30	130	M	1418	4	6.0
2026-10-30	131	R	281	2	6.2
2026-10-30	131	V	388	4	6.0
2026-10-30	131	N	521	2	6.4
2026-10-30	131	U	559	2	6.1
2026-10-30	131	G	632	2	7.1
2026-10-30	131	U	1418	4	6.1
2026-10-30	132	T	321	4	5.5
2026-10-30	132	N	388	2	5.8
2026-10-30	132	E	793	2	6.8
2026-10-30	132	Q	1418	4	5.6
2026-10-30	133	U	327	4	5.7
2026-10-30	133	G	365	1	6.7
2026-10-30	133	Z	503	2	5.5
2026-10-30	133	Z	513	4	5.5
2026-10-30	133	Z	608	3	5.5
2026-10-30	133	R	1063	4	5.9
2026-10-30	133	U	1063	4	5.7
2026-10-30	136	Y	179	4	5.0
2026-10-30	136	T	195	4	5.3
2026-10-30	136	H	502	3	6.0
2026-10-30	136	Z	885	4	5.0
2026-10-30	136	R	885	4	5.4
2026-10-30	138	M	182	4	4.9
2026-10-30	138	U	366	2	4.6
2026-10-30	138	U	376	4	4.6
2026-10-30	138	U	471	3	4.6
2026-10-30	138	4	695	4	7.5
2026-10-30	138	5	695	2	7.5
2026-10-30	138	X	796	4	4.6
2026-10-30	201	W	57	4	0.5
2026-10-30	201	X	229	2	0.5
2026-10-30	201	X	238	4	0.5
2026-10-30	201	X	286	3	0.5
2026-10-30	202	X	77	8	0.5
2026-10-30	203	T	80	6	0.8
2026-10-30	203	S	83	6	0.8
2026-10-30	203	X	191	2	0.5
2026-10-30	203	X	200	4	0.5
2026-10-30	203	X	248	3	0.5
2026-10-30	205	M	63	4	1.6
2026-10-30	205	W	66	4	1.0
2026-10-30	205	X	218	2	1.0
2026-10-30	205	X	229	4	1.0
2026-10-30	205	X	276	3	1.0
2026-10-30	205	M	529	4	1.6
2026-10-30	206	K	69	2	2.6
2026-10-30	206	K	885	4	2.6
2026-10-30	207	W	75	3	2.5
2026-10-30	207	Q	106	4	2.9
2026-10-30	207	O	147	5	5.5
2026-10-30	207	Q	707	4	2.9
2026-10-30	208	R	74	4	4.0
2026-10-30	208	X	224	2	3.5
2026-10-30	208	X	233	4	3.5
2026-10-30	208	X	271	3	3.5
2026-10-30	208	K	529	4	4.8
2026-10-30	209	W	92	4	3.5
2026-10-30	211	W	126	4	4.0
2026-10-30	212	X	243	2	4.0
2026-10-30	212	X	252	4	4.0
2026-10-30	212	X	300	3	4.0
2026-10-30	213	W	92	4	3.5
2026-10-30	214	N	74	4	4.4
2026-10-30	214	N	707	4	4.4
2026-10-30	215	E	65	2	4.1
2026-10-30	215	W	75	4	2.5
2026-10-30	215	E	126	3	4.1
2026-10-30	215	M	134	5	3.1
2026-10-30	216	W	70	4	1.6
2026-10-30	216	M	101	4	2.3
2026-10-30	216	X	210	2	1.5
2026-10-30	216	X	219	4	1.5
2026-10-30	216	X	267	3	1.5
2026-10-30	216	M	618	4	2.3
2026-10-30	217	L	74	6	2.2
2026-10-30	217	C	143	3	3.4
2026-10-30	218	W	62	4	1.1
2026-10-30	218	X	69	6	1.0
2026-10-30	218	X	73	6	1.0
2026-10-30	218	W	76	6	1.1
2026-10-30	218	L	77	6	2.0
2026-10-30	219	W	57	4	0.6
2026-10-30	219	R	86	6	0.9
2026-10-30	219	X	210	2	0.5
2026-10-30	219	X	219	4	0.5
2026-10-30	219	X	267	3	0.5
2026-10-30	221	X	65	6	0.5
2026-10-30	221	W	74	6	0.5
2026-10-30	222	W	57	4	0.6
2026-10-30	222	X	62	6	0.5
2026-10-30	222	W	77	6	0.6
2026-10-30	223	W	57	4	0.6
2026-10-30	223	K	84	6	1.6
2026-10-30	224	W	62	4	1.1
2026-10-30	224	X	224	2	1.0
2026-10-30	224	X	232	4	1.0
2026-10-30	224	X	281	3	1.0
2026-10-30	225	H	105	4	2.5
2026-10-30	226	Q	65	4	2.0
2026-10-30	226	W	70	4	1.6
2026-10-30	226	M	71	9	2.3
2026-10-30	227	K	67	4	3.3
2026-10-30	227	I	138	5	5.5
2026-10-30	228	W	79	4	3.6
2026-10-30	228	T	88	4	3.8
2026-10-30	228	Q	115	4	4.1
2026-10-30	228	R	120	4	4.0
2026-10-30	228	P	142	4	4.2
2026-10-30	228	O	155	8	6.5
2026-10-30	228	P	707	4	4.2
2026-10-30	229	K	120	4	4.2
2026-10-30	229	J	124	4	4.3
2026-10-30	229	U	233	2	3.5
2026-10-30	229	U	242	4	3.5
2026-10-30	229	U	290	3	3.5
2026-10-30	229	J	707	4	4.3
2026-10-30	230	U	108	4	4.6
2026-10-30	231	D	126	2	5.6
2026-10-30	232	U	108	4	4.4
2026-10-30	232	P	529	4	4.8
2026-10-30	233	L	110	4	4.1
2026-10-30	233	K	120	4	4.2
2026-10-30	233	K	618	4	4.2
2026-10-30	234	W	79	4	3.6
2026-10-30	234	T	102	4	3.8
2026-10-30	234	R	110	4	4.0
2026-10-30	234	Q	124	4	4.1
2026-10-30	234	N	129	4	4.4
2026-10-30	234	N	796	4	4.4
2026-10-30	235	N	64	4	3.1
2026-10-30	236	M	67	4	2.3
2026-10-30	236	P	70	4	2.1
2026-10-30	236	R	95	4	1.9
2026-10-30	236	P	618	4	2.1
2026-10-30	237	W	66	4	1.0
2026-10-30	237	M	76	4	1.6
2026-10-30	237	M	707	4	1.6
2026-10-30	238	M	70	6	2.3
2026-10-30	238	V	229	2	1.6
2026-10-30	238	V	238	4	1.6
2026-10-30	238	V	286	3	1.6
2026-10-30	239	W	53	1	0.6
2026-10-30	239	J	69	6	1.8
2026-10-30	239	K	81	6	1.6
2026-10-30	240	X	68	6	0.5
2026-10-30	240	W	71	6	0.6
2026-10-30	3	D	2296	2	9.4
2026-10-30	6	D	1852	2	8.4
2026-11-02	10	C	2831	2	9.5
2026-11-02	101	S	106	4	4.9
2026-11-02	101	Y	112	6	4.5
2026-11-02	101	U	116	4	4.8
2026-11-02	101	O	122	4	7.5
2026-11-02	101	Q	127	2	5.1
2026-11-02	101	Z	233	2	4.5
2026-11-02	101	Z	252	4	4.5
2026-11-02	101	Z	300	3	4.5
2026-11-02	101	Z	303	2	4.5
2026-11-02	101	W	707	4	4.7
2026-11-02	104	S	104	4	7.5
2026-11-02	104	Y	112	2	4.5
2026-11-02	104	Y	127	4	4.5
2026-11-02	104	L	135	3	4.9
2026-11-02	104	Z	303	2	4.5
2026-11-02	104	P	313	2	4.8
2026-11-02	104	P	323	4	4.8
2026-11-02	104	6	355	3	6.3
2026-11-02	104	P	370	3	4.8
2026-11-02	104	B	408	5	5.5
2026-11-02	104	T	885	4	4.6
2026-11-02	106	R	102	4	5.4
2026-11-02	106	Q	106	4	5.4
2026-11-02	106	Y	123	4	4.0
2026-11-02	106	Z	125	4	5.0
2026-11-02	106	T	185	2	5.3
2026-11-02	106	F	321	1	6.3
2026-11-02	106	F	337	3	6.3
2026-11-02	106	Z	885	4	5.0
2026-11-02	109	Y	207	4	5.5
2026-11-02	109	K	321	3	6.3
2026-11-02	109	G	345	2	6.7
2026-11-02	109	Z	356	2	5.5
2026-11-02	109	A	374	4	8.5
2026-11-02	109	Z	418	4	5.5
2026-11-02	109	Z	465	3	5.5
2026-11-02	110	N	434	2	5.9
2026-11-02	110	T	500	2	5.6
2026-11-02	111	H	303	2	6.9
2026-11-02	111	P	326	4	6.4
2026-11-02	111	V	456	4	6.0
2026-11-02	111	N	589	2	6.4
2026-11-02	111	G	700	2	7.1
2026-11-02	111	Q	1596	4	6.3
2026-11-02	112	T	367	4	5.5
2026-11-02	112	C	452	4	7.3
2026-11-02	112	G	545	2	6.4
2026-11-02	112	S	598	2	8.5
2026-11-02	112	S	608	4	8.5
2026-11-02	112	S	655	3	8.5
2026-11-02	112	PACKAGE	787	4	8.5
2026-11-02	112	J	1685	4	6.2
2026-11-02	113	T	216	2	5.8
2026-11-02	113	N	278	2	6.1
2026-11-02	113	H	321	2	6.5
2026-11-02	113	D	321	2	7.2
2026-11-02	113	R	323	4	5.9
2026-11-02	113	Z	367	2	5.5
2026-11-02	113	R	1063	4	5.9
2026-11-02	116	X	84	4	5.1
2026-11-02	116	Y	112	4	4.0
2026-11-02	116	Y	167	4	5.0
2026-11-02	116	PACKAGE	345	6	8.0
2026-11-02	116	Z	354	2	5.0
2026-11-02	116	Z	885	4	5.0
2026-11-02	118	T	114	4	4.3
2026-11-02	118	N	114	2	4.8
2026-11-02	118	M	117	3	4.9
2026-11-02	118	Y	118	5	3.1
2026-11-02	118	X	129	6	4.1
2026-11-02	118	Z	311	2	4.0
2026-11-02	118	J	885	4	5.5
2026-11-02	118	T	1063	4	4.3
2026-11-02	120	H	382	4	5.0
2026-11-02	120	A	428	3	5.6
2026-11-02	120	T	497	2	4.5
2026-11-02	120	S	796	4	4.5
2026-11-02	121	T	106	4	7.5
2026-11-02	121	E	113	2	6.9
2026-11-02	121	P	116	6	5.3
2026-11-02	121	S	121	3	7.5
2026-11-02	121	R	122	4	5.1
2026-11-02	121	T	127	4	7.5
2026-11-02	121	N	132	4	5.3
2026-11-02	121	Q	133	4	5.2
2026-11-02	121	R	303	2	5.1
2026-11-02	121	Q	707	4	5.2
2026-11-02	121	G	796	4	6.2
2026-11-02	122	R	106	4	4.6
2026-11-02	122	S	173	4	4.5
2026-11-02	122	A	382	2	5.6
2026-11-02	122	C	389	5	5.4
2026-11-02	122	T	428	2	4.5
2026-11-02	122	T	796	4	4.5
2026-11-02	124	Y	112	4	5.0
2026-11-02	124	X	123	6	5.1
2026-11-02	124	Y	127	4	5.0
2026-11-02	124	Z	132	2	5.0
2026-11-02	124	L	273	3	5.4
2026-11-02	124	Z	311	2	5.0
2026-11-02	124	4	428	4	6.8
2026-11-02	124	3	449	3	7.0
2026-11-02	126	Y	118	5	5.0
2026-11-02	126	Z	123	4	5.0
2026-11-02	126	Z	135	5	5.0
2026-11-02	126	Y	885	4	5.0
2026-11-02	129	Y	207	4	5.5
2026-11-02	129	T	220	2	5.8
2026-11-02	129	Y	252	5	4.5
2026-11-02	129	N	278	2	6.1
2026-11-02	129	L	288	2	6.2
2026-11-02	129	G	345	2	6.7
2026-11-02	129	Z	367	2	5.5
2026-11-02	129	Z	376	4	5.5
2026-11-02	129	Z	423	3	5.5
2026-11-02	129	W	885	4	5.6
2026-11-02	130	T	321	2	5.6
2026-11-02	130	D	399	2	7.1
2026-11-02	130	T	463	2	5.6
2026-11-02	130	G	545	2	6.5
2026-11-02	130	M	1418	4	6.0
2026-11-02	131	R	300	2	6.2
2026-11-02	131	U	321	2	6.1
2026-11-02	131	M	326	4	6.5
2026-11-02	131	V	456	4	6.0
2026-11-02	131	N	589	2	6.4
2026-11-02	131	G	700	2	7.1
2026-11-02	131	U	1418	4	6.1
2026-11-02	132	T	367	4	5.5
2026-11-02	132	D	419	4	7.0
2026-11-02	132	N	434	2	5.8
2026-11-02	132	Q	1418	4	5.6
2026-11-02	133	U	216	4	5.7
2026-11-02	133	V	240	2	4.7
2026-11-02	133	Z	240	2	4.5
2026-11-02	133	Z	456	4	5.5
2026-11-02	133	Z	491	2	5.5
2026-11-02	133	Z	503	3	5.5
2026-11-02	133	R	1063	4	5.9
2026-11-02	133	U	1063	4	5.7
2026-11-02	136	R	116	2	5.4
2026-11-02	136	Y	167	4	5.0
2026-11-02	136	T	205	4	5.3
2026-11-02	136	Z	354	2	5.0
2026-11-02	136	L	393	4	5.7
2026-11-02	136	Z	885	4	5.0
2026-11-02	136	R	885	4	5.4
2026-11-02	138	U	309	2	4.6
2026-11-02	138	U	319	4	4.6
2026-11-02	138	Z	340	2	4.5
2026-11-02	138	U	366	3	4.6
2026-11-02	138	4	404	4	7.5
2026-11-02	138	X	796	4	4.6
2026-11-02	201	V	46	4	0.6
2026-11-02	201	V	63	6	0.6
2026-11-02	201	U	68	6	0.6
2026-11-02	201	X	131	2	0.5
2026-11-02	201	X	199	4	0.5
2026-11-02	201	X	228	3	0.5
2026-11-02	202	X	262	2	0.5
2026-11-02	203	V	46	2	0.6
2026-11-02	203	X	59	8	0.5
2026-11-02	203	F	118	6	2.8
2026-11-02	204	X	298	2	1.5
2026-11-02	205	M	53	4	1.6
2026-11-02	205	W	55	4	1.0
2026-11-02	205	X	66	6	1.0
2026-11-02	205	M	529	4	1.6
2026-11-02	206	K	90	6	2.6
2026-11-02	206	X	173	2	1.5
2026-11-02	207	W	68	4	2.5
2026-11-02	207	Q	81	4	2.9
2026-11-02	207	O	138	5	5.5
2026-11-02	207	X	199	2	2.5
2026-11-02	207	Q	707	4	2.9
2026-11-02	208	R	61	4	4.0
2026-11-02	208	X	209	2	3.5
2026-11-02	208	X	218	4	3.5
2026-11-02	208	X	229	2	3.5
2026-11-02	208	X	247	3	3.5
2026-11-02	208	K	529	4	4.8
2026-11-02	209	W	85	4	3.5
2026-11-02	209	X	199	2	3.5
2026-11-02	210	X	433	2	4.0
2026-11-02	211	W	114	4	4.0
2026-11-02	211	X	244	2	4.0
2026-11-02	212	X	218	2	4.0
2026-11-02	212	X	228	4	4.0
2026-11-02	212	X	240	2	4.0
2026-11-02	213	W	85	4	3.5
2026-11-02	213	X	199	2	3.5
2026-11-02	214	N	61	4	4.4
2026-11-02	214	X	199	2	3.5
2026-11-02	214	N	707	4	4.4
2026-11-02	215	S	58	6	2.8
2026-11-02	215	W	68	4	2.5
2026-11-02	215	I	84	2	5.5
2026-11-02	215	E	126	3	4.1
2026-11-02	215	M	155	5	3.1
2026-11-02	215	X	199	2	2.5
2026-11-02	216	W	59	4	1.6
2026-11-02	216	X	61	6	1.5
2026-11-02	216	M	72	4	2.3
2026-11-02	216	X	72	6	1.5
2026-11-02	216	M	618	4	2.3
2026-11-02	217	W	75	6	1.5
2026-11-02	217	U	81	6	1.6
2026-11-02	217	C	101	3	3.4
2026-11-02	217	X	173	2	1.5
2026-11-02	218	W	50	4	1.1
2026-11-02	218	W	78	6	1.1
2026-11-02	218	X	149	2	1.0
2026-11-02	219	R	81	6	0.9
2026-11-02	219	X	195	2	0.5
2026-11-02	219	X	205	4	0.5
2026-11-02	219	X	214	2	0.5
2026-11-02	219	X	233	3	0.5
2026-11-02	220	V	46	1	0.6
2026-11-02	220	R	83	6	1.0
2026-11-02	220	X	131	2	0.5
2026-11-02	221	X	131	2	0.5
2026-11-02	222	X	52	6	0.5
2026-11-02	222	W	58	6	0.6
2026-11-02	223	X	55	6	0.5
2026-11-02	223	W	60	6	0.6
2026-11-02	223	V	65	6	0.6
2026-11-02	224	W	50	4	1.1
2026-11-02	224	X	58	6	1.0
2026-11-02	224	N	66	6	1.7
2026-11-02	224	X	69	6	1.0
2026-11-02	225	N	63	6	2.0
2026-11-02	225	X	63	6	1.5
2026-11-02	225	M	69	6	2.1
2026-11-02	226	Q	50	4	2.0
2026-11-02	226	M	51	9	2.3
2026-11-02	226	W	59	4	1.6
2026-11-02	226	X	173	2	1.5
2026-11-02	227	K	84	4	3.3
2026-11-02	227	I	159	5	5.5
2026-11-02	227	X	398	2	2.5
2026-11-02	228	W	72	4	3.6
2026-11-02	228	T	74	4	3.8
2026-11-02	228	P	88	4	4.2
2026-11-02	228	Q	89	4	4.1
2026-11-02	228	R	97	4	4.0
2026-11-02	228	O	176	8	6.5
2026-11-02	228	X	199	2	3.5
2026-11-02	228	P	707	4	4.2
2026-11-02	229	K	105	4	4.2
2026-11-02	229	J	120	4	4.3
2026-11-02	229	U	199	2	3.5
2026-11-02	229	U	228	4	3.5
2026-11-02	229	U	256	3	3.5
2026-11-02	229	J	707	4	4.3
2026-11-02	230	U	101	4	4.6
2026-11-02	231	D	97	4	5.6
2026-11-02	231	U	114	4	4.0
2026-11-02	231	J	124	2	4.8
2026-11-02	232	U	101	4	4.4
2026-11-02	232	P	529	4	4.8
2026-11-02	233	L	96	4	4.1
2026-11-02	233	K	120	4	4.2
2026-11-02	233	U	199	2	3.5
2026-11-02	233	K	618	4	4.2
2026-11-02	234	W	72	4	3.6
2026-11-02	234	T	84	4	3.8
2026-11-02	234	R	85	4	4.0
2026-11-02	234	Q	101	4	4.1
2026-11-02	234	N	106	4	4.4
2026-11-02	234	X	199	2	3.5
2026-11-02	234	N	796	4	4.4
2026-11-02	235	N	53	4	3.1
2026-11-02	235	X	398	2	2.5
2026-11-02	236	M	47	4	2.3
2026-11-02	236	P	58	4	2.1
2026-11-02	236	R	64	4	1.9
2026-11-02	236	X	173	2	1.5
2026-11-02	236	P	618	4	2.1
2026-11-02	237	W	55	4	1.0
2026-11-02	237	N	61	6	1.5
2026-11-02	237	M	77	4	1.6
2026-11-02	237	X	173	2	1.0
2026-11-02	237	M	707	4	1.6
2026-11-02	238	M	85	4	2.3
2026-11-02	238	V	214	2	1.6
2026-11-02	238	V	224	4	1.6
2026-11-02	238	X	235	2	1.5
2026-11-02	238	V	252	3	1.6
2026-11-02	238	M	796	4	2.3
2026-11-02	239	V	46	1	0.6
2026-11-02	239	T	73	6	0.8
2026-11-02	239	S	78	6	0.8
2026-11-02	239	G	112	6	2.4
2026-11-02	239	X	149	2	0.5
2026-11-02	240	T	71	6	0.8
2026-11-02	240	S	76	6	0.9
2026-11-02	240	X	131	2	0.5
2026-11-02	3	D	2387	2	9.4
2026-11-02	6	D	1943	2	8.4
2026-11-08	10	C	2804	2	9.5
2026-11-08	101	Z	156	6	4.5
2026-11-08	101	Y	164	4	4.5
2026-11-08	101	X	172	2	4.6
2026-11-08	101	U	205	2	4.8
2026-11-08	101	S	205	4	4.9
2026-11-08	101	T	215	6	4.8
2026-11-08	101	M	331	2	5.3
2026-11-08	101	PACKAGE	394	6	7.5
2026-11-08	101	W	707	4	4.7
2026-11-08	104	Y	150	4	4.5
2026-11-08	104	X	190	2	4.6
2026-11-08	104	S	247	4	7.5
2026-11-08	104	P	277	3	4.8
2026-11-08	104	Z	303	2	4.5
2026-11-08	104	P	313	2	4.8
2026-11-08	104	P	323	4	4.8
2026-11-08	104	B	411	5	5.5
2026-11-08	104	6	608	3	6.3
2026-11-08	104	K	728	3	4.9
2026-11-08	104	T	885	4	4.6
2026-11-08	106	Y	176	1	5.0
2026-11-08	106	Z	185	4	5.0
2026-11-08	106	Q	205	4	5.4
2026-11-08	106	Y	234	4	4.0
2026-11-08	106	X	245	2	5.1
2026-11-08	106	R	341	4	5.4
2026-11-08	106	C	486	3	7.0
2026-11-08	106	Z	885	4	5.0
2026-11-08	109	Y	234	4	5.5
2026-11-08	109	Z	356	2	5.5
2026-11-08	109	G	385	2	6.7
2026-11-08	109	A	392	2	8.5
2026-11-08	109	Z	418	4	5.5
2026-11-08	109	Z	465	3	5.5
2026-11-08	110	N	407	2	5.9
2026-11-08	110	T	469	2	5.6
2026-11-08	111	V	429	4	6.0
2026-11-08	111	N	562	2	6.4
2026-11-08	111	G	673	2	7.1
2026-11-08	111	Q	1596	4	6.3
2026-11-08	112	T	341	2	5.5
2026-11-08	112	G	518	2	6.4
2026-11-08	112	S	598	2	8.5
2026-11-08	112	S	608	4	8.5
2026-11-08	112	S	655	3	8.5
2026-11-08	112	D	681	2	7.0
2026-11-08	112	J	1685	4	6.2
2026-11-08	113	N	318	2	6.1
2026-11-08	113	L	389	2	6.2
2026-11-08	113	J	408	2	6.4
2026-11-08	113	Z	451	2	5.5
2026-11-08	113	R	794	4	5.9
2026-11-08	113	R	1063	4	5.9
2026-11-08	116	X	143	4	5.1
2026-11-08	116	Y	176	2	5.0
2026-11-08	116	X	257	4	5.1
2026-11-08	116	Z	354	2	5.0
2026-11-08	116	Z	885	4	5.0
2026-11-08	118	Y	180	5	3.1
2026-11-08	118	T	185	4	4.3
2026-11-08	118	F	258	3	6.0
2026-11-08	118	Z	311	2	4.0
2026-11-08	118	J	885	4	5.5
2026-11-08	118	T	1063	4	4.3
2026-11-08	120	R	219	3	4.6
2026-11-08	120	M	291	2	4.8
2026-11-08	120	T	338	2	4.5
2026-11-08	120	H	389	3	5.0
2026-11-08	120	3	656	2	6.5
2026-11-08	120	S	796	4	4.5
2026-11-08	121	T	150	1	7.5
2026-11-08	121	T	190	4	7.5
2026-11-08	121	S	225	6	7.5
2026-11-08	121	Q	297	2	5.2
2026-11-08	121	R	303	2	5.1
2026-11-08	121	Q	707	4	5.2
2026-11-08	121	G	796	4	6.2
2026-11-08	122	T	303	2	4.5
2026-11-08	122	R	327	4	4.6
2026-11-08	122	T	796	4	4.5
2026-11-08	124	Y	145	1	5.0
2026-11-08	124	Y	189	2	4.0
2026-11-08	124	Y	193	4	5.0
2026-11-08	124	X	225	2	5.1
2026-11-08	124	Z	311	2	5.0
2026-11-08	124	L	700	3	5.4
2026-11-08	124	X	707	4	5.1
2026-11-08	124	3	851	3	7.0
2026-11-08	126	Z	352	2	5.0
2026-11-08	126	Z	362	4	5.0
2026-11-08	126	Z	387	2	5.0
2026-11-08	126	Z	409	3	5.0
2026-11-08	126	Y	885	4	5.0
2026-11-08	129	Y	234	4	5.5
2026-11-08	129	N	318	2	6.1
2026-11-08	129	L	341	2	6.2
2026-11-08	129	T	348	2	5.8
2026-11-08	129	Z	367	2	5.5
2026-11-08	129	Z	376	4	5.5
2026-11-08	129	Z	423	3	5.5
2026-11-08	129	W	885	4	5.6
2026-11-08	130	G	518	2	6.5
2026-11-08	130	C	802	4	7.4
2026-11-08	130	T	932	2	5.6
2026-11-08	130	M	1418	4	6.0
2026-11-08	131	U	422	2	6.1
2026-11-08	131	V	429	4	6.0
2026-11-08	131	N	562	2	6.4
2026-11-08	131	G	673	2	7.1
2026-11-08	131	U	1418	4	6.1
2026-11-08	132	T	341	4	5.5
2026-11-08	132	N	407	2	5.8
2026-11-08	132	E	778	2	6.8
2026-11-08	132	Q	1418	4	5.6
2026-11-08	133	U	243	4	5.7
2026-11-08	133	G	385	2	6.7
2026-11-08	133	Z	444	2	5.5
2026-11-08	133	Z	456	4	5.5
2026-11-08	133	Z	503	3	5.5
2026-11-08	133	R	1063	4	5.9
2026-11-08	133	U	1063	4	5.7
2026-11-08	136	Y	176	4	5.0
2026-11-08	136	R	885	4	5.4
2026-11-08	136	Z	885	4	5.0
2026-11-08	138	U	309	2	4.6
2026-11-08	138	U	319	4	4.6
2026-11-08	138	Z	340	2	4.5
2026-11-08	138	U	366	3	4.6
2026-11-08	138	4	681	4	7.5
2026-11-08	138	5	681	2	7.5
2026-11-08	138	X	796	4	4.6
2026-11-08	201	V	55	2	0.6
2026-11-08	201	X	190	2	0.5
2026-11-08	201	X	199	4	0.5
2026-11-08	201	X	208	2	0.5
2026-11-08	201	X	228	3	0.5
2026-11-08	202	X	262	2	0.5
2026-11-08	203	V	50	1	0.6
2026-11-08	203	T	74	6	0.8
2026-11-08	203	S	77	6	0.8
2026-11-08	203	X	149	2	0.5
2026-11-08	203	X	210	4	0.5
2026-11-08	203	X	238	3	0.5
2026-11-08	204	W	59	4	1.6
2026-11-08	204	X	149	2	1.5
2026-11-08	205	M	61	4	1.6
2026-11-08	205	W	63	4	1.0
2026-11-08	205	X	173	2	1.0
2026-11-08	205	X	214	4	1.0
2026-11-08	205	X	243	3	1.0
2026-11-08	205	M	529	4	1.6
2026-11-08	206	M	64	4	2.3
2026-11-08	206	K	69	6	2.6
2026-11-08	206	X	173	2	1.5
2026-11-08	207	W	72	4	2.5
2026-11-08	207	Q	81	4	2.9
2026-11-08	207	O	101	5	5.5
2026-11-08	207	X	199	2	2.5
2026-11-08	207	Q	707	4	2.9
2026-11-08	208	R	74	4	4.0
2026-11-08	208	X	209	2	3.5
2026-11-08	208	X	218	4	3.5
2026-11-08	208	X	229	2	3.5
2026-11-08	208	X	247	3	3.5
2026-11-08	208	K	529	4	4.8
2026-11-08	209	W	81	1	3.5
2026-11-08	209	X	199	2	3.5
2026-11-08	210	X	433	2	4.0
2026-11-08	211	W	114	1	4.0
2026-11-08	211	X	244	2	4.0
2026-11-08	212	W	101	4	4.1
2026-11-08	212	X	218	2	4.0
2026-11-08	212	X	228	4	4.0
2026-11-08	212	X	240	2	4.0
2026-11-08	213	W	85	2	3.5
2026-11-08	213	X	199	2	3.5
2026-11-08	214	N	74	2	4.4
2026-11-08	214	X	199	2	3.5
2026-11-08	214	N	707	4	4.4
2026-11-08	215	I	65	2	5.5
2026-11-08	215	W	72	4	2.5
2026-11-08	215	E	126	3	4.1
2026-11-08	215	X	437	2	2.5
2026-11-08	216	M	64	2	2.3
2026-11-08	216	W	68	4	1.6
2026-11-08	216	M	72	4	2.3
2026-11-08	216	X	173	2	1.5
2026-11-08	216	X	210	4	1.5
2026-11-08	216	X	238	3	1.5
2026-11-08	216	M	618	4	2.3
2026-11-08	217	L	74	6	2.2
2026-11-08	217	X	173	2	1.5
2026-11-08	218	W	55	1	1.1
2026-11-08	218	X	67	3	1.0
2026-11-08	218	X	70	6	1.0
2026-11-08	218	W	73	6	1.1
2026-11-08	218	L	77	6	2.0
2026-11-08	219	R	80	6	0.9
2026-11-08	219	X	195	2	0.5
2026-11-08	219	X	205	4	0.5
2026-11-08	219	X	214	2	0.5
2026-11-08	219	X	233	3	0.5
2026-11-08	220	V	50	1	0.6
2026-11-08	220	X	131	2	0.5
2026-11-08	221	V	55	1	0.6
2026-11-08	221	X	60	6	0.5
2026-11-08	221	W	68	6	0.5
2026-11-08	222	V	55	2	0.6
2026-11-08	222	X	57	6	0.5
2026-11-08	222	W	71	6	0.6
2026-11-08	223	K	84	6	1.6
2026-11-08	223	X	149	2	0.5
2026-11-08	224	W	59	4	1.1
2026-11-08	224	X	79	3	1.0
2026-11-08	224	X	218	4	1.0
2026-11-08	225	X	173	2	1.5
2026-11-08	226	Q	65	4	2.0
2026-11-08	226	W	68	4	1.6
2026-11-08	226	M	74	4	2.3
2026-11-08	226	X	173	2	1.5
2026-11-08	227	K	65	2	3.3
2026-11-08	227	I	113	5	5.5
2026-11-08	227	X	398	2	2.5
2026-11-08	228	T	74	4	3.8
2026-11-08	228	W	76	4	3.6
2026-11-08	228	Q	89	4	4.1
2026-11-08	228	R	97	4	4.0
2026-11-08	228	O	126	8	6.5
2026-11-08	228	X	199	2	3.5
2026-11-08	228	P	707	4	4.2
2026-11-08	229	U	218	2	3.5
2026-11-08	229	U	228	4	3.5
2026-11-08	229	U	240	2	3.5
2026-11-08	229	U	256	3	3.5
2026-11-08	229	J	707	4	4.3
2026-11-08	230	U	94	1	4.6
2026-11-08	230	U	217	2	4.6
2026-11-08	231	U	119	4	4.0
2026-11-08	231	D	142	2	5.6
2026-11-08	232	U	101	4	4.4
2026-11-08	232	P	529	4	4.8
2026-11-08	233	U	85	4	3.5
2026-11-08	233	L	110	4	4.1
2026-11-08	233	K	120	4	4.2
2026-11-08	233	K	618	4	4.2
2026-11-08	234	W	76	4	3.6
2026-11-08	234	R	85	4	4.0
2026-11-08	234	Q	101	4	4.1
2026-11-08	234	N	106	4	4.4
2026-11-08	234	X	199	2	3.5
2026-11-08	234	N	796	4	4.4
2026-11-08	235	N	62	2	3.1
2026-11-08	235	X	398	2	2.5
2026-11-08	236	P	68	4	2.1
2026-11-08	236	M	69	1	2.3
2026-11-08	236	R	74	4	1.9
2026-11-08	236	X	173	2	1.5
2026-11-08	236	P	618	4	2.1
2026-11-08	237	W	63	4	1.0
2026-11-08	237	M	92	4	1.6
2026-11-08	237	X	173	2	1.0
2026-11-08	237	M	707	4	1.6
2026-11-08	238	M	70	6	2.3
2026-11-08	238	X	149	2	1.5
2026-11-08	238	V	214	2	1.6
2026-11-08	238	V	224	4	1.6
2026-11-08	238	V	252	3	1.6
2026-11-08	239	J	70	6	1.8
2026-11-08	239	K	81	6	1.6
2026-11-08	239	5	90	2	3.5
2026-11-08	239	X	149	2	0.5
2026-11-08	240	X	63	6	0.5
2026-11-08	240	W	66	6	0.6
2026-11-08	3	D	2360	2	9.4
2026-11-08	6	D	1916	2	8.4
2026-11-12	10	C	2813	2	9.5
2026-11-12	101	Y	132	4	4.5
2026-11-12	101	Z	156	6	4.5
2026-11-12	101	U	161	2	4.8
2026-11-12	101	S	162	4	4.9
2026-11-12	101	T	169	6	4.8
2026-11-12	101	X	172	2	4.6
2026-11-12	101	M	180	2	5.3
2026-11-12	101	PACKAGE	394	6	7.5
2026-11-12	101	W	707	4	4.7
2026-11-12	104	Y	150	4	4.5
2026-11-12	104	S	162	4	7.5
2026-11-12	104	X	180	2	4.6
2026-11-12	104	P	181	3	4.8
2026-11-12	104	Z	303	2	4.5
2026-11-12	104	P	332	2	4.8
2026-11-12	104	P	342	4	4.8
2026-11-12	104	B	365	5	5.5
2026-11-12	104	K	567	3	4.9
2026-11-12	104	6	613	3	6.3
2026-11-12	104	T	885	4	4.6
2026-11-12	106	R	159	4	5.4
2026-11-12	106	Q	162	4	5.4
2026-11-12	106	Z	172	4	5.0
2026-11-12	106	Y	214	4	4.0
2026-11-12	106	X	225	2	5.1
2026-11-12	106	T	319	4	5.3
2026-11-12	106	C	545	3	7.0
2026-11-12	106	Z	885	4	5.0
2026-11-12	109	Z	380	2	5.5
2026-11-12	109	Z	389	4	5.5
2026-11-12	109	G	416	2	6.7
2026-11-12	109	Z	417	2	5.5
2026-11-12	109	Z	437	3	5.5
2026-11-12	110	N	438	2	5.9
2026-11-12	110	T	505	2	5.6
2026-11-12	111	V	438	4	6.0
2026-11-12	111	H	532	4	6.9
2026-11-12	111	N	571	2	6.4
2026-11-12	111	G	682	2	7.1
2026-11-12	111	Q	1596	4	6.3
2026-11-12	112	T	372	4	5.5
2026-11-12	112	G	549	2	6.4
2026-11-12	112	S	617	2	8.5
2026-11-12	112	S	627	4	8.5
2026-11-12	112	S	674	3	8.5
2026-11-12	112	D	681	2	7.0
2026-11-12	112	J	1685	4	6.2
2026-11-12	113	N	349	2	6.1
2026-11-12	113	L	438	2	6.2
2026-11-12	113	J	460	2	6.4
2026-11-12	113	Z	508	2	5.5
2026-11-12	113	R	639	4	5.9
2026-11-12	113	R	1063	4	5.9
2026-11-12	116	X	143	4	5.1
2026-11-12	116	Y	185	4	5.0
2026-11-12	116	X	236	4	5.1
2026-11-12	116	Z	354	2	5.0
2026-11-12	116	Z	885	4	5.0
2026-11-12	118	T	159	4	4.3
2026-11-12	118	Y	180	5	3.1
2026-11-12	118	M	185	4	4.9
2026-11-12	118	Z	311	2	4.0
2026-11-12	118	F	567	3	6.0
2026-11-12	118	J	885	4	5.5
2026-11-12	118	T	1063	4	4.3
2026-11-12	120	R	180	3	4.6
2026-11-12	120	H	567	3	5.0
2026-11-12	120	3	656	2	6.5
2026-11-12	120	T	658	2	4.5
2026-11-12	120	H	794	4	5.0
2026-11-12	120	S	796	4	4.5
2026-11-12	121	R	131	4	5.1
2026-11-12	121	E	138	2	6.9
2026-11-12	121	T	150	4	7.5
2026-11-12	121	Q	166	2	5.2
2026-11-12	121	S	177	6	7.5
2026-11-12	121	R	303	2	5.1
2026-11-12	121	Q	707	4	5.2
2026-11-12	121	G	796	4	6.2
2026-11-12	122	R	163	4	4.6
2026-11-12	122	A	164	4	5.6
2026-11-12	122	S	173	4	4.5
2026-11-12	122	T	303	2	4.5
2026-11-12	122	T	796	4	4.5
2026-11-12	124	Y	150	4	5.0
2026-11-12	124	X	225	2	5.1
2026-11-12	124	Z	311	2	5.0
2026-11-12	124	X	707	4	5.1
2026-11-12	124	L	821	3	5.4
2026-11-12	124	3	851	3	7.0
2026-11-12	126	Z	371	2	5.0
2026-11-12	126	Z	381	4	5.0
2026-11-12	126	Z	408	2	5.0
2026-11-12	126	Z	427	3	5.0
2026-11-12	126	Y	885	4	5.0
2026-11-12	129	Y	261	4	5.5
2026-11-12	129	N	349	2	6.1
2026-11-12	129	L	368	2	6.2
2026-11-12	129	T	372	2	5.8
2026-11-12	129	Z	385	2	5.5
2026-11-12	129	Z	395	4	5.5
2026-11-12	129	Z	403	2	5.5
2026-11-12	129	Z	442	3	5.5
2026-11-12	129	W	885	4	5.6
2026-11-12	130	G	549	2	6.5
2026-11-12	130	C	802	4	7.4
2026-11-12	130	T	932	2	5.6
2026-11-12	130	M	1418	4	6.0
2026-11-12	131	R	363	4	6.2
2026-11-12	131	U	409	2	6.1
2026-11-12	131	V	438	4	6.0
2026-11-12	131	N	571	2	6.4
2026-11-12	131	G	682	2	7.1
2026-11-12	131	U	1418	4	6.1
2026-11-12	132	N	438	2	5.8
2026-11-12	132	E	883	2	6.8
2026-11-12	132	T	1026	2	5.5
2026-11-12	132	Q	1418	4	5.6
2026-11-12	133	U	365	4	5.7
2026-11-12	133	G	416	2	6.7
2026-11-12	133	Z	480	2	5.5
2026-11-12	133	Z	522	4	5.5
2026-11-12	133	Z	570	3	5.5
2026-11-12	133	U	1063	4	5.7
2026-11-12	133	R	1063	4	5.9
2026-11-12	136	R	181	2	5.4
2026-11-12	136	Y	185	4	5.0
2026-11-12	136	T	216	4	5.3
2026-11-12	136	Z	354	2	5.0
2026-11-12	136	H	497	3	6.0
2026-11-12	136	R	885	4	5.4
2026-11-12	136	Z	885	4	5.0
2026-11-12	138	U	328	2	4.6
2026-11-12	138	U	338	4	4.6
2026-11-12	138	Z	361	2	4.5
2026-11-12	138	U	385	3	4.6
2026-11-12	138	4	681	4	7.5
2026-11-12	138	5	681	2	7.5
2026-11-12	138	X	796	4	4.6
2026-11-12	201	V	50	4	0.6
2026-11-12	201	X	162	2	0.5
2026-11-12	201	X	172	4	0.5
2026-11-12	201	X	178	2	0.5
2026-11-12	201	X	200	3	0.5
2026-11-12	202	X	262	2	0.5
2026-11-12	203	V	50	4	0.6
2026-11-12	203	T	74	6	0.8
2026-11-12	203	S	77	6	0.8
2026-11-12	203	X	149	2	0.5
2026-11-12	203	X	181	4	0.5
2026-11-12	203	X	210	3	0.5
2026-11-12	204	X	298	2	1.5
2026-11-12	205	M	53	4	1.6
2026-11-12	205	W	59	4	1.0
2026-11-12	205	X	173	2	1.0
2026-11-12	205	X	186	4	1.0
2026-11-12	205	X	214	3	1.0
2026-11-12	205	M	529	4	1.6
2026-11-12	206	K	57	6	2.6
2026-11-12	206	M	66	4	2.3
2026-11-12	206	X	173	2	1.5
2026-11-12	207	W	68	4	2.5
2026-11-12	207	Q	89	4	2.9
2026-11-12	207	O	151	5	5.5
2026-11-12	207	X	199	2	2.5
2026-11-12	207	Q	707	4	2.9
2026-11-12	208	R	88	4	4.0
2026-11-12	208	X	180	2	3.5
2026-11-12	208	X	190	4	3.5
2026-11-12	208	X	199	2	3.5
2026-11-12	208	X	218	3	3.5
2026-11-12	208	K	529	4	4.8
2026-11-12	209	W	85	4	3.5
2026-11-12	209	X	199	2	3.5
2026-11-12	210	X	433	2	4.0
2026-11-12	211	W	123	4	4.0
2026-11-12	211	X	244	2	4.0
2026-11-12	212	X	218	2	4.0
2026-11-12	212	X	228	4	4.0
2026-11-12	212	X	240	2	4.0
2026-11-12	213	W	85	4	3.5
2026-11-12	213	X	199	2	3.5
2026-11-12	214	N	88	3	4.4
2026-11-12	214	X	199	2	3.5
2026-11-12	214	N	707	4	4.4
2026-11-12	215	I	53	2	5.5
2026-11-12	215	W	68	4	2.5
2026-11-12	215	E	147	3	4.1
2026-11-12	215	M	168	5	3.1
2026-11-12	215	X	437	2	2.5
2026-11-12	216	M	52	2	2.3
2026-11-12	216	W	63	4	1.6
2026-11-12	216	M	81	4	2.3
2026-11-12	216	X	173	2	1.5
2026-11-12	216	X	181	4	1.5
2026-11-12	216	X	210	3	1.5
2026-11-12	216	M	618	4	2.3
2026-11-12	217	L	61	6	2.2
2026-11-12	217	C	126	3	3.4
2026-11-12	217	X	173	2	1.5
2026-11-12	218	W	55	1	1.1
2026-11-12	218	X	58	6	1.0
2026-11-12	218	X	61	6	1.0
2026-11-12	218	L	63	6	2.0
2026-11-12	218	W	63	6	1.1
2026-11-12	219	R	79	6	0.9
2026-11-12	219	X	167	2	0.5
2026-11-12	219	X	176	4	0.5
2026-11-12	219	X	183	2	0.5
2026-11-12	219	X	205	3	0.5
2026-11-12	220	V	50	4	0.6
2026-11-12	220	X	131	2	0.5
2026-11-12	221	X	60	6	0.5
2026-11-12	221	W	68	6	0.5
2026-11-12	222	V	50	4	0.6
2026-11-12	222	X	57	6	0.5
2026-11-12	222	W	71	6	0.6
2026-11-12	223	K	69	6	1.6
2026-11-12	223	X	149	2	0.5
2026-11-12	224	W	55	4	1.1
2026-11-12	224	X	180	2	1.0
2026-11-12	224	X	190	4	1.0
2026-11-12	224	X	198	2	1.0
2026-11-12	224	X	218	3	1.0
2026-11-12	225	X	173	2	1.5
2026-11-12	226	Q	53	4	2.0
2026-11-12	226	M	60	9	2.3
2026-11-12	226	W	63	4	1.6
2026-11-12	226	X	173	2	1.5
2026-11-12	227	K	53	4	3.3
2026-11-12	227	I	176	5	5.5
2026-11-12	227	X	398	2	2.5
2026-11-12	228	W	72	4	3.6
2026-11-12	228	T	88	4	3.8
2026-11-12	228	Q	101	4	4.1
2026-11-12	228	R	106	4	4.0
2026-11-12	228	P	161	4	4.2
2026-11-12	228	O	197	8	6.5
2026-11-12	228	X	199	2	3.5
2026-11-12	228	P	707	4	4.2
2026-11-12	229	K	96	4	4.2
2026-11-12	229	J	114	4	4.3
2026-11-12	229	U	190	2	3.5
2026-11-12	229	U	199	4	3.5
2026-11-12	229	U	199	2	3.5
2026-11-12	229	U	228	3	3.5
2026-11-12	229	J	707	4	4.3
2026-11-12	230	U	105	4	4.6
2026-11-12	231	U	123	4	4.0
2026-11-12	232	U	105	4	4.4
2026-11-12	232	P	529	4	4.8
2026-11-12	233	L	84	4	4.1
2026-11-12	233	K	110	4	4.2
2026-11-12	233	U	199	2	3.5
2026-11-12	233	K	618	4	4.2
2026-11-12	234	W	72	4	3.6
2026-11-12	234	R	97	4	4.0
2026-11-12	234	Q	115	4	4.1
2026-11-12	234	N	120	4	4.4
2026-11-12	234	T	129	4	3.8
2026-11-12	234	X	199	2	3.5
2026-11-12	234	N	796	4	4.4
2026-11-12	235	N	52	4	3.1
2026-11-12	235	X	220	2	2.5
2026-11-12	236	M	56	4	2.3
2026-11-12	236	P	58	4	2.1
2026-11-12	236	R	64	4	1.9
2026-11-12	236	X	173	2	1.5
2026-11-12	236	P	618	4	2.1
2026-11-12	237	W	59	4	1.0
2026-11-12	237	M	77	4	1.6
2026-11-12	237	X	173	2	1.0
2026-11-12	237	M	707	4	1.6
2026-11-12	238	M	58	6	2.3
2026-11-12	238	X	149	2	1.5
2026-11-12	238	V	186	2	1.6
2026-11-12	238	V	195	4	1.6
2026-11-12	238	V	224	3	1.6
2026-11-12	239	V	50	4	0.6
2026-11-12	239	J	58	6	1.8
2026-11-12	239	K	66	6	1.6
2026-11-12	239	X	149	2	0.5
2026-11-12	240	X	63	6	0.5
2026-11-12	240	W	65	6	0.6
2026-11-12	3	D	2369	2	9.4
2026-11-12	6	D	1925	2	8.4
2026-11-14	10	C	2807	2	9.5
2026-11-14	101	S	156	4	4.9
2026-11-14	101	V	171	6	4.7
2026-11-14	101	Q	175	6	5.1
2026-11-14	101	M	190	6	5.3
2026-11-14	101	Z	233	2	4.5
2026-11-14	101	Z	252	4	4.5
2026-11-14	101	Z	300	3	4.5
2026-11-14	101	Z	303	2	4.5
2026-11-14	101	W	707	4	4.7
2026-11-14	104	Y	158	1	4.5
2026-11-14	104	S	160	4	7.5
2026-11-14	104	P	185	5	4.8
2026-11-14	104	Z	303	2	4.5
2026-11-14	104	P	323	4	4.8
2026-11-14	104	3	754	5	6.5
2026-11-14	104	T	885	4	4.6
2026-11-14	106	Q	156	4	5.4
2026-11-14	106	Z	193	4	5.0
2026-11-14	106	X	241	5	4.1
2026-11-14	106	R	329	4	5.4
2026-11-14	106	C	516	3	7.0
2026-11-14	106	Z	885	4	5.0
2026-11-14	109	Y	260	4	5.5
2026-11-14	109	Z	408	2	5.5
2026-11-14	109	G	411	2	6.7
2026-11-14	109	Z	418	4	5.5
2026-11-14	109	Z	449	2	5.5
2026-11-14	109	Z	465	3	5.5
2026-11-14	109	A	479	4	8.5
2026-11-14	110	N	433	2	5.9
2026-11-14	110	T	499	2	5.6
2026-11-14	111	P	360	4	6.4
2026-11-14	111	V	433	4	6.0
2026-11-14	111	N	566	2	6.4
2026-11-14	111	G	677	2	7.1
2026-11-14	111	Q	1596	4	6.3
2026-11-14	112	T	366	4	5.5
2026-11-14	112	G	544	2	6.4
2026-11-14	112	S	598	2	8.5
2026-11-14	112	S	608	4	8.5
2026-11-14	112	S	655	3	8.5
2026-11-14	112	PACKAGE	811	4	8.5
2026-11-14	112	C	1215	4	7.3
2026-11-14	112	J	1685	4	6.2
2026-11-14	113	T	267	2	5.8
2026-11-14	113	N	344	2	6.1
2026-11-14	113	Z	397	2	5.5
2026-11-14	113	R	489	4	5.9
2026-11-14	113	D	681	2	7.2
2026-11-14	113	R	1063	4	5.9
2026-11-14	116	Y	184	4	5.0
2026-11-14	116	X	214	4	5.1
2026-11-14	116	Z	354	2	5.0
2026-11-14	116	Z	885	4	5.0
2026-11-14	118	Y	158	1	4.1
2026-11-14	118	M	185	4	4.9
2026-11-14	118	Y	185	5	3.1
2026-11-14	118	X	185	6	4.1
2026-11-14	118	T	189	4	4.3
2026-11-14	118	Z	311	2	4.0
2026-11-14	118	J	885	4	5.5
2026-11-14	118	T	1063	4	4.3
2026-11-14	120	A	528	3	5.6
2026-11-14	120	S	796	4	4.5
2026-11-14	120	H	866	4	5.0
2026-11-14	120	T	971	2	4.5
2026-11-14	121	R	157	4	5.1
2026-11-14	121	T	158	4	7.5
2026-11-14	121	Q	171	4	5.2
2026-11-14	121	R	303	2	5.1
2026-11-14	121	PACKAGE	443	6	7.5
2026-11-14	121	Q	707	4	5.2
2026-11-14	121	G	796	4	6.2
2026-11-14	122	R	156	2	4.6
2026-11-14	122	K	282	5	4.9
2026-11-14	122	C	503	5	5.4
2026-11-14	122	T	584	2	4.5
2026-11-14	122	A	746	4	5.6
2026-11-14	122	T	796	4	4.5
2026-11-14	124	Y	158	3	5.0
2026-11-14	124	Y	184	4	5.0
2026-11-14	124	Y	195	6	5.0
2026-11-14	124	Z	311	2	5.0
2026-11-14	124	5	516	3	6.6
2026-11-14	124	X	707	4	5.1
2026-11-14	124	L	748	3	5.4
2026-11-14	124	4	851	4	6.8
2026-11-14	126	Z	352	2	5.0
2026-11-14	126	Z	362	4	5.0
2026-11-14	126	Z	387	2	5.0
2026-11-14	126	Z	409	3	5.0
2026-11-14	126	C	503	3	7.0
2026-11-14	126	Y	885	4	5.0
2026-11-14	129	Y	260	4	5.5
2026-11-14	129	N	344	2	6.1
2026-11-14	129	T	356	2	5.8
2026-11-14	129	Z	366	2	5.5
2026-11-14	129	Z	376	4	5.5
2026-11-14	129	L	392	2	6.2
2026-11-14	129	Z	397	2	5.5
2026-11-14	129	Z	423	3	5.5
2026-11-14	129	C	503	2	7.5
2026-11-14	129	W	885	4	5.6
2026-11-14	130	T	451	2	5.6
2026-11-14	130	G	544	2	6.5
2026-11-14	130	T	627	2	5.6
2026-11-14	130	M	1418	4	6.0
2026-11-14	131	V	433	4	6.0
2026-11-14	131	N	566	2	6.4
2026-11-14	131	G	677	2	7.1
2026-11-14	131	U	1418	4	6.1
2026-11-14	131	F	1653	2	7.2
2026-11-14	132	T	366	4	5.5
2026-11-14	132	N	433	2	5.8
2026-11-14	132	E	875	6	6.8
2026-11-14	132	PACKAGE	934	4	8.5
2026-11-14	132	Q	1418	4	5.6
2026-11-14	133	U	267	4	5.7
2026-11-14	133	G	411	2	6.7
2026-11-14	133	Z	446	2	5.5
2026-11-14	133	Z	456	4	5.5
2026-11-14	133	Z	473	2	5.5
2026-11-14	133	Z	503	3	5.5
2026-11-14	133	R	1063	4	5.9
2026-11-14	133	U	1063	4	5.7
2026-11-14	136	Y	219	2	4.0
2026-11-14	136	H	459	3	6.0
2026-11-14	136	Z	885	4	5.0
2026-11-14	136	R	885	4	5.4
2026-11-14	138	K	253	3	5.0
2026-11-14	138	U	309	2	4.6
2026-11-14	138	U	319	4	4.6
2026-11-14	138	Z	340	2	4.5
2026-11-14	138	U	366	3	4.6
2026-11-14	138	3	754	6	6.5
2026-11-14	138	X	796	4	4.6
2026-11-14	201	X	190	2	0.5
2026-11-14	201	X	199	4	0.5
2026-11-14	201	X	208	2	0.5
2026-11-14	201	X	228	3	0.5
2026-11-14	202	X	262	2	0.5
2026-11-14	203	V	58	4	0.6
2026-11-14	203	X	200	2	0.5
2026-11-14	203	X	210	4	0.5
2026-11-14	203	X	220	2	0.5
2026-11-14	203	X	238	3	0.5
2026-11-14	204	T	82	6	1.8
2026-11-14	204	R	112	6	1.9
2026-11-14	204	X	149	2	1.5
2026-11-14	205	M	63	4	1.6
2026-11-14	205	W	67	4	1.0
2026-11-14	205	T	75	6	1.2
2026-11-14	205	R	105	6	1.3
2026-11-14	205	X	173	2	1.0
2026-11-14	205	X	214	4	1.0
2026-11-14	205	X	243	3	1.0
2026-11-14	205	M	529	4	1.6
2026-11-14	206	T	85	6	1.8
2026-11-14	206	K	111	6	2.6
2026-11-14	206	R	116	6	1.9
2026-11-14	206	X	173	2	1.5
2026-11-14	207	W	75	4	2.5
2026-11-14	207	Q	85	4	2.9
2026-11-14	207	O	138	5	5.5
2026-11-14	207	X	199	2	2.5
2026-11-14	207	Q	707	4	2.9
2026-11-14	208	R	124	4	4.0
2026-11-14	208	X	209	2	3.5
2026-11-14	208	X	218	4	3.5
2026-11-14	208	X	229	2	3.5
2026-11-14	208	X	247	3	3.5
2026-11-14	208	K	529	4	4.8
2026-11-14	209	W	97	4	3.5
2026-11-14	209	X	199	2	3.5
2026-11-14	210	X	433	2	4.0
2026-11-14	211	W	135	4	4.0
2026-11-14	211	X	244	2	4.0
2026-11-14	212	X	218	2	4.0
2026-11-14	212	X	228	4	4.0
2026-11-14	212	X	240	2	4.0
2026-11-14	213	W	97	3	3.5
2026-11-14	213	X	199	2	3.5
2026-11-14	214	N	124	4	4.4
2026-11-14	214	X	199	2	3.5
2026-11-14	214	N	707	4	4.4
2026-11-14	215	W	75	4	2.5
2026-11-14	215	I	103	2	5.5
2026-11-14	215	E	130	3	4.1
2026-11-14	215	M	155	5	3.1
2026-11-14	215	X	437	2	2.5
2026-11-14	216	M	70	2	2.3
2026-11-14	216	W	71	4	1.6
2026-11-14	216	M	76	4	2.3
2026-11-14	216	R	119	6	1.9
2026-11-14	216	X	173	2	1.5
2026-11-14	216	X	210	4	1.5
2026-11-14	216	X	238	3	1.5
2026-11-14	216	M	618	4	2.3
2026-11-14	217	S	98	6	1.8
2026-11-14	217	C	101	3	3.4
2026-11-14	217	X	173	2	1.5
2026-11-14	218	W	63	2	1.1
2026-11-14	218	V	72	6	1.1
2026-11-14	218	S	102	6	1.3
2026-11-14	218	X	149	2	1.0
2026-11-14	219	R	68	6	0.9
2026-11-14	219	X	195	2	0.5
2026-11-14	219	X	205	4	0.5
2026-11-14	219	X	214	2	0.5
2026-11-14	219	X	233	3	0.5
2026-11-14	220	X	131	2	0.5
2026-11-14	221	X	131	2	0.5
2026-11-14	222	X	131	2	0.5
2026-11-14	223	H	115	6	2.1
2026-11-14	223	X	149	2	0.5
2026-11-14	224	W	63	4	1.1
2026-11-14	224	W	68	6	1.1
2026-11-14	224	T	89	6	1.2
2026-11-14	224	X	114	8	1.0
2026-11-14	224	R	123	6	1.4
2026-11-14	225	T	79	6	1.7
2026-11-14	225	R	109	6	1.8
2026-11-14	225	X	173	2	1.5
2026-11-14	226	Q	68	4	2.0
2026-11-14	226	W	71	4	1.6
2026-11-14	226	M	79	1	2.3
2026-11-14	226	M	81	4	2.3
2026-11-14	226	T	95	6	1.8
2026-11-14	226	R	126	6	1.9
2026-11-14	226	X	173	2	1.5
2026-11-14	226	M	707	4	2.3
2026-11-14	227	K	103	4	3.3
2026-11-14	227	I	164	5	5.5
2026-11-14	227	X	398	2	2.5
2026-11-14	228	W	84	4	3.6
2026-11-14	228	Q	97	2	4.1
2026-11-14	228	R	101	4	4.0
2026-11-14	228	T	114	4	3.8
2026-11-14	228	O	176	8	6.5
2026-11-14	228	X	199	2	3.5
2026-11-14	228	P	707	4	4.2
2026-11-14	229	K	120	4	4.2
2026-11-14	229	J	124	4	4.3
2026-11-14	229	U	199	2	3.5
2026-11-14	229	U	228	4	3.5
2026-11-14	229	U	256	3	3.5
2026-11-14	229	J	707	4	4.3
2026-11-14	230	U	118	4	4.6
2026-11-14	231	U	135	4	4.0
2026-11-14	231	J	138	2	4.8
2026-11-14	231	D	140	2	5.6
2026-11-14	232	U	118	4	4.4
2026-11-14	232	P	529	4	4.8
2026-11-14	233	L	114	4	4.1
2026-11-14	233	K	120	4	4.2
2026-11-14	233	U	199	2	3.5
2026-11-14	233	K	618	4	4.2
2026-11-14	234	W	84	4	3.6
2026-11-14	234	R	89	4	4.0
2026-11-14	234	Q	110	4	4.1
2026-11-14	234	N	120	4	4.4
2026-11-14	234	X	199	2	3.5
2026-11-14	234	N	796	4	4.4
2026-11-14	235	N	72	4	3.1
2026-11-14	235	X	220	2	2.5
2026-11-14	236	P	69	4	2.1
2026-11-14	236	M	75	4	2.3
2026-11-14	236	R	76	4	1.9
2026-11-14	236	X	173	2	1.5
2026-11-14	236	P	618	4	2.1
2026-11-14	237	W	67	4	1.0
2026-11-14	237	M	94	4	1.6
2026-11-14	237	X	173	2	1.0
2026-11-14	237	M	707	4	1.6
2026-11-14	238	M	103	4	2.3
2026-11-14	238	V	214	2	1.6
2026-11-14	238	V	224	4	1.6
2026-11-14	238	X	235	2	1.5
2026-11-14	238	V	252	3	1.6
2026-11-14	238	M	796	4	2.3
2026-11-14	239	V	58	4	0.6
2026-11-14	239	X	149	2	0.5
2026-11-14	240	X	262	2	0.5
2026-11-14	3	D	2364	2	9.4
2026-11-14	6	D	1920	2	8.4
2026-11-16	10	C	2763	2	9.5
2026-11-16	101	S	103	4	4.9
2026-11-16	101	Y	109	1	4.5
2026-11-16	101	Y	112	6	4.5
2026-11-16	101	U	112	4	4.8
2026-11-16	101	Q	123	2	5.1
2026-11-16	101	Z	233	2	4.5
2026-11-16	101	Z	243	4	4.5
2026-11-16	101	Z	290	3	4.5
2026-11-16	101	W	707	4	4.7
2026-11-16	104	S	103	4	7.5
2026-11-16	104	Y	127	4	4.5
2026-11-16	104	L	135	3	4.9
2026-11-16	104	P	233	2	4.8
2026-11-16	104	P	243	4	4.8
2026-11-16	104	P	290	3	4.8
2026-11-16	104	Z	303	2	4.5
2026-11-16	104	B	336	5	5.5
2026-11-16	104	6	632	3	6.3
2026-11-16	104	T	885	4	4.6
2026-11-16	106	R	101	4	5.4
2026-11-16	106	Q	103	4	5.4
2026-11-16	106	Y	123	4	4.0
2026-11-16	106	Z	139	4	5.0
2026-11-16	106	F	287	1	6.3
2026-11-16	106	F	302	3	6.3
2026-11-16	106	C	428	3	7.0
2026-11-16	106	Z	885	4	5.0
2026-11-16	109	Y	215	4	5.5
2026-11-16	109	K	287	3	6.3
2026-11-16	109	A	305	4	8.5
2026-11-16	109	Z	332	2	5.5
2026-11-16	109	Z	342	4	5.5
2026-11-16	109	Z	356	2	5.5
2026-11-16	109	G	366	2	6.7
2026-11-16	109	Z	389	3	5.5
2026-11-16	110	N	388	2	5.9
2026-11-16	110	T	448	2	5.6
2026-11-16	111	H	271	4	6.9
2026-11-16	111	K	287	2	6.7
2026-11-16	111	P	287	4	6.4
2026-11-16	111	V	388	4	6.0
2026-11-16	111	N	522	2	6.4
2026-11-16	111	G	633	2	7.1
2026-11-16	111	Q	1596	4	6.3
2026-11-16	112	T	322	4	5.5
2026-11-16	112	C	428	4	7.3
2026-11-16	112	G	499	2	6.4
2026-11-16	112	S	522	2	8.5
2026-11-16	112	S	532	4	8.5
2026-11-16	112	S	585	3	8.5
2026-11-16	112	J	1685	4	6.2
2026-11-16	113	T	223	2	5.8
2026-11-16	113	R	268	4	5.9
2026-11-16	113	H	287	2	6.5
2026-11-16	113	N	300	2	6.1
2026-11-16	113	J	331	2	6.4
2026-11-16	113	Z	367	2	5.5
2026-11-16	113	R	1063	4	5.9
2026-11-16	116	X	96	4	5.1
2026-11-16	116	Y	112	4	4.0
2026-11-16	116	Y	158	4	5.0
2026-11-16	116	Z	354	2	5.0
2026-11-16	116	Z	885	4	5.0
2026-11-16	118	Y	112	5	3.1
2026-11-16	118	T	113	4	4.3
2026-11-16	118	X	118	6	4.1
2026-11-16	118	M	239	3	4.9
2026-11-16	118	Z	311	2	4.0
2026-11-16	118	J	885	4	5.5
2026-11-16	118	T	1063	4	4.3
2026-11-16	120	H	268	4	5.0
2026-11-16	120	A	352	3	5.6
2026-11-16	120	T	408	2	4.5
2026-11-16	120	S	796	4	4.5
2026-11-16	121	R	95	4	5.1
2026-11-16	121	T	103	4	7.5
2026-11-16	121	P	112	6	5.3
2026-11-16	121	S	118	3	7.5
2026-11-16	121	T	127	4	7.5
2026-11-16	121	Q	129	4	5.2
2026-11-16	121	R	303	2	5.1
2026-11-16	121	Q	707	4	5.2
2026-11-16	121	G	796	4	6.2
2026-11-16	122	R	103	4	4.6
2026-11-16	122	C	320	5	5.4
2026-11-16	122	A	688	2	5.6
2026-11-16	122	T	772	2	4.5
2026-11-16	122	T	796	4	4.5
2026-11-16	124	Y	108	4	5.0
2026-11-16	124	X	112	4	5.1
2026-11-16	124	Y	112	4	5.0
2026-11-16	124	Y	127	4	5.0
2026-11-16	124	L	225	3	5.4
2026-11-16	124	F	284	4	5.6
2026-11-16	124	Z	311	2	5.0
2026-11-16	124	PACKAGE	320	6	8.0
2026-11-16	124	X	707	4	5.1
2026-11-16	124	3	851	3	7.0
2026-11-16	126	Y	118	5	5.0
2026-11-16	126	Z	347	2	5.0
2026-11-16	126	Z	356	4	5.0
2026-11-16	126	Z	382	2	5.0
2026-11-16	126	Z	404	3	5.0
2026-11-16	126	Y	885	4	5.0
2026-11-16	129	Y	215	4	5.5
2026-11-16	129	T	228	2	5.8
2026-11-16	129	L	258	2	6.2
2026-11-16	129	Y	262	5	4.5
2026-11-16	129	N	300	2	6.1
2026-11-16	129	Z	367	2	5.5
2026-11-16	129	Z	384	4	5.5
2026-11-16	129	Z	433	3	5.5
2026-11-16	129	W	885	4	5.6
2026-11-16	130	D	380	2	7.1
2026-11-16	130	C	449	4	7.4
2026-11-16	130	G	499	2	6.5
2026-11-16	130	T	522	2	5.6
2026-11-16	130	M	1418	4	6.0
2026-11-16	131	R	268	4	6.2
2026-11-16	131	M	287	4	6.5
2026-11-16	131	U	331	2	6.1
2026-11-16	131	V	388	4	6.0
2026-11-16	131	N	522	2	6.4
2026-11-16	131	G	633	2	7.1
2026-11-16	131	U	1418	4	6.1
2026-11-16	132	T	322	4	5.5
2026-11-16	132	N	388	2	5.8
2026-11-16	132	D	398	4	7.0
2026-11-16	132	Q	1418	4	5.6
2026-11-16	133	U	223	4	5.7
2026-11-16	133	Z	249	2	4.5
2026-11-16	133	V	249	2	4.7
2026-11-16	133	G	366	2	6.7
2026-11-16	133	Z	381	4	5.5
2026-11-16	133	Z	407	2	5.5
2026-11-16	133	Z	428	3	5.5
2026-11-16	133	U	1063	4	5.7
2026-11-16	133	R	1063	4	5.9
2026-11-16	136	R	114	2	5.4
2026-11-16	136	Y	158	3	5.0
2026-11-16	136	H	275	3	6.0
2026-11-16	136	Z	354	2	5.0
2026-11-16	136	Z	885	4	5.0
2026-11-16	136	R	885	4	5.4
2026-11-16	138	U	267	2	4.6
2026-11-16	138	U	276	4	4.6
2026-11-16	138	Z	303	2	4.5
2026-11-16	138	U	324	3	4.6
2026-11-16	138	4	695	4	7.5
2026-11-16	138	X	796	4	4.6
2026-11-16	201	V	41	4	0.6
2026-11-16	201	V	58	6	0.6
2026-11-16	201	U	62	6	0.6
2026-11-16	201	X	131	2	0.5
2026-11-16	201	X	204	4	0.5
2026-11-16	201	X	233	3	0.5
2026-11-16	202	X	262	2	0.5
2026-11-16	203	V	41	4	0.6
2026-11-16	203	F	97	6	2.8
2026-11-16	203	X	149	2	0.5
2026-11-16	203	X	214	4	0.5
2026-11-16	203	X	243	3	0.5
2026-11-16	204	X	298	2	1.5
2026-11-16	205	M	44	4	1.6
2026-11-16	205	W	50	4	1.0
2026-11-16	205	X	60	6	1.0
2026-11-16	205	M	529	4	1.6
2026-11-16	206	M	69	4	2.3
2026-11-16	206	K	81	6	2.6
2026-11-16	206	X	173	2	1.5
2026-11-16	207	W	58	4	2.5
2026-11-16	207	Q	76	4	2.9
2026-11-16	207	O	113	5	5.5
2026-11-16	207	X	199	2	2.5
2026-11-16	207	Q	707	4	2.9
2026-11-16	208	R	84	4	4.0
2026-11-16	208	X	157	2	3.5
2026-11-16	208	X	167	4	3.5
2026-11-16	208	X	195	3	3.5
2026-11-16	208	K	529	4	4.8
2026-11-16	209	W	75	4	3.5
2026-11-16	209	X	199	2	3.5
2026-11-16	210	X	433	2	4.0
2026-11-16	211	W	104	4	4.0
2026-11-16	211	X	244	2	4.0
2026-11-16	212	X	176	2	4.0
2026-11-16	212	X	185	4	4.0
2026-11-16	212	X	214	3	4.0
2026-11-16	213	W	75	4	3.5
2026-11-16	213	X	199	2	3.5
2026-11-16	214	X	199	2	3.5
2026-11-16	214	N	707	4	4.4
2026-11-16	215	S	52	6	2.8
2026-11-16	215	W	58	4	2.5
2026-11-16	215	I	75	2	5.5
2026-11-16	215	E	109	3	4.1
2026-11-16	215	M	130	5	3.1
2026-11-16	215	X	199	2	2.5
2026-11-16	216	W	54	4	1.6
2026-11-16	216	X	55	6	1.5
2026-11-16	216	X	65	6	1.5
2026-11-16	216	M	67	3	2.3
2026-11-16	216	M	618	4	2.3
2026-11-16	217	W	68	6	1.5
2026-11-16	217	U	73	6	1.6
2026-11-16	217	C	97	3	3.4
2026-11-16	217	X	173	2	1.5
2026-11-16	218	W	45	4	1.1
2026-11-16	218	W	71	6	1.1
2026-11-16	218	X	149	2	1.0
2026-11-16	219	R	74	6	0.9
2026-11-16	219	X	153	2	0.5
2026-11-16	219	X	157	4	0.5
2026-11-16	219	X	167	2	0.5
2026-11-16	219	X	190	3	0.5
2026-11-16	220	V	41	2	0.6
2026-11-16	220	R	77	6	1.0
2026-11-16	220	X	131	2	0.5
2026-11-16	221	X	131	2	0.5
2026-11-16	222	V	41	4	0.6
2026-11-16	222	X	48	6	0.5
2026-11-16	222	W	53	6	0.6
2026-11-16	223	X	51	6	0.5
2026-11-16	223	W	55	6	0.6
2026-11-16	223	V	60	6	0.6
2026-11-16	224	W	45	4	1.1
2026-11-16	224	X	52	6	1.0
2026-11-16	224	N	60	6	1.7
2026-11-16	224	X	63	6	1.0
2026-11-16	224	X	70	8	1.0
2026-11-16	225	N	58	6	2.0
2026-11-16	225	X	58	6	1.5
2026-11-16	225	M	63	6	2.1
2026-11-16	226	Q	44	4	2.0
2026-11-16	226	M	49	9	2.3
2026-11-16	226	W	54	4	1.6
2026-11-16	226	X	173	2	1.5
2026-11-16	227	K	75	4	3.3
2026-11-16	227	I	138	5	5.5
2026-11-16	227	X	398	2	2.5
2026-11-16	228	W	63	4	3.6
2026-11-16	228	T	65	4	3.8
2026-11-16	228	Q	85	4	4.1
2026-11-16	228	R	89	4	4.0
2026-11-16	228	O	155	8	6.5
2026-11-16	228	X	199	2	3.5
2026-11-16	228	P	707	4	4.2
2026-11-16	229	K	88	4	4.2
2026-11-16	229	J	96	4	4.3
2026-11-16	229	U	172	2	3.5
2026-11-16	229	U	176	4	3.5
2026-11-16	229	U	199	2	3.5
2026-11-16	229	U	205	3	3.5
2026-11-16	229	J	707	4	4.3
2026-11-16	230	U	88	4	4.6
2026-11-16	231	D	89	4	5.6
2026-11-16	231	U	244	2	4.0
2026-11-16	232	U	88	4	4.4
2026-11-16	232	P	529	4	4.8
2026-11-16	233	L	84	4	4.1
2026-11-16	233	K	88	4	4.2
2026-11-16	233	U	199	2	3.5
2026-11-16	233	K	618	4	4.2
2026-11-16	234	W	63	4	3.6
2026-11-16	234	R	81	4	4.0
2026-11-16	234	Q	101	4	4.1
2026-11-16	234	N	106	4	4.4
2026-11-16	234	X	199	2	3.5
2026-11-16	234	N	796	4	4.4
2026-11-16	235	N	50	4	3.1
2026-11-16	235	X	398	2	2.5
2026-11-16	236	M	45	4	2.3
2026-11-16	236	P	48	4	2.1
2026-11-16	236	R	53	4	1.9
2026-11-16	236	X	173	2	1.5
2026-11-16	236	P	618	4	2.1
2026-11-16	237	W	50	4	1.0
2026-11-16	237	N	55	6	1.5
2026-11-16	237	M	64	4	1.6
2026-11-16	237	X	173	2	1.0
2026-11-16	237	M	707	4	1.6
2026-11-16	238	M	71	4	2.3
2026-11-16	238	V	167	2	1.6
2026-11-16	238	V	172	4	1.6
2026-11-16	238	X	183	2	1.5
2026-11-16	238	V	200	3	1.6
2026-11-16	238	M	796	4	2.3
2026-11-16	239	V	41	4	0.6
2026-11-16	239	T	67	6	0.8
2026-11-16	239	S	72	6	0.8
2026-11-16	239	G	90	6	2.4
2026-11-16	239	X	149	2	0.5
2026-11-16	240	T	65	6	0.8
2026-11-16	240	S	70	6	0.9
2026-11-16	240	X	131	2	0.5
2026-11-16	3	D	2319	2	9.4
2026-11-16	6	D	1875	2	8.4
2026-11-17	10	C	2826	2	9.5
2026-11-17	101	Y	109	4	4.5
2026-11-17	101	Y	122	6	4.5
2026-11-17	101	U	127	4	4.8
2026-11-17	101	S	133	4	4.9
2026-11-17	101	Q	139	2	5.1
2026-11-17	101	Z	233	2	4.5
2026-11-17	101	Z	243	4	4.5
2026-11-17	101	Z	290	3	4.5
2026-11-17	101	W	707	4	4.7
2026-11-17	104	Y	127	4	4.5
2026-11-17	104	S	136	4	7.5
2026-11-17	104	L	152	3	4.9
2026-11-17	104	P	233	2	4.8
2026-11-17	104	P	243	4	4.8
2026-11-17	104	P	290	3	4.8
2026-11-17	104	Z	303	2	4.5
2026-11-17	104	B	336	5	5.5
2026-11-17	104	6	618	3	6.3
2026-11-17	104	T	885	4	4.6
2026-11-17	106	Q	133	4	5.4
2026-11-17	106	Z	135	4	5.0
2026-11-17	106	Y	139	4	4.0
2026-11-17	106	R	161	4	5.4
2026-11-17	106	S	174	4	5.3
2026-11-17	106	F	287	1	6.3
2026-11-17	106	F	302	3	6.3
2026-11-17	106	Z	885	4	5.0
2026-11-17	109	Y	184	4	5.5
2026-11-17	109	K	287	3	6.3
2026-11-17	109	A	305	4	8.5
2026-11-17	109	Z	332	2	5.5
2026-11-17	109	G	335	2	6.7
2026-11-17	109	Z	342	4	5.5
2026-11-17	109	Z	356	2	5.5
2026-11-17	109	Z	389	3	5.5
2026-11-17	110	N	357	2	5.9
2026-11-17	110	T	412	2	5.6
2026-11-17	111	H	271	2	6.9
2026-11-17	111	P	277	4	6.4
2026-11-17	111	V	357	4	6.0
2026-11-17	111	N	491	2	6.4
2026-11-17	111	G	601	2	7.1
2026-11-17	111	Q	1596	4	6.3
2026-11-17	112	S	291	4	8.5
2026-11-17	112	C	428	4	7.3
2026-11-17	112	G	468	2	6.4
2026-11-17	112	T	497	2	5.5
2026-11-17	112	J	1685	4	6.2
2026-11-17	113	T	193	2	5.8
2026-11-17	113	N	269	2	6.1
2026-11-17	113	R	274	4	5.9
2026-11-17	113	H	287	2	6.5
2026-11-17	113	Z	367	2	5.5
2026-11-17	113	D	584	2	7.2
2026-11-17	113	R	1063	4	5.9
2026-11-17	116	X	96	4	5.1
2026-11-17	116	Y	127	4	4.0
2026-11-17	116	Y	149	4	5.0
2026-11-17	116	Z	354	2	5.0
2026-11-17	116	Z	885	4	5.0
2026-11-17	118	Y	133	5	3.1
2026-11-17	118	T	135	4	4.3
2026-11-17	118	X	146	6	4.1
2026-11-17	118	M	209	4	4.9
2026-11-17	118	M	214	3	4.9
2026-11-17	118	Z	311	2	4.0
2026-11-17	118	J	885	4	5.5
2026-11-17	118	T	1063	4	4.3
2026-11-17	120	H	311	4	5.0
2026-11-17	120	A	352	3	5.6
2026-11-17	120	T	408	2	4.5
2026-11-17	120	S	796	4	4.5
2026-11-17	121	R	93	4	5.1
2026-11-17	121	T	127	4	7.5
2026-11-17	121	S	133	3	7.5
2026-11-17	121	Q	146	4	5.2
2026-11-17	121	P	161	6	5.3
2026-11-17	121	R	303	2	5.1
2026-11-17	121	PACKAGE	320	6	7.5
2026-11-17	121	Q	707	4	5.2
2026-11-17	121	G	796	4	6.2
2026-11-17	122	R	133	4	4.6
2026-11-17	122	C	320	5	5.4
2026-11-17	122	A	424	4	5.6
2026-11-17	122	T	475	2	4.5
2026-11-17	122	T	796	4	4.5
2026-11-17	124	Z	96	2	5.0
2026-11-17	124	Y	127	4	5.0
2026-11-17	124	Y	127	4	5.0
2026-11-17	124	X	139	6	5.1
2026-11-17	124	L	274	3	5.4
2026-11-17	124	Z	311	2	5.0
2026-11-17	124	4	428	4	6.8
2026-11-17	124	3	449	3	7.0
2026-11-17	126	Y	133	5	5.0
2026-11-17	126	Z	347	2	5.0
2026-11-17	126	Z	356	4	5.0
2026-11-17	126	Z	382	2	5.0
2026-11-17	126	Z	404	3	5.0
2026-11-17	126	Y	885	4	5.0
2026-11-17	129	Y	184	4	5.5
2026-11-17	129	T	197	2	5.8
2026-11-17	129	Y	226	5	4.5
2026-11-17	129	L	258	2	6.2
2026-11-17	129	N	269	2	6.1
2026-11-17	129	Z	367	2	5.5
2026-11-17	129	Z	384	4	5.5
2026-11-17	129	Z	433	3	5.5
2026-11-17	129	W	885	4	5.6
2026-11-17	130	T	277	2	5.6
2026-11-17	130	D	380	2	7.1
2026-11-17	130	T	441	2	5.6
2026-11-17	130	C	449	4	7.4
2026-11-17	130	G	468	2	6.5
2026-11-17	130	M	1418	4	6.0
2026-11-17	131	R	227	4	6.2
2026-11-17	131	U	307	2	6.1
2026-11-17	131	M	331	4	6.5
2026-11-17	131	V	357	4	6.0
2026-11-17	131	N	491	2	6.4
2026-11-17	131	G	601	2	7.1
2026-11-17	131	U	1418	4	6.1
2026-11-17	132	T	291	4	5.5
2026-11-17	132	N	357	2	5.8
2026-11-17	132	D	398	4	7.0
2026-11-17	132	Q	1418	4	5.6
2026-11-17	133	U	193	4	5.7
2026-11-17	133	V	215	2	4.7
2026-11-17	133	Z	215	2	4.5
2026-11-17	133	G	335	2	6.7
2026-11-17	133	Z	381	4	5.5
2026-11-17	133	Z	386	2	5.5
2026-11-17	133	Z	428	3	5.5
2026-11-17	133	R	1063	4	5.9
2026-11-17	133	U	1063	4	5.7
2026-11-17	136	Y	149	3	5.0
2026-11-17	136	H	275	3	6.0
2026-11-17	136	L	320	4	5.7
2026-11-17	136	Z	371	2	5.0
2026-11-17	136	R	885	4	5.4
2026-11-17	136	Z	885	4	5.0
2026-11-17	138	U	267	2	4.6
2026-11-17	138	U	276	4	4.6
2026-11-17	138	Z	303	2	4.5
2026-11-17	138	U	324	3	4.6
2026-11-17	138	4	681	4	7.5
2026-11-17	138	X	796	4	4.6
2026-11-17	201	V	41	4	0.6
2026-11-17	201	V	52	6	0.6
2026-11-17	201	U	56	6	0.6
2026-11-17	201	X	131	2	0.5
2026-11-17	201	X	204	4	0.5
2026-11-17	201	X	233	3	0.5
2026-11-17	202	X	262	2	0.5
2026-11-17	203	V	41	4	0.6
2026-11-17	203	F	59	6	2.8
2026-11-17	203	X	149	2	0.5
2026-11-17	203	X	214	4	0.5
2026-11-17	203	X	243	3	0.5
2026-11-17	204	X	298	2	1.5
2026-11-17	205	M	44	4	1.6
2026-11-17	205	W	50	4	1.0
2026-11-17	205	X	59	6	1.0
2026-11-17	205	M	529	4	1.6
2026-11-17	206	M	55	4	2.3
2026-11-17	206	K	66	3	2.6
2026-11-17	206	X	173	2	1.5
2026-11-17	206	K	885	4	2.6
2026-11-17	207	W	58	4	2.5
2026-11-17	207	Q	63	4	2.9
2026-11-17	207	O	82	5	5.5
2026-11-17	207	X	199	2	2.5
2026-11-17	207	Q	707	4	2.9
2026-11-17	208	R	74	4	4.0
2026-11-17	208	X	157	2	3.5
2026-11-17	208	X	167	4	3.5
2026-11-17	208	X	195	3	3.5
2026-11-17	208	K	529	4	4.8
2026-11-17	209	W	67	4	3.5
2026-11-17	209	X	199	2	3.5
2026-11-17	210	X	433	2	4.0
2026-11-17	211	W	93	4	4.0
2026-11-17	211	X	244	2	4.0
2026-11-17	212	X	176	2	4.0
2026-11-17	212	X	185	4	4.0
2026-11-17	212	X	214	3	4.0
2026-11-17	213	W	67	4	3.5
2026-11-17	213	X	199	2	3.5
2026-11-17	214	N	74	4	4.4
2026-11-17	214	X	199	2	3.5
2026-11-17	214	N	707	4	4.4
2026-11-17	215	S	51	6	2.8
2026-11-17	215	W	58	4	2.5
2026-11-17	215	I	61	2	5.5
2026-11-17	215	E	65	3	4.1
2026-11-17	215	M	101	5	3.1
2026-11-17	215	X	199	2	2.5
2026-11-17	216	W	54	4	1.6
2026-11-17	216	X	54	6	1.5
2026-11-17	216	M	54	4	2.3
2026-11-17	216	X	64	6	1.5
2026-11-17	216	M	618	4	2.3
2026-11-17	217	C	49	3	3.4
2026-11-17	217	W	67	6	1.5
2026-11-17	217	U	72	6	1.6
2026-11-17	217	X	173	2	1.5
2026-11-17	218	W	45	4	1.1
2026-11-17	218	W	69	6	1.1
2026-11-17	218	X	149	2	1.0
2026-11-17	219	R	67	6	0.9
2026-11-17	219	X	153	2	0.5
2026-11-17	219	X	157	4	0.5
2026-11-17	219	X	167	2	0.5
2026-11-17	219	X	190	3	0.5
2026-11-17	220	V	41	4	0.6
2026-11-17	220	R	69	6	1.0
2026-11-17	220	X	131	2	0.5
2026-11-17	221	X	131	2	0.5
2026-11-17	222	V	41	4	0.6
2026-11-17	222	X	43	6	0.5
2026-11-17	222	W	48	6	0.6
2026-11-17	223	X	45	6	0.5
2026-11-17	223	W	50	6	0.6
2026-11-17	223	V	54	6	0.6
2026-11-17	224	W	45	4	1.1
2026-11-17	224	X	51	6	1.0
2026-11-17	224	N	59	6	1.7
2026-11-17	224	X	62	6	1.0
2026-11-17	225	X	57	6	1.5
2026-11-17	225	N	57	6	2.0
2026-11-17	225	M	62	6	2.1
2026-11-17	226	Q	44	4	2.0
2026-11-17	226	M	49	9	2.3
2026-11-17	226	W	54	4	1.6
2026-11-17	226	X	173	2	1.5
2026-11-17	227	K	61	4	3.3
2026-11-17	227	I	113	5	5.5
2026-11-17	227	X	398	2	2.5
2026-11-17	228	W	63	4	3.6
2026-11-17	228	Q	72	4	4.1
2026-11-17	228	R	76	4	4.0
2026-11-17	228	T	88	4	3.8
2026-11-17	228	O	126	8	6.5
2026-11-17	228	X	199	2	3.5
2026-11-17	228	P	707	4	4.2
2026-11-17	229	K	70	4	4.2
2026-11-17	229	J	74	4	4.3
2026-11-17	229	U	172	2	3.5
2026-11-17	229	U	176	4	3.5
2026-11-17	229	U	199	2	3.5
2026-11-17	229	U	205	3	3.5
2026-11-17	229	J	707	4	4.3
2026-11-17	230	U	80	4	4.6
2026-11-17	231	D	89	4	5.6
2026-11-17	231	U	244	2	4.0
2026-11-17	232	U	80	4	4.4
2026-11-17	232	P	529	4	4.8
2026-11-17	233	L	65	4	4.1
2026-11-17	233	K	70	4	4.2
2026-11-17	233	U	199	2	3.5
2026-11-17	233	K	618	4	4.2
2026-11-17	234	W	63	4	3.6
2026-11-17	234	R	67	4	4.0
2026-11-17	234	P	79	2	4.3
2026-11-17	234	Q	85	4	4.1
2026-11-17	234	N	89	4	4.4
2026-11-17	234	X	199	2	3.5
2026-11-17	234	N	796	4	4.4
2026-11-17	235	N	49	4	3.1
2026-11-17	235	X	398	2	2.5
2026-11-17	236	M	45	4	2.3
2026-11-17	236	P	48	4	2.1
2026-11-17	236	R	53	4	1.9
2026-11-17	236	X	173	2	1.5
2026-11-17	236	P	618	4	2.1
2026-11-17	237	W	50	4	1.0
2026-11-17	237	N	54	6	1.5
2026-11-17	237	M	64	4	1.6
2026-11-17	237	X	173	2	1.0
2026-11-17	237	M	707	4	1.6
2026-11-17	238	M	71	4	2.3
2026-11-17	238	V	167	2	1.6
2026-11-17	238	V	172	4	1.6
2026-11-17	238	X	183	2	1.5
2026-11-17	238	V	200	3	1.6
2026-11-17	238	M	796	4	2.3
2026-11-17	239	V	41	4	0.6
2026-11-17	239	G	56	6	2.4
2026-11-17	239	T	60	6	0.8
2026-11-17	239	S	65	6	0.8
2026-11-17	239	X	149	2	0.5
2026-11-17	240	T	58	6	0.8
2026-11-17	240	S	63	6	0.9
2026-11-17	240	X	131	2	0.5
2026-11-17	3	D	2382	2	9.4
2026-11-17	6	D	1938	2	8.4
2026-11-19	10	C	2865	2	9.5
2026-11-19	101	S	186	4	4.9
2026-11-19	101	X	196	6	4.6
2026-11-19	101	Q	219	6	5.1
2026-11-19	101	Z	366	2	4.5
2026-11-19	101	Z	376	4	4.5
2026-11-19	101	Z	471	3	4.5
2026-11-19	101	W	707	4	4.7
2026-11-19	101	M	763	6	5.3
2026-11-19	104	Y	184	2	4.5
2026-11-19	104	S	190	4	7.5
2026-11-19	104	Z	258	4	3.5
2026-11-19	104	P	437	2	4.8
2026-11-19	104	P	446	4	4.8
2026-11-19	104	P	541	3	4.8
2026-11-19	104	B	817	5	5.5
2026-11-19	104	T	885	4	4.6
2026-11-19	104	3	1118	5	6.5
2026-11-19	106	Q	186	4	5.4
2026-11-19	106	Z	228	2	5.0
2026-11-19	106	X	311	5	4.1
2026-11-19	106	R	512	4	5.4
2026-11-19	106	C	759	3	7.0
2026-11-19	106	F	778	1	6.3
2026-11-19	106	F	825	3	6.3
2026-11-19	106	Z	883	2	5.0
2026-11-19	106	Z	885	4	5.0
2026-11-19	109	Y	317	4	5.5
2026-11-19	109	G	468	2	6.7
2026-11-19	109	Z	579	2	5.5
2026-11-19	109	Z	589	4	5.5
2026-11-19	109	Z	684	3	5.5
2026-11-19	110	N	491	2	5.9
2026-11-19	110	T	996	2	5.6
2026-11-19	111	V	491	4	6.0
2026-11-19	111	N	624	2	6.4
2026-11-19	111	G	735	2	7.1
2026-11-19	111	H	756	4	6.9
2026-11-19	111	P	802	4	6.4
2026-11-19	111	Q	1596	4	6.3
2026-11-19	112	T	424	4	5.5
2026-11-19	112	G	601	2	6.4
2026-11-19	112	S	769	2	8.5
2026-11-19	112	S	855	4	8.5
2026-11-19	112	PACKAGE	1008	4	8.5
2026-11-19	112	C	1410	4	7.3
2026-11-19	112	J	1685	4	6.2
2026-11-19	113	T	335	2	5.8
2026-11-19	113	N	402	2	6.1
2026-11-19	113	H	622	2	6.5
2026-11-19	113	R	748	4	5.9
2026-11-19	113	Z	916	2	5.5
2026-11-19	113	R	1063	4	5.9
2026-11-19	116	X	214	4	5.1
2026-11-19	116	Y	296	4	4.0
2026-11-19	116	Z	883	2	5.0
2026-11-19	116	Z	885	4	5.0
2026-11-19	118	T	210	4	4.3
2026-11-19	118	X	214	6	4.1
2026-11-19	118	Y	219	5	3.1
2026-11-19	118	F	648	3	6.0
2026-11-19	118	Z	776	2	4.0
2026-11-19	118	J	885	4	5.5
2026-11-19	118	T	1063	4	4.3
2026-11-19	120	H	748	4	5.0
2026-11-19	120	S	796	4	4.5
2026-11-19	120	A	856	3	5.6
2026-11-19	120	T	994	2	4.5
2026-11-19	121	R	179	4	5.1
2026-11-19	121	T	184	4	7.5
2026-11-19	121	R	196	6	5.1
2026-11-19	121	E	216	2	6.9
2026-11-19	121	PACKAGE	467	6	7.5
2026-11-19	121	Q	707	4	5.2
2026-11-19	121	I	733	4	7.5
2026-11-19	121	G	796	4	6.2
2026-11-19	122	S	173	2	4.5
2026-11-19	122	R	186	4	4.6
2026-11-19	122	K	648	5	4.9
2026-11-19	122	T	757	2	4.5
2026-11-19	122	C	778	5	5.4
2026-11-19	122	T	796	4	4.5
2026-11-19	122	A	1107	4	5.6
2026-11-19	124	Y	184	4	5.0
2026-11-19	124	Z	200	2	5.0
2026-11-19	124	X	707	4	5.1
2026-11-19	124	Z	776	2	5.0
2026-11-19	124	3	1167	3	7.0
2026-11-19	124	L	1185	3	5.4
2026-11-19	126	Z	428	2	5.0
2026-11-19	126	Z	438	4	5.0
2026-11-19	126	Z	533	3	5.0
2026-11-19	126	C	622	3	7.0
2026-11-19	126	Y	885	4	5.0
2026-11-19	129	Y	317	4	5.5
2026-11-19	129	N	402	2	6.1
2026-11-19	129	T	424	2	5.8
2026-11-19	129	L	512	2	6.2
2026-11-19	129	Z	674	2	5.5
2026-11-19	129	Z	760	4	5.5
2026-11-19	129	Z	779	3	5.5
2026-11-19	129	C	827	2	7.5
2026-11-19	129	W	885	4	5.6
2026-11-19	130	G	601	2	6.5
2026-11-19	130	T	996	2	5.6
2026-11-19	130	M	1418	4	6.0
2026-11-19	131	V	491	2	6.0
2026-11-19	131	N	624	2	6.4
2026-11-19	131	G	735	2	7.1
2026-11-19	131	U	1418	4	6.1
2026-11-19	131	F	1798	2	7.2
2026-11-19	132	T	424	4	5.5
2026-11-19	132	N	491	2	5.8
2026-11-19	132	PACKAGE	1033	4	8.5
2026-11-19	132	E	1070	6	6.8
2026-11-19	132	Q	1418	4	5.6
2026-11-19	133	U	335	4	5.7
2026-11-19	133	V	428	2	4.7
2026-11-19	133	G	468	2	6.7
2026-11-19	133	Z	570	2	5.5
2026-11-19	133	Z	579	4	5.5
2026-11-19	133	Z	690	3	5.5
2026-11-19	133	R	1063	4	5.9
2026-11-19	133	U	1063	4	5.7
2026-11-19	136	Y	233	1	5.0
2026-11-19	136	T	245	4	5.3
2026-11-19	136	Y	282	2	4.0
2026-11-19	136	H	568	3	6.0
2026-11-19	136	Z	883	2	5.0
2026-11-19	136	Z	885	4	5.0
2026-11-19	136	R	885	4	5.4
2026-11-19	138	U	433	2	4.6
2026-11-19	138	U	442	4	4.6
2026-11-19	138	U	537	3	4.6
2026-11-19	138	Z	757	2	4.5
2026-11-19	138	X	796	4	4.6
2026-11-19	138	3	924	6	6.5
2026-11-19	201	V	71	4	0.6
2026-11-19	201	X	195	2	0.5
2026-11-19	201	X	205	4	0.5
2026-11-19	201	X	214	2	0.5
2026-11-19	201	X	233	3	0.5
2026-11-19	202	X	393	2	0.5
2026-11-19	203	X	205	2	0.5
2026-11-19	203	X	214	4	0.5
2026-11-19	203	X	225	2	0.5
2026-11-19	203	X	243	3	0.5
2026-11-19	204	S	127	6	1.8
2026-11-19	204	Q	151	6	2.0
2026-11-19	204	X	224	2	1.5
2026-11-19	205	M	75	4	1.6
2026-11-19	205	W	80	4	1.0
2026-11-19	205	S	123	6	1.3
2026-11-19	205	Q	147	6	1.4
2026-11-19	205	X	233	2	1.0
2026-11-19	205	X	243	4	1.0
2026-11-19	205	X	260	2	1.0
2026-11-19	205	X	271	3	1.0
2026-11-19	205	M	529	4	1.6
2026-11-19	206	M	98	2	2.3
2026-11-19	206	T	107	6	1.8
2026-11-19	206	K	129	6	2.6
2026-11-19	206	R	135	6	1.9
2026-11-19	206	X	260	2	1.5
2026-11-19	207	W	88	4	2.5
2026-11-19	207	Q	106	4	2.9
2026-11-19	207	O	197	5	5.5
2026-11-19	207	X	299	2	2.5
2026-11-19	207	Q	707	4	2.9
2026-11-19	208	R	152	4	4.0
2026-11-19	208	X	237	2	3.5
2026-11-19	208	X	247	4	3.5
2026-11-19	208	X	275	3	3.5
2026-11-19	208	K	529	4	4.8
2026-11-19	209	W	118	3	3.5
2026-11-19	209	X	299	2	3.5
2026-11-19	210	X	649	2	4.0
2026-11-19	211	W	153	4	4.0
2026-11-19	211	X	366	2	4.0
2026-11-19	212	X	266	2	4.0
2026-11-19	212	X	275	4	4.0
2026-11-19	212	X	304	3	4.0
2026-11-19	213	W	118	2	3.5
2026-11-19	213	X	299	2	3.5
2026-11-19	214	X	299	2	3.5
2026-11-19	214	N	707	4	4.4
2026-11-19	215	W	88	1	2.5
2026-11-19	215	I	121	2	5.5
2026-11-19	215	E	189	3	4.1
2026-11-19	215	M	209	5	3.1
2026-11-19	215	X	656	2	2.5
2026-11-19	216	X	77	5	1.5
2026-11-19	216	W	84	4	1.6
2026-11-19	216	X	85	6	1.5
2026-11-19	216	R	139	6	1.9
2026-11-19	216	M	618	4	2.3
2026-11-19	217	C	159	3	3.4
2026-11-19	217	X	260	2	1.5
2026-11-19	218	W	75	4	1.1
2026-11-19	218	X	81	6	1.0
2026-11-19	219	V	81	6	0.6
2026-11-19	219	Q	85	6	1.0
2026-11-19	219	X	224	2	0.5
2026-11-19	219	X	233	4	0.5
2026-11-19	219	X	262	3	0.5
2026-11-19	220	V	71	4	0.6
2026-11-19	220	W	74	6	0.6
2026-11-19	220	X	197	2	0.5
2026-11-19	221	X	71	6	0.5
2026-11-19	221	W	78	6	0.5
2026-11-19	222	V	71	2	0.6
2026-11-19	222	X	197	2	0.5
2026-11-19	223	V	71	4	0.6
2026-11-19	223	X	224	2	0.5
2026-11-19	224	W	75	4	1.1
2026-11-19	224	T	111	6	1.2
2026-11-19	224	X	134	8	1.0
2026-11-19	225	T	103	6	1.7
2026-11-19	225	R	131	6	1.8
2026-11-19	225	X	260	2	1.5
2026-11-19	226	Q	82	4	2.0
2026-11-19	226	W	84	4	1.6
2026-11-19	226	M	95	9	2.3
2026-11-19	226	V	96	6	1.6
2026-11-19	226	T	115	6	1.8
2026-11-19	226	R	143	6	1.9
2026-11-19	226	X	260	2	1.5
2026-11-19	227	K	121	4	3.3
2026-11-19	227	I	230	5	5.5
2026-11-19	227	X	299	2	2.5
2026-11-19	228	W	97	4	3.6
2026-11-19	228	P	111	4	4.2
2026-11-19	228	T	114	4	3.8
2026-11-19	228	Q	115	4	4.1
2026-11-19	228	R	120	2	4.0
2026-11-19	228	R	124	4	4.0
2026-11-19	228	O	243	3	6.5
2026-11-19	228	X	299	2	3.5
2026-11-19	228	P	707	4	4.2
2026-11-19	229	K	138	4	4.2
2026-11-19	229	U	256	2	3.5
2026-11-19	229	U	266	4	3.5
2026-11-19	229	U	294	3	3.5
2026-11-19	229	J	707	4	4.3
2026-11-19	230	U	135	4	4.6
2026-11-19	231	U	153	4	4.0
2026-11-19	231	D	157	1	5.6
2026-11-19	231	J	165	2	4.8
2026-11-19	232	U	135	4	4.4
2026-11-19	232	P	529	4	4.8
2026-11-19	233	L	134	4	4.1
2026-11-19	233	K	138	4	4.2
2026-11-19	233	U	299	2	3.5
2026-11-19	233	K	618	4	4.2
2026-11-19	234	W	97	4	3.6
2026-11-19	234	T	109	4	3.8
2026-11-19	234	R	110	4	4.0
2026-11-19	234	Q	129	4	4.1
2026-11-19	234	N	133	4	4.4
2026-11-19	234	X	299	2	3.5
2026-11-19	234	N	796	4	4.4
2026-11-19	235	N	96	4	3.1
2026-11-19	235	X	596	2	2.5
2026-11-19	236	P	83	4	2.1
2026-11-19	236	M	87	4	2.3
2026-11-19	236	R	94	4	1.9
2026-11-19	236	V	100	6	1.6
2026-11-19	236	T	119	6	1.7
2026-11-19	236	X	260	2	1.5
2026-11-19	236	P	618	4	2.1
2026-11-19	237	W	80	1	1.0
2026-11-19	237	M	114	4	1.6
2026-11-19	237	X	260	2	1.0
2026-11-19	237	M	707	4	1.6
2026-11-19	238	M	125	4	2.3
2026-11-19	238	V	243	2	1.6
2026-11-19	238	V	252	4	1.6
2026-11-19	238	X	267	2	1.5
2026-11-19	238	V	281	3	1.6
2026-11-19	238	M	796	4	2.3
2026-11-19	239	V	71	2	0.6
2026-11-19	239	X	224	2	0.5
2026-11-19	240	V	71	4	0.6
2026-11-19	240	X	197	2	0.5
2026-11-19	3	D	2421	2	9.4
2026-11-19	6	D	1977	2	8.4
2026-11-21	10	C	2790	2	9.5
2026-11-21	101	S	134	4	4.9
2026-11-21	101	Y	140	1	4.5
2026-11-21	101	Z	146	6	4.5
2026-11-21	101	U	151	2	4.8
2026-11-21	101	Y	153	4	4.5
2026-11-21	101	T	159	6	4.8
2026-11-21	101	X	161	2	4.6
2026-11-21	101	M	180	2	5.3
2026-11-21	101	W	707	4	4.7
2026-11-21	104	S	136	4	7.5
2026-11-21	104	X	151	2	4.6
2026-11-21	104	Y	158	4	4.5
2026-11-21	104	P	166	3	4.8
2026-11-21	104	P	233	2	4.8
2026-11-21	104	P	243	4	4.8
2026-11-21	104	B	277	5	5.5
2026-11-21	104	Z	303	2	4.5
2026-11-21	104	K	557	3	4.9
2026-11-21	104	6	584	3	6.3
2026-11-21	104	T	885	4	4.6
2026-11-21	106	Q	134	4	5.4
2026-11-21	106	R	136	4	5.4
2026-11-21	106	S	136	4	5.3
2026-11-21	106	Z	147	4	5.0
2026-11-21	106	Y	229	4	4.0
2026-11-21	106	X	240	2	5.1
2026-11-21	106	PACKAGE	394	6	8.0
2026-11-21	106	C	535	3	7.0
2026-11-21	106	Z	885	4	5.0
2026-11-21	109	Y	242	4	5.5
2026-11-21	109	Z	332	2	5.5
2026-11-21	109	Z	342	4	5.5
2026-11-21	109	Z	356	2	5.5
2026-11-21	109	Z	389	3	5.5
2026-11-21	109	G	393	2	6.7
2026-11-21	110	N	415	2	5.9
2026-11-21	110	T	479	2	5.6
2026-11-21	111	V	415	4	6.0
2026-11-21	111	N	548	2	6.4
2026-11-21	111	G	659	2	7.1
2026-11-21	111	Q	1596	4	6.3
2026-11-21	112	T	348	4	5.5
2026-11-21	112	G	526	2	6.4
2026-11-21	112	S	617	2	8.5
2026-11-21	112	S	627	4	8.5
2026-11-21	112	D	897	2	7.0
2026-11-21	112	J	1685	4	6.2
2026-11-21	113	T	250	2	5.8
2026-11-21	113	N	326	2	6.1
2026-11-21	113	Z	376	2	5.5
2026-11-21	113	L	399	2	6.2
2026-11-21	113	J	419	2	6.4
2026-11-21	113	R	770	4	5.9
2026-11-21	113	R	1063	4	5.9
2026-11-21	116	X	167	4	5.1
2026-11-21	116	Y	180	2	5.0
2026-11-21	116	X	252	4	5.1
2026-11-21	116	Z	354	2	5.0
2026-11-21	116	Z	885	4	5.0
2026-11-21	118	Y	146	5	3.1
2026-11-21	118	T	147	4	4.3
2026-11-21	118	M	152	4	4.9
2026-11-21	118	Z	311	2	4.0
2026-11-21	118	F	557	3	6.0
2026-11-21	118	J	885	4	5.5
2026-11-21	118	T	1063	4	4.3
2026-11-21	120	R	151	3	4.6
2026-11-21	120	M	174	2	4.8
2026-11-21	120	T	303	2	4.5
2026-11-21	120	H	557	3	5.0
2026-11-21	120	3	656	2	6.5
2026-11-21	120	S	796	4	4.5
2026-11-21	121	T	134	4	7.5
2026-11-21	121	R	135	4	5.1
2026-11-21	121	Q	156	2	5.2
2026-11-21	121	T	158	4	7.5
2026-11-21	121	S	166	6	7.5
2026-11-21	121	R	303	2	5.1
2026-11-21	121	Q	707	4	5.2
2026-11-21	121	G	796	4	6.2
2026-11-21	122	R	134	4	4.6
2026-11-21	122	A	182	4	5.6
2026-11-21	122	T	796	4	4.5
2026-11-21	124	Z	143	2	5.0
2026-11-21	124	Y	153	2	4.0
2026-11-21	124	Y	158	4	5.0
2026-11-21	124	X	182	2	5.1
2026-11-21	124	Z	311	2	5.0
2026-11-21	124	X	707	4	5.1
2026-11-21	124	L	724	3	5.4
2026-11-21	124	3	827	3	7.0
2026-11-21	126	Z	347	2	5.0
2026-11-21	126	Z	356	4	5.0
2026-11-21	126	Z	382	2	5.0
2026-11-21	126	Z	404	3	5.0
2026-11-21	126	Y	885	4	5.0
2026-11-21	129	Y	242	4	5.5
2026-11-21	129	T	313	2	5.8
2026-11-21	129	N	326	2	6.1
2026-11-21	129	L	354	2	6.2
2026-11-21	129	Z	367	2	5.5
2026-11-21	129	Z	384	4	5.5
2026-11-21	129	Z	433	3	5.5
2026-11-21	129	W	885	4	5.6
2026-11-21	130	G	526	2	6.5
2026-11-21	130	C	778	4	7.4
2026-11-21	130	T	904	2	5.6
2026-11-21	130	M	1418	4	6.0
2026-11-21	131	R	254	4	6.2
2026-11-21	131	U	316	2	6.1
2026-11-21	131	V	415	4	6.0
2026-11-21	131	N	548	2	6.4
2026-11-21	131	G	659	2	7.1
2026-11-21	131	U	1418	4	6.1
2026-11-21	132	T	348	4	5.5
2026-11-21	132	N	415	2	5.8
2026-11-21	132	E	705	2	6.8
2026-11-21	132	Q	1418	4	5.6
2026-11-21	133	U	250	4	5.7
2026-11-21	133	Z	370	2	5.5
2026-11-21	133	Z	381	4	5.5
2026-11-21	133	G	393	2	6.7
2026-11-21	133	Z	407	2	5.5
2026-11-21	133	Z	428	3	5.5
2026-11-21	133	R	1063	4	5.9
2026-11-21	133	U	1063	4	5.7
2026-11-21	136	Y	180	4	5.0
2026-11-21	136	H	489	3	6.0
2026-11-21	136	Z	885	4	5.0
2026-11-21	136	R	885	4	5.4
2026-11-21	138	U	267	2	4.6
2026-11-21	138	U	276	4	4.6
2026-11-21	138	Z	303	2	4.5
2026-11-21	138	U	324	3	4.6
2026-11-21	138	4	681	4	7.5
2026-11-21	138	5	681	2	7.5
2026-11-21	138	X	796	4	4.6
2026-11-21	201	V	58	4	0.6
2026-11-21	201	X	195	2	0.5
2026-11-21	201	X	204	4	0.5
2026-11-21	201	X	214	2	0.5
2026-11-21	201	X	233	3	0.5
2026-11-21	202	X	262	2	0.5
2026-11-21	203	V	58	4	0.6
2026-11-21	203	T	74	6	0.8
2026-11-21	203	S	77	6	0.8
2026-11-21	203	X	149	2	0.5
2026-11-21	203	X	214	4	0.5
2026-11-21	203	X	243	3	0.5
2026-11-21	204	X	298	2	1.5
2026-11-21	205	M	61	4	1.6
2026-11-21	205	W	67	4	1.0
2026-11-21	205	X	173	2	1.0
2026-11-21	205	X	195	4	1.0
2026-11-21	205	X	243	3	1.0
2026-11-21	205	M	529	4	1.6
2026-11-21	206	K	71	6	2.6
2026-11-21	206	M	74	4	2.3
2026-11-21	206	X	173	2	1.5
2026-11-21	207	W	75	4	2.5
2026-11-21	207	Q	85	4	2.9
2026-11-21	207	O	151	5	5.5
2026-11-21	207	X	199	2	2.5
2026-11-21	207	Q	707	4	2.9
2026-11-21	208	R	124	4	4.0
2026-11-21	208	X	157	2	3.5
2026-11-21	208	X	167	4	3.5
2026-11-21	208	X	195	3	3.5
2026-11-21	208	K	529	4	4.8
2026-11-21	209	W	97	4	3.5
2026-11-21	209	X	199	2	3.5
2026-11-21	210	X	433	2	4.0
2026-11-21	211	W	135	4	4.0
2026-11-21	211	X	244	2	4.0
2026-11-21	212	X	176	2	4.0
2026-11-21	212	X	185	4	4.0
2026-11-21	212	X	214	3	4.0
2026-11-21	213	W	97	4	3.5
2026-11-21	213	X	199	2	3.5
2026-11-21	214	N	124	4	4.4
2026-11-21	214	X	199	2	3.5
2026-11-21	214	N	707	4	4.4
2026-11-21	215	I	66	2	5.5
2026-11-21	215	W	75	4	2.5
2026-11-21	215	E	151	3	4.1
2026-11-21	215	M	168	5	3.1
2026-11-21	215	X	437	2	2.5
2026-11-21	216	M	63	2	2.3
2026-11-21	216	W	71	4	1.6
2026-11-21	216	M	76	4	2.3
2026-11-21	216	X	157	2	1.5
2026-11-21	216	X	162	4	1.5
2026-11-21	216	X	173	2	1.5
2026-11-21	216	X	191	3	1.5
2026-11-21	216	M	618	4	2.3
2026-11-21	217	L	75	6	2.2
2026-11-21	217	C	126	3	3.4
2026-11-21	217	X	173	2	1.5
2026-11-21	218	W	63	4	1.1
2026-11-21	218	X	71	6	1.0
2026-11-21	218	X	75	6	1.0
2026-11-21	218	L	78	6	2.0
2026-11-21	218	W	78	6	1.1
2026-11-21	219	R	79	6	0.9
2026-11-21	219	X	153	2	0.5
2026-11-21	219	X	157	4	0.5
2026-11-21	219	X	167	2	0.5
2026-11-21	219	X	190	3	0.5
2026-11-21	220	V	58	4	0.6
2026-11-21	220	X	131	2	0.5
2026-11-21	221	X	60	6	0.5
2026-11-21	221	W	68	6	0.5
2026-11-21	222	X	57	6	0.5
2026-11-21	222	V	58	4	0.6
2026-11-21	222	W	71	6	0.6
2026-11-21	223	K	85	6	1.6
2026-11-21	223	X	149	2	0.5
2026-11-21	224	W	63	4	1.1
2026-11-21	224	X	88	8	1.0
2026-11-21	225	X	173	2	1.5
2026-11-21	226	Q	65	4	2.0
2026-11-21	226	M	71	9	2.3
2026-11-21	226	W	71	4	1.6
2026-11-21	226	X	173	2	1.5
2026-11-21	227	K	66	4	3.3
2026-11-21	227	I	184	5	5.5
2026-11-21	227	X	398	2	2.5
2026-11-21	228	T	79	4	3.8
2026-11-21	228	W	84	4	3.6
2026-11-21	228	Q	97	4	4.1
2026-11-21	228	R	101	4	4.0
2026-11-21	228	O	197	8	6.5
2026-11-21	228	X	199	2	3.5
2026-11-21	228	P	707	4	4.2
2026-11-21	229	K	129	4	4.2
2026-11-21	229	J	134	4	4.3
2026-11-21	229	U	172	2	3.5
2026-11-21	229	U	176	4	3.5
2026-11-21	229	U	199	2	3.5
2026-11-21	229	U	205	3	3.5
2026-11-21	229	J	707	4	4.3
2026-11-21	230	U	118	4	4.6
2026-11-21	231	D	126	2	5.6
2026-11-21	231	U	135	4	4.0
2026-11-21	231	J	138	2	4.8
2026-11-21	232	U	118	4	4.4
2026-11-21	232	P	529	4	4.8
2026-11-21	233	L	124	4	4.1
2026-11-21	233	K	129	4	4.2
2026-11-21	233	U	199	2	3.5
2026-11-21	233	K	618	4	4.2
2026-11-21	234	W	84	4	3.6
2026-11-21	234	R	89	4	4.0
2026-11-21	234	Q	110	4	4.1
2026-11-21	234	N	115	4	4.4
2026-11-21	234	X	199	2	3.5
2026-11-21	234	N	796	4	4.4
2026-11-21	235	N	64	4	3.1
2026-11-21	235	X	398	2	2.5
2026-11-21	236	M	67	4	2.3
2026-11-21	236	P	68	4	2.1
2026-11-21	236	R	74	4	1.9
2026-11-21	236	X	173	2	1.5
2026-11-21	236	P	618	4	2.1
2026-11-21	237	W	67	4	1.0
2026-11-21	237	M	92	4	1.6
2026-11-21	237	X	173	2	1.0
2026-11-21	237	M	707	4	1.6
2026-11-21	238	M	71	6	2.3
2026-11-21	238	X	149	2	1.5
2026-11-21	238	V	167	2	1.6
2026-11-21	238	V	172	4	1.6
2026-11-21	238	V	200	3	1.6
2026-11-21	239	V	58	4	0.6
2026-11-21	239	J	71	6	1.8
2026-11-21	239	K	82	6	1.6
2026-11-21	239	X	149	2	0.5
2026-11-21	240	X	63	6	0.5
2026-11-21	240	W	65	6	0.6
2026-11-21	3	D	2346	2	9.4
2026-11-21	6	D	1902	2	8.4
2026-11-23	10	C	2759	2	9.5
2026-11-23	101	S	111	4	4.9
2026-11-23	101	Y	112	6	4.5
2026-11-23	101	U	112	4	4.8
2026-11-23	101	Q	123	2	5.1
2026-11-23	101	Z	214	2	4.5
2026-11-23	101	Z	233	4	4.5
2026-11-23	101	Z	281	3	4.5
2026-11-23	101	W	707	4	4.7
2026-11-23	104	S	103	4	7.5
2026-11-23	104	L	135	3	4.9
2026-11-23	104	Y	135	4	4.5
2026-11-23	104	P	294	2	4.8
2026-11-23	104	Z	303	2	4.5
2026-11-23	104	P	304	4	4.8
2026-11-23	104	B	333	5	5.5
2026-11-23	104	P	351	3	4.8
2026-11-23	104	6	608	3	6.3
2026-11-23	104	T	885	4	4.6
2026-11-23	106	R	101	4	5.4
2026-11-23	106	Q	111	4	5.4
2026-11-23	106	Z	113	4	5.0
2026-11-23	106	Y	123	4	4.0
2026-11-23	106	F	320	1	6.3
2026-11-23	106	F	336	3	6.3
2026-11-23	106	T	449	4	5.3
2026-11-23	106	Z	885	4	5.0
2026-11-23	109	Y	211	4	5.5
2026-11-23	109	A	305	4	8.5
2026-11-23	109	K	310	3	6.3
2026-11-23	109	Z	356	2	5.5
2026-11-23	109	G	362	2	6.7
2026-11-23	109	Z	399	4	5.5
2026-11-23	109	Z	446	3	5.5
2026-11-23	110	N	384	2	5.9
2026-11-23	110	T	443	2	5.6
2026-11-23	111	P	266	3	6.4
2026-11-23	111	V	384	4	6.0
2026-11-23	111	N	517	2	6.4
2026-11-23	111	G	628	2	7.1
2026-11-23	111	Q	1596	4	6.3
2026-11-23	112	T	317	4	5.5
2026-11-23	112	C	438	4	7.3
2026-11-23	112	G	495	2	6.4
2026-11-23	112	S	579	2	8.5
2026-11-23	112	S	589	4	8.5
2026-11-23	112	S	636	3	8.5
2026-11-23	112	J	1685	4	6.2
2026-11-23	113	T	219	2	5.8
2026-11-23	113	N	295	2	6.1
2026-11-23	113	R	311	4	5.9
2026-11-23	113	H	317	2	6.5
2026-11-23	113	Z	367	2	5.5
2026-11-23	113	D	608	2	7.2
2026-11-23	113	R	1063	4	5.9
2026-11-23	116	X	96	4	5.1
2026-11-23	116	Y	112	4	4.0
2026-11-23	116	Y	158	4	5.0
2026-11-23	116	PACKAGE	345	6	8.0
2026-11-23	116	Z	354	2	5.0
2026-11-23	116	Z	885	4	5.0
2026-11-23	118	T	113	4	4.3
2026-11-23	118	Y	118	2	3.1
2026-11-23	118	X	129	2	4.1
2026-11-23	118	Z	311	2	4.0
2026-11-23	118	M	314	3	4.9
2026-11-23	118	J	885	4	5.5
2026-11-23	118	T	1063	4	4.3
2026-11-23	120	H	311	4	5.0
2026-11-23	120	A	348	3	5.6
2026-11-23	120	T	404	2	4.5
2026-11-23	120	S	796	4	4.5
2026-11-23	121	R	99	4	5.1
2026-11-23	121	T	111	4	7.5
2026-11-23	121	S	118	3	7.5
2026-11-23	121	P	127	6	5.3
2026-11-23	121	Q	129	4	5.2
2026-11-23	121	T	135	4	7.5
2026-11-23	121	R	303	2	5.1
2026-11-23	121	Q	707	4	5.2
2026-11-23	121	G	796	4	6.2
2026-11-23	122	R	116	4	4.6
2026-11-23	122	C	317	5	5.4
2026-11-23	122	A	409	4	5.6
2026-11-23	122	T	459	2	4.5
2026-11-23	122	T	796	4	4.5
2026-11-23	124	Y	112	4	5.0
2026-11-23	124	Z	120	2	5.0
2026-11-23	124	X	123	6	5.1
2026-11-23	124	Y	135	4	5.0
2026-11-23	124	Z	311	2	5.0
2026-11-23	124	4	414	4	6.8
2026-11-23	124	3	434	3	7.0
2026-11-23	124	L	653	3	5.4
2026-11-23	126	Y	118	5	5.0
2026-11-23	126	Z	333	2	5.0
2026-11-23	126	Z	343	4	5.0
2026-11-23	126	Z	366	2	5.0
2026-11-23	126	Z	390	3	5.0
2026-11-23	126	Y	885	4	5.0
2026-11-23	129	Y	211	4	5.5
2026-11-23	129	T	223	2	5.8
2026-11-23	129	Y	254	5	4.5
2026-11-23	129	L	275	2	6.2
2026-11-23	129	N	295	2	6.1
2026-11-23	129	Z	347	2	5.5
2026-11-23	129	Z	357	4	5.5
2026-11-23	129	Z	367	2	5.5
2026-11-23	129	Z	404	3	5.5
2026-11-23	129	W	885	4	5.6
2026-11-23	130	T	268	2	5.6
2026-11-23	130	D	414	2	7.1
2026-11-23	130	C	460	4	7.4
2026-11-23	130	T	480	2	5.6
2026-11-23	130	G	495	2	6.5
2026-11-23	130	M	1418	4	6.0
2026-11-23	131	R	218	4	6.2
2026-11-23	131	U	316	2	6.1
2026-11-23	131	M	326	4	6.5
2026-11-23	131	V	384	1	6.0
2026-11-23	131	V	454	2	6.0
2026-11-23	131	N	517	2	6.4
2026-11-23	131	G	628	2	7.1
2026-11-23	131	U	1418	4	6.1
2026-11-23	132	T	317	4	5.5
2026-11-23	132	N	384	2	5.8
2026-11-23	132	D	434	4	7.0
2026-11-23	132	Q	1418	4	5.6
2026-11-23	133	U	219	4	5.7
2026-11-23	133	Z	242	2	4.5
2026-11-23	133	V	244	2	4.7
2026-11-23	133	G	362	2	6.7
2026-11-23	133	Z	417	2	5.5
2026-11-23	133	Z	437	4	5.5
2026-11-23	133	Z	484	3	5.5
2026-11-23	133	U	1063	4	5.7
2026-11-23	133	R	1063	4	5.9
2026-11-23	136	R	114	4	5.4
2026-11-23	136	Y	158	4	5.0
2026-11-23	136	H	307	3	6.0
2026-11-23	136	L	317	4	5.7
2026-11-23	136	Z	354	2	5.0
2026-11-23	136	Z	885	4	5.0
2026-11-23	136	R	885	4	5.4
2026-11-23	138	U	290	2	4.6
2026-11-23	138	U	300	4	4.6
2026-11-23	138	Z	319	2	4.5
2026-11-23	138	U	347	3	4.6
2026-11-23	138	4	681	4	7.5
2026-11-23	138	X	796	4	4.6
2026-11-23	201	V	45	4	0.6
2026-11-23	201	V	55	6	0.6
2026-11-23	201	U	60	6	0.6
2026-11-23	201	X	131	2	0.5
2026-11-23	201	X	199	4	0.5
2026-11-23	201	X	228	3	0.5
2026-11-23	202	X	262	2	0.5
2026-11-23	203	V	45	4	0.6
2026-11-23	203	F	108	6	2.8
2026-11-23	203	X	149	2	0.5
2026-11-23	203	X	210	4	0.5
2026-11-23	203	X	238	3	0.5
2026-11-23	204	X	298	2	1.5
2026-11-23	205	M	42	4	1.6
2026-11-23	205	W	54	4	1.0
2026-11-23	205	X	59	6	1.0
2026-11-23	205	M	529	4	1.6
2026-11-23	206	M	87	2	2.3
2026-11-23	206	K	96	6	2.6
2026-11-23	206	X	173	2	1.5
2026-11-23	207	W	63	4	2.5
2026-11-23	207	Q	72	4	2.9
2026-11-23	207	O	105	5	5.5
2026-11-23	207	X	199	2	2.5
2026-11-23	207	Q	707	4	2.9
2026-11-23	208	R	100	4	4.0
2026-11-23	208	X	209	2	3.5
2026-11-23	208	X	218	4	3.5
2026-11-23	208	X	229	2	3.5
2026-11-23	208	X	247	3	3.5
2026-11-23	208	K	529	4	4.8
2026-11-23	209	W	84	4	3.5
2026-11-23	209	X	199	2	3.5
2026-11-23	210	X	433	2	4.0
2026-11-23	211	W	113	4	4.0
2026-11-23	211	X	244	2	4.0
2026-11-23	212	X	218	2	4.0
2026-11-23	212	X	228	4	4.0
2026-11-23	212	X	240	2	4.0
2026-11-23	213	W	84	4	3.5
2026-11-23	213	X	199	2	3.5
2026-11-23	214	Q	100	4	4.1
2026-11-23	214	N	100	4	4.4
2026-11-23	214	X	199	2	3.5
2026-11-23	214	N	707	4	4.4
2026-11-23	215	S	51	6	2.8
2026-11-23	215	W	63	4	2.5
2026-11-23	215	I	87	2	5.5
2026-11-23	215	E	105	3	4.1
2026-11-23	215	M	118	5	3.1
2026-11-23	215	X	199	2	2.5
2026-11-23	216	M	41	2	2.3
2026-11-23	216	X	54	6	1.5
2026-11-23	216	W	58	4	1.6
2026-11-23	216	X	64	6	1.5
2026-11-23	216	M	618	4	2.3
2026-11-23	217	W	67	6	1.5
2026-11-23	217	U	72	6	1.6
2026-11-23	217	C	90	3	3.4
2026-11-23	217	X	173	2	1.5
2026-11-23	218	W	50	4	1.1
2026-11-23	218	W	69	6	1.1
2026-11-23	218	X	149	2	1.0
2026-11-23	219	R	71	6	0.9
2026-11-23	219	X	195	2	0.5
2026-11-23	219	X	205	4	0.5
2026-11-23	219	X	214	2	0.5
2026-11-23	219	X	233	3	0.5
2026-11-23	220	V	45	4	0.6
2026-11-23	220	R	74	6	1.0
2026-11-23	220	X	131	2	0.5
2026-11-23	221	X	131	2	0.5
2026-11-23	222	V	45	4	0.6
2026-11-23	222	X	46	6	0.5
2026-11-23	222	W	51	6	0.6
2026-11-23	223	X	49	6	0.5
2026-11-23	223	W	53	6	0.6
2026-11-23	223	V	58	6	0.6
2026-11-23	224	W	50	4	1.1
2026-11-23	224	X	51	6	1.0
2026-11-23	224	N	59	6	1.7
2026-11-23	224	X	62	6	1.0
2026-11-23	225	X	57	6	1.5
2026-11-23	225	N	57	6	2.0
2026-11-23	225	M	62	6	2.1
2026-11-23	226	Q	44	4	2.0
2026-11-23	226	M	49	9	2.3
2026-11-23	226	W	58	4	1.6
2026-11-23	226	X	173	2	1.5
2026-11-23	227	K	89	4	3.3
2026-11-23	227	I	130	5	5.5
2026-11-23	227	X	398	2	2.5
2026-11-23	228	T	52	4	3.8
2026-11-23	228	W	67	4	3.6
2026-11-23	228	Q	81	4	4.1
2026-11-23	228	R	85	4	4.0
2026-11-23	228	O	143	8	6.5
2026-11-23	228	X	199	2	3.5
2026-11-23	228	P	707	4	4.2
2026-11-23	229	K	110	4	4.2
2026-11-23	229	J	114	4	4.3
2026-11-23	229	U	199	2	3.5
2026-11-23	229	U	228	4	3.5
2026-11-23	229	U	256	3	3.5
2026-11-23	229	J	707	4	4.3
2026-11-23	230	U	97	4	4.6
2026-11-23	231	D	89	4	5.6
2026-11-23	231	J	103	2	4.8
2026-11-23	231	U	113	4	4.0
2026-11-23	232	U	97	4	4.4
2026-11-23	232	P	529	4	4.8
2026-11-23	233	L	105	4	4.1
2026-11-23	233	K	110	4	4.2
2026-11-23	233	U	199	2	3.5
2026-11-23	233	K	618	4	4.2
2026-11-23	234	W	67	4	3.6
2026-11-23	234	R	76	4	4.0
2026-11-23	234	Q	97	4	4.1
2026-11-23	234	N	101	4	4.4
2026-11-23	234	X	199	2	3.5
2026-11-23	234	N	796	4	4.4
2026-11-23	235	N	49	4	3.1
2026-11-23	235	X	220	2	2.5
2026-11-23	236	M	45	4	2.3
2026-11-23	236	P	47	4	2.1
2026-11-23	236	R	51	4	1.9
2026-11-23	236	X	173	2	1.5
2026-11-23	236	P	618	4	2.1
2026-11-23	237	W	54	4	1.0
2026-11-23	237	N	54	6	1.5
2026-11-23	237	M	62	4	1.6
2026-11-23	237	X	173	2	1.0
2026-11-23	237	M	707	4	1.6
2026-11-23	238	M	68	4	2.3
2026-11-23	238	V	214	2	1.6
2026-11-23	238	V	224	4	1.6
2026-11-23	238	X	235	2	1.5
2026-11-23	238	V	252	3	1.6
2026-11-23	238	M	796	4	2.3
2026-11-23	239	V	45	4	0.6
2026-11-23	239	T	65	6	0.8
2026-11-23	239	S	69	6	0.8
2026-11-23	239	G	103	6	2.4
2026-11-23	239	X	149	2	0.5
2026-11-23	240	T	62	6	0.8
2026-11-23	240	S	67	6	0.9
2026-11-23	240	X	131	2	0.5
2026-11-23	3	D	2315	2	9.4
2026-11-23	6	D	1871	2	8.4
2026-11-27	10	C	2816	2	9.5
2026-11-27	101	Y	158	1	4.5
2026-11-27	101	V	195	6	4.7
2026-11-27	101	S	230	4	4.9
2026-11-27	101	Q	263	6	5.1
2026-11-27	101	Z	303	2	4.5
2026-11-27	101	Z	309	4	4.5
2026-11-27	101	Z	404	3	4.5
2026-11-27	101	M	407	6	5.3
2026-11-27	101	W	707	4	4.7
2026-11-27	104	Y	175	2	4.5
2026-11-27	104	S	214	4	7.5
2026-11-27	104	Z	303	2	4.5
2026-11-27	104	P	370	2	4.8
2026-11-27	104	P	380	4	4.8
2026-11-27	104	B	460	5	5.5
2026-11-27	104	P	475	3	4.8
2026-11-27	104	7	511	4	6.1
2026-11-27	104	3	754	5	6.5
2026-11-27	104	T	885	4	4.6
2026-11-27	106	Z	222	4	5.0
2026-11-27	106	Q	230	4	5.4
2026-11-27	106	R	277	4	5.4
2026-11-27	106	X	289	5	4.1
2026-11-27	106	F	316	1	6.3
2026-11-27	106	F	332	3	6.3
2026-11-27	106	C	535	3	7.0
2026-11-27	106	Z	885	4	5.0
2026-11-27	109	Y	269	4	5.5
2026-11-27	109	A	392	4	8.5
2026-11-27	109	Z	418	2	5.5
2026-11-27	109	G	420	2	6.7
2026-11-27	109	Z	427	4	5.5
2026-11-27	109	Z	439	2	5.5
2026-11-27	109	Z	522	3	5.5
2026-11-27	110	N	442	2	5.9
2026-11-27	110	T	509	2	5.6
2026-11-27	111	H	298	2	6.9
2026-11-27	111	P	321	4	6.4
2026-11-27	111	V	442	1	6.0
2026-11-27	111	V	454	2	6.0
2026-11-27	111	N	575	2	6.4
2026-11-27	111	G	686	2	7.1
2026-11-27	111	Q	1596	4	6.3
2026-11-27	112	G	553	2	6.4
2026-11-27	112	S	608	2	8.5
2026-11-27	112	S	617	4	8.5
2026-11-27	112	T	637	2	5.5
2026-11-27	112	C	1264	4	7.3
2026-11-27	112	J	1685	4	6.2
2026-11-27	113	T	276	2	5.8
2026-11-27	113	H	316	2	6.5
2026-11-27	113	N	353	2	6.1
2026-11-27	113	Z	367	2	5.5
2026-11-27	113	R	400	4	5.9
2026-11-27	113	R	1063	4	5.9
2026-11-27	116	X	167	4	5.1
2026-11-27	116	Y	215	4	5.0
2026-11-27	116	Z	354	2	5.0
2026-11-27	116	Z	885	4	5.0
2026-11-27	118	M	190	3	4.9
2026-11-27	118	Y	205	5	3.1
2026-11-27	118	X	205	6	4.1
2026-11-27	118	T	210	4	4.3
2026-11-27	118	Z	311	2	4.0
2026-11-27	118	F	346	3	6.0
2026-11-27	118	J	885	4	5.5
2026-11-27	118	T	1063	4	4.3
2026-11-27	120	H	400	4	5.0
2026-11-27	120	A	482	3	5.6
2026-11-27	120	T	559	2	4.5
2026-11-27	120	S	796	4	4.5
2026-11-27	121	R	162	4	5.1
2026-11-27	121	T	175	4	7.5
2026-11-27	121	R	303	2	5.1
2026-11-27	121	PACKAGE	418	6	7.5
2026-11-27	121	Q	707	4	5.2
2026-11-27	121	G	796	4	6.2
2026-11-27	122	K	239	5	4.9
2026-11-27	122	R	240	4	4.6
2026-11-27	122	C	438	5	5.4
2026-11-27	122	A	455	4	5.6
2026-11-27	122	T	508	2	4.5
2026-11-27	122	T	796	4	4.5
2026-11-27	124	Y	175	1	5.0
2026-11-27	124	Y	204	4	5.0
2026-11-27	124	L	259	3	5.4
2026-11-27	124	Z	311	2	5.0
2026-11-27	124	X	707	4	5.1
2026-11-27	124	3	851	3	7.0
2026-11-27	126	Z	362	2	5.0
2026-11-27	126	Z	371	4	5.0
2026-11-27	126	Z	397	2	5.0
2026-11-27	126	C	438	3	7.0
2026-11-27	126	Z	457	3	5.0
2026-11-27	126	Y	885	4	5.0
2026-11-27	129	Y	269	4	5.5
2026-11-27	129	T	281	2	5.8
2026-11-27	129	L	284	2	6.2
2026-11-27	129	N	353	2	6.1
2026-11-27	129	Z	367	2	5.5
2026-11-27	129	Z	385	4	5.5
2026-11-27	129	C	431	2	7.5
2026-11-27	129	Z	471	3	5.5
2026-11-27	129	W	885	4	5.6
2026-11-27	130	T	316	2	5.6
2026-11-27	130	G	553	2	6.5
2026-11-27	130	T	637	2	5.6
2026-11-27	130	M	1418	4	6.0
2026-11-27	131	R	263	4	6.2
2026-11-27	131	V	442	4	6.0
2026-11-27	131	N	575	2	6.4
2026-11-27	131	G	686	2	7.1
2026-11-27	131	U	1418	4	6.1
2026-11-27	131	F	1653	2	7.2
2026-11-27	132	T	375	4	5.5
2026-11-27	132	N	442	2	5.8
2026-11-27	132	E	875	6	6.8
2026-11-27	132	PACKAGE	959	4	8.5
2026-11-27	132	Q	1418	4	5.6
2026-11-27	133	U	276	4	5.7
2026-11-27	133	V	307	2	4.7
2026-11-27	133	G	420	2	6.7
2026-11-27	133	Z	484	2	5.5
2026-11-27	133	Z	513	4	5.5
2026-11-27	133	Z	608	3	5.5
2026-11-27	133	R	1063	4	5.9
2026-11-27	133	U	1063	4	5.7
2026-11-27	136	Y	215	4	5.0
2026-11-27	136	T	216	4	5.3
2026-11-27	136	H	303	3	6.0
2026-11-27	136	Z	354	2	5.0
2026-11-27	136	Z	885	4	5.0
2026-11-27	136	R	885	4	5.4
2026-11-27	138	U	366	2	4.6
2026-11-27	138	U	376	4	4.6
2026-11-27	138	Z	403	2	4.5
2026-11-27	138	U	471	3	4.6
2026-11-27	138	3	754	6	6.5
2026-11-27	138	X	796	4	4.6
2026-11-27	201	V	67	4	0.6
2026-11-27	201	X	229	2	0.5
2026-11-27	201	X	238	4	0.5
2026-11-27	201	X	251	2	0.5
2026-11-27	201	X	286	3	0.5
2026-11-27	202	X	262	2	0.5
2026-11-27	203	V	67	4	0.6
2026-11-27	203	X	191	2	0.5
2026-11-27	203	X	200	4	0.5
2026-11-27	203	X	209	2	0.5
2026-11-27	203	X	248	3	0.5
2026-11-27	204	T	104	6	1.8
2026-11-27	204	R	141	6	1.9
2026-11-27	204	X	163	2	1.5
2026-11-27	205	M	63	4	1.6
2026-11-27	205	W	75	4	1.0
2026-11-27	205	T	95	6	1.2
2026-11-27	205	R	129	6	1.3
2026-11-27	205	X	173	2	1.0
2026-11-27	205	X	229	4	1.0
2026-11-27	205	X	276	3	1.0
2026-11-27	205	M	529	4	1.6
2026-11-27	206	M	93	4	2.3
2026-11-27	206	T	108	6	1.8
2026-11-27	206	K	112	6	2.6
2026-11-27	206	R	145	6	1.9
2026-11-27	206	X	173	2	1.5
2026-11-27	207	W	88	4	2.5
2026-11-27	207	Q	101	2	2.9
2026-11-27	207	O	147	5	5.5
2026-11-27	207	X	199	2	2.5
2026-11-27	207	Q	707	4	2.9
2026-11-27	208	R	114	4	4.0
2026-11-27	208	X	224	2	3.5
2026-11-27	208	X	233	4	3.5
2026-11-27	208	X	246	2	3.5
2026-11-27	208	X	271	3	3.5
2026-11-27	208	K	529	4	4.8
2026-11-27	209	W	113	1	3.5
2026-11-27	209	X	199	2	3.5
2026-11-27	210	X	433	2	4.0
2026-11-27	211	W	149	4	4.0
2026-11-27	211	X	244	2	4.0
2026-11-27	212	X	243	2	4.0
2026-11-27	212	X	252	4	4.0
2026-11-27	212	X	267	2	4.0
2026-11-27	212	X	300	3	4.0
2026-11-27	213	W	113	4	3.5
2026-11-27	213	X	199	2	3.5
2026-11-27	214	N	114	4	4.4
2026-11-27	214	X	199	2	3.5
2026-11-27	214	N	707	4	4.4
2026-11-27	215	W	88	4	2.5
2026-11-27	215	E	105	2	4.1
2026-11-27	215	E	126	3	4.1
2026-11-27	215	M	138	5	3.1
2026-11-27	215	X	437	2	2.5
2026-11-27	216	M	63	2	2.3
2026-11-27	216	W	80	4	1.6
2026-11-27	216	S	120	6	1.8
2026-11-27	216	Q	162	6	2.0
2026-11-27	216	X	173	2	1.5
2026-11-27	216	X	219	4	1.5
2026-11-27	216	X	267	3	1.5
2026-11-27	216	M	618	4	2.3
2026-11-27	217	C	118	3	3.4
2026-11-27	217	R	133	6	1.8
2026-11-27	217	X	173	2	1.5
2026-11-27	218	W	71	4	1.1
2026-11-27	218	W	81	6	1.1
2026-11-27	218	R	149	6	1.4
2026-11-27	218	X	149	2	1.0
2026-11-27	219	V	72	6	0.6
2026-11-27	219	X	210	2	0.5
2026-11-27	219	X	219	4	0.5
2026-11-27	219	X	230	2	0.5
2026-11-27	219	X	267	3	0.5
2026-11-27	220	V	66	6	0.6
2026-11-27	220	X	131	2	0.5
2026-11-27	221	V	69	6	0.6
2026-11-27	221	T	75	6	0.7
2026-11-27	221	X	131	2	0.5
2026-11-27	222	V	67	4	0.6
2026-11-27	222	X	131	2	0.5
2026-11-27	223	X	298	2	0.5
2026-11-27	224	W	71	4	1.1
2026-11-27	224	U	89	6	1.2
2026-11-27	224	S	124	6	1.3
2026-11-27	224	X	149	2	1.0
2026-11-27	224	R	153	6	1.4
2026-11-27	224	X	232	4	1.0
2026-11-27	224	X	281	3	1.0
2026-11-27	225	T	100	6	1.7
2026-11-27	225	R	137	6	1.8
2026-11-27	225	X	173	2	1.5
2026-11-27	226	Q	65	4	2.0
2026-11-27	226	M	71	9	2.3
2026-11-27	226	W	80	4	1.6
2026-11-27	226	T	112	6	1.8
2026-11-27	226	R	157	6	1.9
2026-11-27	226	X	173	2	1.5
2026-11-27	227	K	105	4	3.3
2026-11-27	227	I	155	5	5.5
2026-11-27	227	X	398	2	2.5
2026-11-27	228	W	97	4	3.6
2026-11-27	228	T	110	4	3.8
2026-11-27	228	R	115	4	4.0
2026-11-27	228	Q	124	4	4.1
2026-11-27	228	P	165	4	4.2
2026-11-27	228	O	168	8	6.5
2026-11-27	228	X	199	2	3.5
2026-11-27	228	P	707	4	4.2
2026-11-27	229	U	113	4	3.5
2026-11-27	229	K	120	4	4.2
2026-11-27	229	J	124	4	4.3
2026-11-27	229	J	707	4	4.3
2026-11-27	230	U	131	4	4.6
2026-11-27	231	D	126	4	5.6
2026-11-27	231	U	149	4	4.0
2026-11-27	231	J	152	2	4.8
2026-11-27	232	U	131	4	4.4
2026-11-27	232	P	529	4	4.8
2026-11-27	233	U	113	4	3.5
2026-11-27	233	K	120	4	4.2
2026-11-27	233	K	618	4	4.2
2026-11-27	234	W	97	4	3.6
2026-11-27	234	P	105	2	4.3
2026-11-27	234	T	106	4	3.8
2026-11-27	234	R	106	4	4.0
2026-11-27	234	Q	110	4	4.1
2026-11-27	234	N	129	4	4.4
2026-11-27	234	X	199	2	3.5
2026-11-27	234	N	796	4	4.4
2026-11-27	235	N	86	4	3.1
2026-11-27	235	X	220	2	2.5
2026-11-27	236	M	67	4	2.3
2026-11-27	236	P	70	4	2.1
2026-11-27	236	R	76	4	1.9
2026-11-27	236	V	85	6	1.6
2026-11-27	236	T	116	6	1.7
2026-11-27	236	X	173	2	1.5
2026-11-27	236	P	618	4	2.1
2026-11-27	237	W	75	4	1.0
2026-11-27	237	M	95	4	1.6
2026-11-27	237	X	173	2	1.0
2026-11-27	237	M	707	4	1.6
2026-11-27	238	M	105	4	2.3
2026-11-27	238	V	229	2	1.6
2026-11-27	238	V	238	4	1.6
2026-11-27	238	X	251	2	1.5
2026-11-27	238	V	286	3	1.6
2026-11-27	238	M	796	4	2.3
2026-11-27	239	V	67	4	0.6
2026-11-27	239	X	149	2	0.5
2026-11-27	240	T	79	6	0.8
2026-11-27	240	X	131	2	0.5
2026-11-27	3	D	2373	2	9.4
2026-11-27	6	D	1929	2	8.4
2026-12-16	10	C	2859	2	9.5
2026-12-16	101	Y	182	4	4.5
2026-12-16	101	Z	195	2	4.5
2026-12-16	101	S	200	4	4.9
2026-12-16	101	T	214	2	4.8
2026-12-16	101	Z	214	4	4.5
2026-12-16	101	Z	376	3	4.5
2026-12-16	101	PACKAGE	467	6	7.5
2026-12-16	101	W	707	4	4.7
2026-12-16	104	S	180	4	7.5
2026-12-16	104	Y	200	4	4.5
2026-12-16	104	Z	303	2	4.5
2026-12-16	104	P	389	2	4.8
2026-12-16	104	P	399	4	4.8
2026-12-16	104	P	446	3	4.8
2026-12-16	104	T	885	4	4.6
2026-12-16	106	R	189	4	5.4
2026-12-16	106	Q	200	4	5.4
2026-12-16	106	S	205	2	5.3
2026-12-16	106	X	219	5	4.1
2026-12-16	106	Z	224	4	5.0
2026-12-16	106	Z	885	4	5.0
2026-12-16	109	Y	307	4	5.5
2026-12-16	109	Z	356	2	5.5
2026-12-16	109	Z	404	3	5.5
2026-12-16	109	Z	446	4	5.5
2026-12-16	109	G	462	2	6.7
2026-12-16	109	A	479	3	8.5
2026-12-16	110	N	484	2	5.9
2026-12-16	110	T	559	2	5.6
2026-12-16	111	V	484	4	6.0
2026-12-16	111	H	573	4	6.9
2026-12-16	111	N	617	2	6.4
2026-12-16	111	T	655	3	6.1
2026-12-16	111	G	728	2	7.1
2026-12-16	111	Q	1596	4	6.3
2026-12-16	112	T	418	4	5.5
2026-12-16	112	G	595	2	6.4
2026-12-16	112	S	627	2	8.5
2026-12-16	112	S	722	4	8.5
2026-12-16	112	J	1685	4	6.2
2026-12-16	113	T	325	2	5.8
2026-12-16	113	N	396	2	6.1
2026-12-16	113	Z	440	2	5.5
2026-12-16	113	R	567	4	5.9
2026-12-16	113	K	608	2	6.3
2026-12-16	113	R	1063	4	5.9
2026-12-16	116	Y	231	4	5.0
2026-12-16	116	X	238	4	5.1
2026-12-16	116	N	307	2	5.6
2026-12-16	116	N	322	3	5.6
2026-12-16	116	Z	354	2	5.0
2026-12-16	116	Z	885	4	5.0
2026-12-16	118	T	224	4	4.3
2026-12-16	118	Z	311	2	4.0
2026-12-16	118	J	885	4	5.5
2026-12-16	118	T	1063	4	4.3
2026-12-16	120	R	219	3	4.6
2026-12-16	120	T	303	2	4.5
2026-12-16	120	C	493	6	5.4
2026-12-16	120	M	525	2	4.8
2026-12-16	120	S	796	4	4.5
2026-12-16	120	H	890	4	5.0
2026-12-16	121	T	200	4	7.5
2026-12-16	121	P	224	2	5.3
2026-12-16	121	S	225	6	7.5
2026-12-16	121	R	303	2	5.1
2026-12-16	121	R	413	4	5.1
2026-12-16	121	I	465	4	7.5
2026-12-16	121	Q	707	4	5.2
2026-12-16	121	G	796	4	6.2
2026-12-16	122	S	173	4	4.5
2026-12-16	122	T	303	2	4.5
2026-12-16	122	R	373	4	4.6
2026-12-16	122	A	408	4	5.6
2026-12-16	122	T	796	4	4.5
2026-12-16	124	Z	190	2	5.0
2026-12-16	124	X	195	6	5.1
2026-12-16	124	Y	200	4	5.0
2026-12-16	124	Z	311	2	5.0
2026-12-16	124	6	802	2	6.4
2026-12-16	124	L	991	3	5.4
2026-12-16	126	T	239	3	5.3
2026-12-16	126	Z	241	4	5.0
2026-12-16	126	Y	272	4	5.0
2026-12-16	126	Z	438	3	5.0
2026-12-16	126	Y	885	4	5.0
2026-12-16	129	Y	307	4	5.5
2026-12-16	129	Z	367	2	5.5
2026-12-16	129	N	396	2	6.1
2026-12-16	129	Z	499	4	5.5
2026-12-16	129	H	506	3	6.5
2026-12-16	129	L	546	2	6.2
2026-12-16	129	T	556	2	5.8
2026-12-16	129	W	885	4	5.6
2026-12-16	129	Z	1063	4	5.5
2026-12-16	130	G	595	2	6.5
2026-12-16	130	T	806	2	5.6
2026-12-16	130	C	899	4	7.4
2026-12-16	130	M	1418	4	6.0
2026-12-16	131	V	484	4	6.0
2026-12-16	131	R	567	4	6.2
2026-12-16	131	U	595	2	6.1
2026-12-16	131	N	617	2	6.4
2026-12-16	131	L	622	4	6.6
2026-12-16	131	G	728	2	7.1
2026-12-16	131	U	1418	4	6.1
2026-12-16	132	T	418	4	5.5
2026-12-16	132	N	484	2	5.8
2026-12-16	132	Q	1418	4	5.6
2026-12-16	133	U	325	4	5.7
2026-12-16	133	G	462	2	6.7
2026-12-16	133	Z	522	2	5.5
2026-12-16	133	Z	532	4	5.5
2026-12-16	133	Z	533	2	5.5
2026-12-16	133	Z	627	3	5.5
2026-12-16	133	R	1063	4	5.9
2026-12-16	133	U	1063	4	5.7
2026-12-16	136	X	219	5	5.1
2026-12-16	136	R	228	4	5.4
2026-12-16	136	Y	231	4	5.0
2026-12-16	136	T	278	4	5.3
2026-12-16	136	Z	354	2	5.0
2026-12-16	136	H	433	3	6.0
2026-12-16	136	Z	885	4	5.0
2026-12-16	136	R	885	4	5.4
2026-12-16	138	U	385	2	4.6
2026-12-16	138	U	395	4	4.6
2026-12-16	138	Z	424	2	4.5
2026-12-16	138	U	490	3	4.6
2026-12-16	138	K	491	3	5.0
2026-12-16	138	X	796	4	4.6
2026-12-16	138	3	948	3	6.5
2026-12-16	201	V	87	1	0.6
2026-12-16	201	L	186	6	1.2
2026-12-16	201	G	207	6	1.6
2026-12-16	201	X	215	2	0.5
2026-12-16	201	F	224	6	1.8
2026-12-16	201	X	256	4	0.5
2026-12-16	201	X	285	3	0.5
2026-12-16	202	X	116	6	0.5
2026-12-16	203	V	91	4	0.6
2026-12-16	203	Q	143	6	1.0
2026-12-16	203	X	166	2	0.5
2026-12-16	203	M	176	6	1.3
2026-12-16	203	H	182	6	2.1
2026-12-16	203	G	199	6	2.4
2026-12-16	203	X	266	4	0.5
2026-12-16	203	X	294	3	0.5
2026-12-16	204	X	116	2	1.5
2026-12-16	204	X	138	6	1.5
2026-12-16	205	M	101	4	1.6
2026-12-16	205	W	103	4	1.0
2026-12-16	205	S	154	6	1.3
2026-12-16	205	X	173	2	1.0
2026-12-16	205	X	267	4	1.0
2026-12-16	205	X	295	3	1.0
2026-12-16	205	M	529	4	1.6
2026-12-16	206	K	115	6	2.6
2026-12-16	206	M	136	4	2.3
2026-12-16	206	X	173	2	1.5
2026-12-16	207	X	101	6	2.5
2026-12-16	207	W	116	4	2.5
2026-12-16	207	R	151	6	2.8
2026-12-16	207	Q	165	4	2.9
2026-12-16	207	O	168	5	5.5
2026-12-16	207	Q	707	4	2.9
2026-12-16	208	U	111	1	3.7
2026-12-16	208	R	120	4	4.0
2026-12-16	208	U	121	6	3.7
2026-12-16	208	X	199	2	3.5
2026-12-16	208	X	280	4	3.5
2026-12-16	208	X	309	3	3.5
2026-12-16	208	K	529	4	4.8
2026-12-16	209	Q	128	6	3.9
2026-12-16	209	W	134	1	3.5
2026-12-16	209	X	199	2	3.5
2026-12-16	210	X	433	2	4.0
2026-12-16	211	W	174	2	4.0
2026-12-16	211	X	244	2	4.0
2026-12-16	212	X	300	2	4.0
2026-12-16	212	X	309	4	4.0
2026-12-16	212	X	329	2	4.0
2026-12-16	212	X	338	3	4.0
2026-12-16	213	Q	122	3	3.9
2026-12-16	213	W	138	4	3.5
2026-12-16	213	X	199	2	3.5
2026-12-16	214	N	120	4	4.4
2026-12-16	214	Q	120	4	4.1
2026-12-16	214	L	122	2	4.8
2026-12-16	214	U	136	6	3.7
2026-12-16	214	X	199	2	3.5
2026-12-16	214	N	707	4	4.4
2026-12-16	215	I	107	2	5.5
2026-12-16	215	W	116	4	2.5
2026-12-16	215	S	141	6	2.8
2026-12-16	215	E	168	3	4.1
2026-12-16	215	M	189	5	3.1
2026-12-16	215	X	199	2	2.5
2026-12-16	216	M	106	2	2.3
2026-12-16	216	W	107	4	1.6
2026-12-16	216	X	127	6	1.5
2026-12-16	216	M	147	4	2.3
2026-12-16	216	X	149	6	1.5
2026-12-16	216	M	618	4	2.3
2026-12-16	217	P	110	6	1.9
2026-12-16	217	X	143	6	1.5
2026-12-16	217	C	147	3	3.4
2026-12-16	218	W	95	4	1.1
2026-12-16	218	X	149	2	1.0
2026-12-16	219	R	138	6	0.9
2026-12-16	219	J	166	6	1.8
2026-12-16	219	X	192	2	0.5
2026-12-16	219	F	215	6	2.8
2026-12-16	219	E	232	5	3.5
2026-12-16	219	X	257	4	0.5
2026-12-16	219	X	286	3	0.5
2026-12-16	220	V	91	4	0.6
2026-12-16	220	P	161	6	1.3
2026-12-16	220	X	186	2	0.5
2026-12-16	220	K	196	6	2.0
2026-12-16	221	P	156	6	0.9
2026-12-16	221	H	190	6	1.5
2026-12-16	221	X	221	2	0.5
2026-12-16	221	C	234	6	2.4
2026-12-16	222	V	91	4	0.6
2026-12-16	222	X	110	6	0.5
2026-12-16	222	N	171	6	1.4
2026-12-16	222	M	181	6	1.6
2026-12-16	223	K	191	6	1.6
2026-12-16	223	X	221	2	0.5
2026-12-16	224	W	95	4	1.1
2026-12-16	224	X	143	8	1.0
2026-12-16	225	P	121	6	1.9
2026-12-16	225	X	195	2	1.5
2026-12-16	226	Q	106	4	2.0
2026-12-16	226	W	107	4	1.6
2026-12-16	226	M	123	9	2.3
2026-12-16	226	X	173	2	1.5
2026-12-16	227	K	138	4	3.3
2026-12-16	227	R	146	6	2.8
2026-12-16	227	I	197	5	5.5
2026-12-16	227	X	199	2	2.5
2026-12-16	228	V	106	6	3.6
2026-12-16	228	W	125	4	3.6
2026-12-16	228	P	168	4	4.2
2026-12-16	228	R	184	4	4.0
2026-12-16	228	X	199	2	3.5
2026-12-16	228	O	209	8	6.5
2026-12-16	228	Q	211	4	4.1
2026-12-16	228	P	707	4	4.2
2026-12-16	229	U	138	4	3.5
2026-12-16	229	K	158	4	4.2
2026-12-16	229	J	162	4	4.3
2026-12-16	229	H	177	2	3.4
2026-12-16	229	J	707	4	4.3
2026-12-16	230	U	156	4	4.6
2026-12-16	231	U	174	4	4.0
2026-12-16	231	D	230	4	5.6
2026-12-16	232	U	156	4	4.4
2026-12-16	232	P	529	4	4.8
2026-12-16	233	L	152	4	4.1
2026-12-16	233	K	158	4	4.2
2026-12-16	233	F	186	3	4.7
2026-12-16	233	U	199	2	3.5
2026-12-16	233	B	525	2	4.8
2026-12-16	233	K	618	4	4.2
2026-12-16	234	U	116	1	3.7
2026-12-16	234	W	125	4	3.6
2026-12-16	234	U	126	6	3.7
2026-12-16	234	P	134	4	4.3
2026-12-16	234	T	164	4	3.8
2026-12-16	234	R	174	4	4.0
2026-12-16	234	X	199	2	3.5
2026-12-16	234	Q	202	4	4.1
2026-12-16	234	N	220	4	4.4
2026-12-16	234	N	796	4	4.4
2026-12-16	235	N	104	4	3.1
2026-12-16	235	U	131	6	2.7
2026-12-16	235	E	191	3	3.1
2026-12-16	235	X	199	2	2.5
2026-12-16	236	P	111	4	2.1
2026-12-16	236	M	115	4	2.3
2026-12-16	236	R	122	4	1.9
2026-12-16	236	X	173	2	1.5
2026-12-16	236	P	618	4	2.1
2026-12-16	237	W	103	4	1.0
2026-12-16	237	P	116	6	1.4
2026-12-16	237	M	148	4	1.6
2026-12-16	237	X	173	2	1.0
2026-12-16	237	M	707	4	1.6
2026-12-16	238	X	110	2	1.5
2026-12-16	238	X	132	6	1.5
2026-12-16	238	M	162	4	2.3
2026-12-16	238	V	267	2	1.6
2026-12-16	238	V	276	4	1.6
2026-12-16	238	V	305	3	1.6
2026-12-16	238	M	796	4	2.3
2026-12-16	239	V	91	4	0.6
2026-12-16	239	X	127	6	0.5
2026-12-16	239	R	132	6	0.9
2026-12-16	239	N	166	6	1.2
2026-12-16	240	X	121	6	0.5
2026-12-16	240	J	174	6	2.3
2026-12-16	3	D	2415	2	9.4
2026-12-16	6	D	1971	2	8.4
2026-12-18	10	C	2890	2	9.5
2026-12-18	101	Y	209	2	4.5
2026-12-18	101	S	209	4	4.9
2026-12-18	101	Z	227	6	4.5
2026-12-18	101	PACKAGE	517	6	7.5
2026-12-18	101	W	707	4	4.7
2026-12-18	104	S	214	4	7.5
2026-12-18	104	Y	222	1	4.5
2026-12-18	104	Z	303	2	4.5
2026-12-18	104	P	389	2	4.8
2026-12-18	104	P	399	4	4.8
2026-12-18	104	L	418	3	4.9
2026-12-18	104	P	446	3	4.8
2026-12-18	104	T	885	4	4.6
2026-12-18	106	Q	209	4	5.4
2026-12-18	106	T	240	4	5.3
2026-12-18	106	Z	259	4	5.0
2026-12-18	106	Y	267	1	5.0
2026-12-18	106	R	533	4	5.4
2026-12-18	106	C	759	3	7.0
2026-12-18	106	Z	885	4	5.0
2026-12-18	109	Y	338	4	5.5
2026-12-18	109	Z	356	2	5.5
2026-12-18	109	Z	404	3	5.5
2026-12-18	109	Z	446	4	5.5
2026-12-18	109	G	493	2	6.7
2026-12-18	110	N	515	2	5.9
2026-12-18	110	T	594	2	5.6
2026-12-18	111	V	515	2	6.0
2026-12-18	111	H	587	4	6.9
2026-12-18	111	N	649	2	6.4
2026-12-18	111	G	760	2	7.1
2026-12-18	111	Q	1596	4	6.3
2026-12-18	112	T	449	4	5.5
2026-12-18	112	G	626	2	6.4
2026-12-18	112	S	627	2	8.5
2026-12-18	112	S	722	4	8.5
2026-12-18	112	J	1685	4	6.2
2026-12-18	113	N	427	2	6.1
2026-12-18	113	Z	586	2	5.5
2026-12-18	113	J	627	2	6.4
2026-12-18	113	R	1059	4	5.9
2026-12-18	113	R	1063	4	5.9
2026-12-18	116	X	261	4	5.1
2026-12-18	116	Y	267	1	5.0
2026-12-18	116	Z	354	2	5.0
2026-12-18	116	Z	885	4	5.0
2026-12-18	118	Y	227	4	4.1
2026-12-18	118	M	238	4	4.9
2026-12-18	118	X	240	6	4.1
2026-12-18	118	T	246	4	4.3
2026-12-18	118	Z	311	2	4.0
2026-12-18	118	J	885	4	5.5
2026-12-18	118	T	1063	4	4.3
2026-12-18	120	C	493	6	5.4
2026-12-18	120	T	573	2	4.5
2026-12-18	120	S	796	4	4.5
2026-12-18	120	H	1059	4	5.0
2026-12-18	121	R	207	4	5.1
2026-12-18	121	T	209	4	7.5
2026-12-18	121	E	216	2	6.9
2026-12-18	121	S	227	5	7.5
2026-12-18	121	T	227	4	7.5
2026-12-18	121	R	303	2	5.1
2026-12-18	121	Q	707	4	5.2
2026-12-18	121	G	796	4	6.2
2026-12-18	122	R	209	4	4.6
2026-12-18	122	A	408	4	5.6
2026-12-18	122	T	457	2	4.5
2026-12-18	122	T	796	4	4.5
2026-12-18	124	Y	227	4	5.0
2026-12-18	124	Y	229	5	5.0
2026-12-18	124	Z	285	2	5.0
2026-12-18	124	Z	311	2	5.0
2026-12-18	124	L	450	3	5.4
2026-12-18	124	X	707	4	5.1
2026-12-18	124	6	807	2	6.4
2026-12-18	126	Y	271	4	5.0
2026-12-18	126	Z	380	2	5.0
2026-12-18	126	Z	390	4	5.0
2026-12-18	126	Z	417	2	5.0
2026-12-18	126	Z	438	3	5.0
2026-12-18	129	Y	338	4	5.5
2026-12-18	129	Z	389	2	5.5
2026-12-18	129	N	427	2	6.1
2026-12-18	129	Z	499	4	5.5
2026-12-18	129	L	559	2	6.2
2026-12-18	129	T	570	2	5.8
2026-12-18	129	W	885	4	5.6
2026-12-18	129	Z	1063	4	5.5
2026-12-18	130	G	626	2	6.5
2026-12-18	130	T	855	2	5.6
2026-12-18	130	C	1070	4	7.4
2026-12-18	130	M	1418	4	6.0
2026-12-18	131	R	508	4	6.2
2026-12-18	131	V	515	4	6.0
2026-12-18	131	N	649	2	6.4
2026-12-18	131	G	760	2	7.1
2026-12-18	131	U	1418	4	6.1
2026-12-18	132	T	449	4	5.5
2026-12-18	132	N	515	2	5.8
2026-12-18	132	Q	1418	4	5.6
2026-12-18	133	U	355	2	5.7
2026-12-18	133	Z	380	2	4.5
2026-12-18	133	G	493	2	6.7
2026-12-18	133	Z	532	4	5.5
2026-12-18	133	Z	569	2	5.5
2026-12-18	133	Z	627	3	5.5
2026-12-18	133	U	1063	4	5.7
2026-12-18	133	R	1063	4	5.9
2026-12-18	136	Y	271	4	5.0
2026-12-18	136	T	294	4	5.3
2026-12-18	136	Z	354	2	5.0
2026-12-18	136	H	693	3	6.0
2026-12-18	136	R	885	4	5.4
2026-12-18	136	Z	885	4	5.0
2026-12-18	138	U	385	2	4.6
2026-12-18	138	U	395	4	4.6
2026-12-18	138	Z	424	2	4.5
2026-12-18	138	U	490	3	4.6
2026-12-18	138	X	796	4	4.6
2026-12-18	138	5	807	6	7.5
2026-12-18	201	V	87	4	0.6
2026-12-18	201	M	180	6	1.1
2026-12-18	201	F	190	6	1.8
2026-12-18	201	X	208	2	0.5
2026-12-18	201	X	256	4	0.5
2026-12-18	201	X	285	3	0.5
2026-12-18	202	M	169	6	1.6
2026-12-18	202	K	208	6	2.0
2026-12-18	202	X	241	2	0.5
2026-12-18	203	V	82	2	0.6
2026-12-18	203	G	182	6	2.4
2026-12-18	203	L	197	6	1.5
2026-12-18	203	X	211	2	0.5
2026-12-18	203	X	266	4	0.5
2026-12-18	203	X	294	3	0.5
2026-12-18	204	X	102	2	1.5
2026-12-18	204	X	113	6	1.5
2026-12-18	205	M	94	4	1.6
2026-12-18	205	W	95	4	1.0
2026-12-18	205	X	173	2	1.0
2026-12-18	205	X	267	4	1.0
2026-12-18	205	X	295	3	1.0
2026-12-18	205	M	529	4	1.6
2026-12-18	206	K	110	6	2.6
2026-12-18	206	X	173	2	1.5
2026-12-18	207	W	111	4	2.5
2026-12-18	207	V	141	6	2.6
2026-12-18	207	Q	184	4	2.9
2026-12-18	207	O	197	5	5.5
2026-12-18	207	X	199	2	2.5
2026-12-18	207	Q	707	4	2.9
2026-12-18	208	U	102	2	3.7
2026-12-18	208	L	117	2	4.6
2026-12-18	208	W	124	6	3.6
2026-12-18	208	S	152	4	3.9
2026-12-18	208	R	158	4	4.0
2026-12-18	208	X	199	2	3.5
2026-12-18	208	X	280	4	3.5
2026-12-18	208	X	309	3	3.5
2026-12-18	208	K	529	4	4.8
2026-12-18	209	W	134	4	3.5
2026-12-18	209	Q	161	4	3.9
2026-12-18	209	G	185	2	3.6
2026-12-18	209	X	199	2	3.5
2026-12-18	210	X	433	2	4.0
2026-12-18	211	W	169	3	4.0
2026-12-18	211	X	244	2	4.0
2026-12-18	212	X	300	2	4.0
2026-12-18	212	X	309	4	4.0
2026-12-18	212	X	329	2	4.0
2026-12-18	212	X	338	3	4.0
2026-12-18	213	W	134	4	3.5
2026-12-18	213	R	159	4	3.8
2026-12-18	213	L	164	2	4.2
2026-12-18	213	X	199	2	3.5
2026-12-18	214	U	107	6	3.7
2026-12-18	214	X	118	6	3.5
2026-12-18	214	Q	158	4	4.1
2026-12-18	214	N	160	4	4.4
2026-12-18	214	N	707	4	4.4
2026-12-18	215	I	103	2	5.5
2026-12-18	215	W	111	4	2.5
2026-12-18	215	S	113	6	2.8
2026-12-18	215	W	129	6	2.5
2026-12-18	215	E	168	3	4.1
2026-12-18	215	X	199	2	2.5
2026-12-18	215	M	209	5	3.1
2026-12-18	216	W	103	4	1.6
2026-12-18	216	M	106	2	2.3
2026-12-18	216	M	165	4	2.3
2026-12-18	216	X	173	2	1.5
2026-12-18	216	X	267	4	1.5
2026-12-18	216	X	295	3	1.5
2026-12-18	216	M	618	4	2.3
2026-12-18	217	C	147	3	3.4
2026-12-18	217	N	163	6	2.0
2026-12-18	217	X	189	2	1.5
2026-12-18	218	W	91	4	1.1
2026-12-18	218	M	185	6	1.8
2026-12-18	218	X	215	2	1.0
2026-12-18	219	Q	102	6	1.0
2026-12-18	219	J	166	6	1.8
2026-12-18	219	X	192	2	0.5
2026-12-18	219	X	257	4	0.5
2026-12-18	219	X	286	3	0.5
2026-12-18	220	V	87	4	0.6
2026-12-18	220	J	161	6	2.3
2026-12-18	220	M	174	6	1.6
2026-12-18	220	X	186	2	0.5
2026-12-18	221	V	87	4	0.6
2026-12-18	221	J	169	6	1.4
2026-12-18	221	H	174	6	1.5
2026-12-18	221	X	196	2	0.5
2026-12-18	221	C	234	6	2.4
2026-12-18	222	V	87	4	0.6
2026-12-18	222	M	118	6	1.6
2026-12-18	222	X	136	2	0.5
2026-12-18	223	Q	107	6	1.0
2026-12-18	223	G	177	6	2.4
2026-12-18	223	F	185	6	2.8
2026-12-18	223	E	193	4	3.5
2026-12-18	223	X	205	2	0.5
2026-12-18	224	W	91	4	1.1
2026-12-18	224	X	113	6	1.0
2026-12-18	224	X	128	6	1.0
2026-12-18	224	X	171	8	1.0
2026-12-18	225	X	123	6	1.5
2026-12-18	225	N	157	6	2.0
2026-12-18	226	W	95	2	1.6
2026-12-18	226	Q	102	4	2.0
2026-12-18	226	M	123	9	2.3
2026-12-18	226	X	173	2	1.5
2026-12-18	227	X	113	6	2.5
2026-12-18	227	L	123	2	3.2
2026-12-18	227	W	135	6	2.5
2026-12-18	227	K	143	4	3.3
2026-12-18	227	I	222	5	5.5
2026-12-18	228	W	120	4	3.6
2026-12-18	228	P	166	4	4.2
2026-12-18	228	X	199	2	3.5
2026-12-18	228	R	202	4	4.0
2026-12-18	228	Q	229	4	4.1
2026-12-18	228	O	239	8	6.5
2026-12-18	228	P	707	4	4.2
2026-12-18	229	K	167	4	4.2
2026-12-18	229	J	171	4	4.3
2026-12-18	229	Q	183	4	3.7
2026-12-18	229	U	199	2	3.5
2026-12-18	229	U	280	4	3.5
2026-12-18	229	U	309	3	3.5
2026-12-18	229	D	365	3	4.1
2026-12-18	229	J	707	4	4.3
2026-12-18	230	U	151	4	4.6
2026-12-18	231	J	161	2	4.8
2026-12-18	231	U	169	4	4.0
2026-12-18	231	D	230	4	5.6
2026-12-18	232	U	151	4	4.4
2026-12-18	232	P	529	4	4.8
2026-12-18	233	L	162	4	4.1
2026-12-18	233	K	167	4	4.2
2026-12-18	233	Q	167	2	3.7
2026-12-18	233	Q	175	4	3.7
2026-12-18	233	G	194	3	3.5
2026-12-18	233	U	199	2	3.5
2026-12-18	233	K	618	4	4.2
2026-12-18	234	W	120	4	3.6
2026-12-18	234	T	162	4	3.8
2026-12-18	234	P	162	4	4.3
2026-12-18	234	J	169	2	5.3
2026-12-18	234	R	193	4	4.0
2026-12-18	234	X	199	2	3.5
2026-12-18	234	Q	220	4	4.1
2026-12-18	234	N	239	4	4.4
2026-12-18	234	N	796	4	4.4
2026-12-18	235	N	135	4	3.1
2026-12-18	235	V	146	6	2.6
2026-12-18	235	X	199	2	2.5
2026-12-18	236	X	102	6	1.5
2026-12-18	236	P	103	4	2.1
2026-12-18	236	X	107	6	1.5
2026-12-18	236	R	113	4	1.9
2026-12-18	236	M	115	4	2.3
2026-12-18	236	P	618	4	2.1
2026-12-18	237	W	95	4	1.0
2026-12-18	237	X	118	6	1.0
2026-12-18	237	M	137	4	1.6
2026-12-18	237	M	707	4	1.6
2026-12-18	238	M	151	4	2.3
2026-12-18	238	V	267	2	1.6
2026-12-18	238	V	276	4	1.6
2026-12-18	238	X	293	2	1.5
2026-12-18	238	V	305	3	1.6
2026-12-18	238	M	796	4	2.3
2026-12-18	239	V	87	4	0.6
2026-12-18	239	L	191	6	1.5
2026-12-18	239	K	202	6	1.6
2026-12-18	239	X	221	2	0.5
2026-12-18	240	X	103	6	0.5
2026-12-18	3	D	2446	2	9.4
2026-12-18	6	D	2002	2	8.4
2026-12-21	10	C	2806	2	9.5
2026-12-21	101	S	118	4	4.9
2026-12-21	101	Y	127	6	4.5
2026-12-21	101	U	132	4	4.8
2026-12-21	101	Q	145	2	5.1
2026-12-21	101	Z	271	2	4.5
2026-12-21	101	Z	290	4	4.5
2026-12-21	101	Z	303	2	4.5
2026-12-21	101	Z	338	3	4.5
2026-12-21	101	W	707	4	4.7
2026-12-21	104	S	120	4	7.5
2026-12-21	104	Y	147	4	4.5
2026-12-21	104	L	152	3	4.9
2026-12-21	104	B	230	5	5.5
2026-12-21	104	P	233	2	4.8
2026-12-21	104	P	243	4	4.8
2026-12-21	104	P	290	3	4.8
2026-12-21	104	Z	303	2	4.5
2026-12-21	104	6	613	3	6.3
2026-12-21	104	T	885	4	4.6
2026-12-21	106	Q	118	4	5.4
2026-12-21	106	R	126	4	5.4
2026-12-21	106	S	136	2	5.3
2026-12-21	106	Y	139	4	4.0
2026-12-21	106	Z	147	4	5.0
2026-12-21	106	F	389	1	6.3
2026-12-21	106	F	409	3	6.3
2026-12-21	106	C	564	3	7.0
2026-12-21	106	Z	885	4	5.0
2026-12-21	109	Y	258	4	5.5
2026-12-21	109	Z	332	2	5.5
2026-12-21	109	Z	342	4	5.5
2026-12-21	109	Z	356	2	5.5
2026-12-21	109	K	389	3	6.3
2026-12-21	109	Z	389	3	5.5
2026-12-21	109	G	409	2	6.7
2026-12-21	110	N	431	2	5.9
2026-12-21	110	T	497	2	5.6
2026-12-21	111	H	367	4	6.9
2026-12-21	111	P	389	4	6.4
2026-12-21	111	K	389	2	6.7
2026-12-21	111	V	431	4	6.0
2026-12-21	111	N	564	2	6.4
2026-12-21	111	G	675	2	7.1
2026-12-21	111	Q	1596	4	6.3
2026-12-21	112	T	364	4	5.5
2026-12-21	112	C	428	4	7.3
2026-12-21	112	S	522	2	8.5
2026-12-21	112	G	542	2	6.4
2026-12-21	112	S	547	4	8.5
2026-12-21	112	S	585	3	8.5
2026-12-21	112	J	1685	4	6.2
2026-12-21	113	T	265	2	5.8
2026-12-21	113	N	342	2	6.1
2026-12-21	113	R	363	4	5.9
2026-12-21	113	J	389	2	6.4
2026-12-21	113	H	389	2	6.5
2026-12-21	113	Z	395	2	5.5
2026-12-21	113	R	1063	4	5.9
2026-12-21	116	X	96	4	5.1
2026-12-21	116	Y	127	4	4.0
2026-12-21	116	Y	196	4	5.0
2026-12-21	116	Z	354	2	5.0
2026-12-21	116	PACKAGE	369	6	8.0
2026-12-21	116	Z	885	4	5.0
2026-12-21	118	T	130	4	4.3
2026-12-21	118	Y	133	5	3.1
2026-12-21	118	M	134	4	4.9
2026-12-21	118	X	146	6	4.1
2026-12-21	118	M	166	3	4.9
2026-12-21	118	Z	311	2	4.0
2026-12-21	118	J	885	4	5.5
2026-12-21	118	T	1063	4	4.3
2026-12-21	120	A	241	3	5.6
2026-12-21	120	H	363	4	5.0
2026-12-21	120	T	407	2	4.5
2026-12-21	120	S	796	4	4.5
2026-12-21	121	R	117	4	5.1
2026-12-21	121	T	118	4	7.5
2026-12-21	121	P	132	6	5.3
2026-12-21	121	S	138	3	7.5
2026-12-21	121	T	147	4	7.5
2026-12-21	121	Q	151	4	5.2
2026-12-21	121	R	303	2	5.1
2026-12-21	121	Q	707	4	5.2
2026-12-21	121	G	796	4	6.2
2026-12-21	122	R	118	4	4.6
2026-12-21	122	A	146	2	5.6
2026-12-21	122	C	219	5	5.4
2026-12-21	122	T	303	2	4.5
2026-12-21	122	T	796	4	4.5
2026-12-21	124	Y	127	4	5.0
2026-12-21	124	X	139	6	5.1
2026-12-21	124	Z	143	2	5.0
2026-12-21	124	Y	147	4	5.0
2026-12-21	124	Z	311	2	5.0
2026-12-21	124	F	381	4	5.6
2026-12-21	124	L	579	3	5.4
2026-12-21	124	3	851	3	7.0
2026-12-21	126	Y	133	2	5.0
2026-12-21	126	Z	338	2	5.0
2026-12-21	126	Z	356	4	5.0
2026-12-21	126	Z	371	2	5.0
2026-12-21	126	Z	404	3	5.0
2026-12-21	126	Y	885	4	5.0
2026-12-21	129	Y	258	4	5.5
2026-12-21	129	T	270	2	5.8
2026-12-21	129	Y	307	5	4.5
2026-12-21	129	N	342	2	6.1
2026-12-21	129	L	349	2	6.2
2026-12-21	129	Z	367	2	5.5
2026-12-21	129	Z	384	4	5.5
2026-12-21	129	Z	433	3	5.5
2026-12-21	129	W	885	4	5.6
2026-12-21	130	D	409	2	7.1
2026-12-21	130	C	449	4	7.4
2026-12-21	130	T	474	2	5.6
2026-12-21	130	G	542	2	6.5
2026-12-21	130	M	1418	4	6.0
2026-12-21	131	R	363	4	6.2
2026-12-21	131	U	374	2	6.1
2026-12-21	131	M	389	4	6.5
2026-12-21	131	V	431	4	6.0
2026-12-21	131	N	564	2	6.4
2026-12-21	131	G	675	2	7.1
2026-12-21	131	U	1418	4	6.1
2026-12-21	132	T	364	1	5.5
2026-12-21	132	D	429	4	7.0
2026-12-21	132	N	431	2	5.8
2026-12-21	132	T	497	2	5.5
2026-12-21	132	Q	1418	4	5.6
2026-12-21	133	U	265	4	5.7
2026-12-21	133	Z	293	2	4.5
2026-12-21	133	V	296	2	4.7
2026-12-21	133	Z	381	4	5.5
2026-12-21	133	Z	408	2	5.5
2026-12-21	133	G	409	2	6.7
2026-12-21	133	Z	427	3	5.5
2026-12-21	133	U	1063	4	5.7
2026-12-21	133	R	1063	4	5.9
2026-12-21	136	Y	196	4	5.0
2026-12-21	136	Z	354	2	5.0
2026-12-21	136	H	373	3	6.0
2026-12-21	136	R	885	4	5.4
2026-12-21	136	Z	885	4	5.0
2026-12-21	138	U	305	2	4.6
2026-12-21	138	U	324	4	4.6
2026-12-21	138	Z	335	2	4.5
2026-12-21	138	U	371	3	4.6
2026-12-21	138	4	686	4	7.5
2026-12-21	138	X	796	4	4.6
2026-12-21	201	V	48	4	0.6
2026-12-21	201	V	56	6	0.6
2026-12-21	201	U	61	6	0.6
2026-12-21	201	X	131	2	0.5
2026-12-21	201	X	223	4	0.5
2026-12-21	201	X	252	3	0.5
2026-12-21	202	X	262	2	0.5
2026-12-21	203	V	48	4	0.6
2026-12-21	203	F	113	6	2.8
2026-12-21	203	X	149	2	0.5
2026-12-21	203	X	233	4	0.5
2026-12-21	203	X	262	3	0.5
2026-12-21	204	X	298	2	1.5
2026-12-21	205	M	52	4	1.6
2026-12-21	205	W	57	4	1.0
2026-12-21	205	X	66	6	1.0
2026-12-21	205	M	529	4	1.6
2026-12-21	206	M	77	4	2.3
2026-12-21	206	X	173	2	1.5
2026-12-21	206	K	885	4	2.6
2026-12-21	207	W	65	4	2.5
2026-12-21	207	Q	85	4	2.9
2026-12-21	207	O	126	5	5.5
2026-12-21	207	X	199	2	2.5
2026-12-21	207	Q	707	4	2.9
2026-12-21	208	R	114	4	4.0
2026-12-21	208	X	176	2	3.5
2026-12-21	208	X	186	4	3.5
2026-12-21	208	X	199	2	3.5
2026-12-21	208	X	214	3	3.5
2026-12-21	208	K	529	4	4.8
2026-12-21	209	W	87	4	3.5
2026-12-21	209	X	199	2	3.5
2026-12-21	210	X	433	2	4.0
2026-12-21	211	W	125	4	4.0
2026-12-21	211	X	244	2	4.0
2026-12-21	212	X	195	2	4.0
2026-12-21	212	X	204	4	4.0
2026-12-21	212	X	217	2	4.0
2026-12-21	212	X	233	3	4.0
2026-12-21	213	W	87	4	3.5
2026-12-21	213	X	199	2	3.5
2026-12-21	214	N	114	4	4.4
2026-12-21	214	X	199	2	3.5
2026-12-21	214	N	707	4	4.4
2026-12-21	215	S	57	6	2.8
2026-12-21	215	W	65	4	2.5
2026-12-21	215	I	93	2	5.5
2026-12-21	215	E	126	3	4.1
2026-12-21	215	M	147	5	3.1
2026-12-21	215	X	199	2	2.5
2026-12-21	216	X	60	6	1.5
2026-12-21	216	W	61	4	1.6
2026-12-21	216	M	64	2	2.3
2026-12-21	216	X	71	6	1.5
2026-12-21	216	M	618	4	2.3
2026-12-21	217	W	74	6	1.5
2026-12-21	217	U	80	6	1.6
2026-12-21	217	C	168	3	3.4
2026-12-21	217	X	173	2	1.5
2026-12-21	218	W	52	4	1.1
2026-12-21	218	W	77	6	1.1
2026-12-21	218	X	149	2	1.0
2026-12-21	219	R	73	6	0.9
2026-12-21	219	X	167	2	0.5
2026-12-21	219	X	176	4	0.5
2026-12-21	219	X	183	2	0.5
2026-12-21	219	X	205	3	0.5
2026-12-21	220	V	48	4	0.6
2026-12-21	220	R	75	6	1.0
2026-12-21	220	X	131	2	0.5
2026-12-21	221	X	131	2	0.5
2026-12-21	222	X	47	6	0.5
2026-12-21	222	V	48	4	0.6
2026-12-21	222	W	52	6	0.6
2026-12-21	223	X	49	6	0.5
2026-12-21	223	W	54	6	0.6
2026-12-21	223	V	59	6	0.6
2026-12-21	224	W	52	4	1.1
2026-12-21	224	X	57	6	1.0
2026-12-21	224	N	66	6	1.7
2026-12-21	224	X	68	6	1.0
2026-12-21	224	X	100	8	1.0
2026-12-21	225	N	63	6	2.0
2026-12-21	225	X	63	6	1.5
2026-12-21	225	M	68	6	2.1
2026-12-21	226	Q	56	2	2.0
2026-12-21	226	M	69	4	2.3
2026-12-21	226	M	74	1	2.3
2026-12-21	226	X	173	2	1.5
2026-12-21	226	M	707	4	2.3
2026-12-21	227	K	103	4	3.3
2026-12-21	227	I	155	5	5.5
2026-12-21	227	X	398	2	2.5
2026-12-21	228	W	74	4	3.6
2026-12-21	228	Q	97	4	4.1
2026-12-21	228	R	101	4	4.0
2026-12-21	228	O	168	8	6.5
2026-12-21	228	X	199	2	3.5
2026-12-21	228	P	707	4	4.2
2026-12-21	229	K	114	4	4.2
2026-12-21	229	J	120	4	4.3
2026-12-21	229	U	186	2	3.5
2026-12-21	229	U	195	4	3.5
2026-12-21	229	U	204	2	3.5
2026-12-21	229	U	224	3	3.5
2026-12-21	229	J	707	4	4.3
2026-12-21	230	U	107	3	4.6
2026-12-21	231	J	103	2	4.8
2026-12-21	231	U	125	4	4.0
2026-12-21	231	D	142	1	5.6
2026-12-21	232	U	107	4	4.4
2026-12-21	232	P	529	4	4.8
2026-12-21	233	L	110	4	4.1
2026-12-21	233	K	114	4	4.2
2026-12-21	233	U	199	2	3.5
2026-12-21	233	K	618	4	4.2
2026-12-21	234	W	74	4	3.6
2026-12-21	234	P	79	4	4.3
2026-12-21	234	R	89	4	4.0
2026-12-21	234	Q	110	4	4.1
2026-12-21	234	N	115	4	4.4
2026-12-21	234	X	199	2	3.5
2026-12-21	234	N	796	4	4.4
2026-12-21	235	N	55	4	3.1
2026-12-21	235	X	398	2	2.5
2026-12-21	236	P	57	4	2.1
2026-12-21	236	R	63	4	1.9
2026-12-21	236	M	69	4	2.3
2026-12-21	236	X	173	2	1.5
2026-12-21	236	P	618	4	2.1
2026-12-21	237	W	57	4	1.0
2026-12-21	237	N	60	6	1.5
2026-12-21	237	M	76	4	1.6
2026-12-21	237	X	173	2	1.0
2026-12-21	237	M	707	4	1.6
2026-12-21	238	M	84	4	2.3
2026-12-21	238	V	181	2	1.6
2026-12-21	238	V	191	4	1.6
2026-12-21	238	X	199	2	1.5
2026-12-21	238	V	219	3	1.6
2026-12-21	238	M	796	4	2.3
2026-12-21	239	V	48	4	0.6
2026-12-21	239	T	66	6	0.8
2026-12-21	239	S	71	6	0.8
2026-12-21	239	G	107	6	2.4
2026-12-21	239	X	149	2	0.5
2026-12-21	239	X	308	3	0.5
2026-12-21	240	T	64	6	0.8
2026-12-21	240	S	68	6	0.9
2026-12-21	240	X	131	2	0.5
2026-12-21	3	D	2362	2	9.4
2026-12-21	6	D	1918	2	8.4
2026-12-25	10	C	2899	2	9.5
2026-12-25	101	Y	236	1	4.5
2026-12-25	101	Z	311	2	4.5
2026-12-25	101	Y	327	4	4.5
2026-12-25	101	Q	336	2	5.1
2026-12-25	101	T	336	2	4.8
2026-12-25	101	S	380	4	4.9
2026-12-25	101	Z	423	4	4.5
2026-12-25	101	Z	471	3	4.5
2026-12-25	101	W	707	4	4.7
2026-12-25	104	Y	254	4	4.5
2026-12-25	104	Z	326	4	3.5
2026-12-25	104	S	362	4	7.5
2026-12-25	104	P	428	2	4.8
2026-12-25	104	P	471	3	4.8
2026-12-25	104	P	494	4	4.8
2026-12-25	104	K	531	3	4.9
2026-12-25	104	7	768	4	6.1
2026-12-25	104	T	885	4	4.6
2026-12-25	106	Y	289	2	5.0
2026-12-25	106	Q	380	4	5.4
2026-12-25	106	Y	536	6	4.0
2026-12-25	106	R	543	4	5.4
2026-12-25	106	Z	883	2	5.0
2026-12-25	106	Z	885	4	5.0
2026-12-25	109	Y	347	1	5.5
2026-12-25	109	Z	499	3	5.5
2026-12-25	109	G	502	2	6.7
2026-12-25	109	Z	532	2	5.5
2026-12-25	109	Z	541	4	5.5
2026-12-25	110	T	458	1	5.6
2026-12-25	110	G	635	2	6.5
2026-12-25	110	T	733	4	5.6
2026-12-25	111	V	524	1	6.0
2026-12-25	111	H	642	2	6.9
2026-12-25	111	N	657	2	6.4
2026-12-25	111	G	768	2	7.1
2026-12-25	111	V	1136	2	6.0
2026-12-25	111	Q	1596	4	6.3
2026-12-25	112	S	722	2	8.5
2026-12-25	112	S	817	4	8.5
2026-12-25	112	E	972	2	6.8
2026-12-25	112	T	996	2	5.5
2026-12-25	112	J	1685	4	6.2
2026-12-25	113	N	435	2	6.1
2026-12-25	113	R	723	4	5.9
2026-12-25	113	Z	916	2	5.5
2026-12-25	113	R	1063	4	5.9
2026-12-25	116	Y	285	2	5.0
2026-12-25	116	X	285	4	5.1
2026-12-25	116	Z	883	2	5.0
2026-12-25	116	Z	885	4	5.0
2026-12-25	118	Y	353	5	3.1
2026-12-25	118	T	365	4	4.3
2026-12-25	118	X	369	2	4.1
2026-12-25	118	P	531	3	4.6
2026-12-25	118	Z	776	2	4.0
2026-12-25	118	J	885	4	5.5
2026-12-25	118	T	1063	4	4.3
2026-12-25	120	P	449	3	4.7
2026-12-25	120	C	552	2	5.4
2026-12-25	120	T	757	2	4.5
2026-12-25	120	S	796	4	4.5
2026-12-25	121	R	253	4	5.1
2026-12-25	121	T	254	4	7.5
2026-12-25	121	L	359	2	5.6
2026-12-25	121	I	465	4	7.5
2026-12-25	121	PACKAGE	590	6	7.5
2026-12-25	121	Q	707	4	5.2
2026-12-25	121	R	757	2	5.1
2026-12-25	121	G	796	4	6.2
2026-12-25	122	A	408	4	5.6
2026-12-25	122	R	420	4	4.6
2026-12-25	122	C	525	2	5.4
2026-12-25	122	T	757	2	4.5
2026-12-25	122	T	796	4	4.5
2026-12-25	124	Y	302	4	5.0
2026-12-25	124	X	386	4	5.1
2026-12-25	124	L	500	3	5.4
2026-12-25	124	X	707	4	5.1
2026-12-25	124	Z	776	2	5.0
2026-12-25	124	6	817	4	6.4
2026-12-25	126	Y	289	4	5.0
2026-12-25	126	Z	475	2	5.0
2026-12-25	126	Z	485	4	5.0
2026-12-25	126	Z	533	3	5.0
2026-12-25	129	Z	585	2	5.5
2026-12-25	129	Z	594	4	5.5
2026-12-25	129	L	611	2	6.2
2026-12-25	129	T	623	2	5.8
2026-12-25	129	Y	647	3	5.5
2026-12-25	129	W	885	4	5.6
2026-12-25	129	Z	916	2	5.5
2026-12-25	129	Z	1063	4	5.5
2026-12-25	130	G	635	2	6.5
2026-12-25	130	C	1118	4	7.4
2026-12-25	130	T	1299	2	5.6
2026-12-25	130	M	1418	4	6.0
2026-12-25	131	R	517	2	6.2
2026-12-25	131	V	546	1	6.0
2026-12-25	131	N	657	2	6.4
2026-12-25	131	G	768	2	7.1
2026-12-25	131	V	1136	2	6.0
2026-12-25	131	U	1418	4	6.1
2026-12-25	132	T	458	2	5.5
2026-12-25	132	N	524	2	5.8
2026-12-25	132	E	1021	2	6.8
2026-12-25	132	Q	1418	4	5.6
2026-12-25	133	Y	369	4	5.5
2026-12-25	133	G	502	2	6.7
2026-12-25	133	Z	617	2	5.5
2026-12-25	133	Z	627	4	5.5
2026-12-25	133	U	709	4	5.7
2026-12-25	133	Z	722	3	5.5
2026-12-25	133	R	1063	4	5.9
2026-12-25	133	U	1063	4	5.7
2026-12-25	136	T	366	4	5.3
2026-12-25	136	Z	883	2	5.0
2026-12-25	136	Z	885	4	5.0
2026-12-25	136	R	885	4	5.4
2026-12-25	136	H	17842	3	6.0
2026-12-25	138	Y	249	1	4.5
2026-12-25	138	U	480	2	4.6
2026-12-25	138	U	490	4	4.6
2026-12-25	138	U	585	3	4.6
2026-12-25	138	Z	757	2	4.5
2026-12-25	138	X	796	4	4.6
2026-12-25	138	5	914	2	7.5
2026-12-25	138	3	914	3	6.5
2026-12-25	201	V	125	4	0.6
2026-12-25	201	F	199	6	1.8
2026-12-25	201	P	202	6	0.9
2026-12-25	201	X	231	2	0.5
2026-12-25	201	L	248	6	1.2
2026-12-25	201	X	351	4	0.5
2026-12-25	201	X	380	3	0.5
2026-12-25	202	N	222	6	1.4
2026-12-25	202	X	257	2	0.5
2026-12-25	203	Q	172	6	1.0
2026-12-25	203	X	283	2	0.5
2026-12-25	203	X	361	4	0.5
2026-12-25	203	X	389	3	0.5
2026-12-25	204	W	165	6	1.6
2026-12-25	204	X	224	2	1.5
2026-12-25	205	W	134	4	1.0
2026-12-25	205	R	200	6	1.3
2026-12-25	205	X	260	2	1.0
2026-12-25	205	X	362	4	1.0
2026-12-25	205	X	390	3	1.0
2026-12-25	205	M	529	4	1.6
2026-12-25	206	X	145	6	1.5
2026-12-25	206	M	151	2	2.3
2026-12-25	206	K	885	4	2.6
2026-12-25	207	V	137	6	2.6
2026-12-25	207	W	147	4	2.5
2026-12-25	207	Q	165	4	2.9
2026-12-25	207	T	176	6	2.7
2026-12-25	207	R	196	6	2.8
2026-12-25	207	X	299	2	2.5
2026-12-25	207	O	335	5	5.5
2026-12-25	207	Q	707	4	2.9
2026-12-25	208	S	189	6	3.9
2026-12-25	208	W	200	6	3.6
2026-12-25	208	X	299	2	3.5
2026-12-25	208	X	375	4	3.5
2026-12-25	208	X	404	3	3.5
2026-12-25	208	K	529	4	4.8
2026-12-25	209	X	165	6	3.5
2026-12-25	209	W	169	1	3.5
2026-12-25	209	Q	178	6	3.9
2026-12-25	209	H	218	2	3.5
2026-12-25	210	W	187	4	4.1
2026-12-25	210	X	326	2	4.0
2026-12-25	211	W	200	2	4.0
2026-12-25	211	X	243	6	4.0
2026-12-25	212	X	395	2	4.0
2026-12-25	212	X	404	4	4.0
2026-12-25	212	X	433	3	4.0
2026-12-25	212	X	434	2	4.0
2026-12-25	213	W	169	4	3.5
2026-12-25	213	X	299	2	3.5
2026-12-25	213	B	347	4	4.8
2026-12-25	214	Q	143	4	4.1
2026-12-25	214	R	147	3	4.0
2026-12-25	214	U	156	3	3.7
2026-12-25	214	U	170	6	3.7
2026-12-25	214	X	299	2	3.5
2026-12-25	214	N	707	4	4.4
2026-12-25	215	W	147	4	2.5
2026-12-25	215	U	157	6	2.7
2026-12-25	215	I	165	2	5.5
2026-12-25	215	S	183	6	2.8
2026-12-25	215	E	251	3	4.1
2026-12-25	215	M	272	5	3.1
2026-12-25	215	X	299	2	2.5
2026-12-25	216	W	138	4	1.6
2026-12-25	216	M	144	2	2.3
2026-12-25	216	M	156	4	2.3
2026-12-25	216	X	260	2	1.5
2026-12-25	216	X	362	4	1.5
2026-12-25	216	X	390	3	1.5
2026-12-25	216	M	618	4	2.3
2026-12-25	217	P	209	6	1.9
2026-12-25	217	C	230	3	3.4
2026-12-25	217	M	235	6	2.1
2026-12-25	217	X	272	2	1.5
2026-12-25	218	W	125	2	1.1
2026-12-25	218	W	172	6	1.1
2026-12-25	218	X	224	2	1.0
2026-12-25	219	Q	159	6	1.0
2026-12-25	219	X	343	2	0.5
2026-12-25	219	X	352	4	0.5
2026-12-25	219	X	377	2	0.5
2026-12-25	219	X	381	3	0.5
2026-12-25	220	V	120	2	0.6
2026-12-25	220	L	241	6	1.8
2026-12-25	220	X	280	2	0.5
2026-12-25	221	V	125	4	0.6
2026-12-25	221	G	190	6	1.6
2026-12-25	221	X	220	2	0.5
2026-12-25	222	V	120	1	0.6
2026-12-25	222	X	197	2	0.5
2026-12-25	223	Q	165	6	1.0
2026-12-25	223	X	224	2	0.5
2026-12-25	224	W	129	4	1.1
2026-12-25	224	X	211	8	1.0
2026-12-25	225	W	134	4	1.5
2026-12-25	225	F	176	2	2.8
2026-12-25	225	H	184	4	2.5
2026-12-25	225	X	260	2	1.5
2026-12-25	226	Q	125	4	2.0
2026-12-25	226	W	134	1	1.6
2026-12-25	226	M	139	4	2.3
2026-12-25	226	M	161	4	2.3
2026-12-25	226	M	166	4	2.3
2026-12-25	226	T	186	6	1.8
2026-12-25	226	X	260	2	1.5
2026-12-25	227	K	184	4	3.3
2026-12-25	227	X	299	2	2.5
2026-12-25	227	I	314	5	5.5
2026-12-25	228	W	131	6	3.6
2026-12-25	228	R	174	4	4.0
2026-12-25	228	Q	174	4	4.1
2026-12-25	228	P	183	4	4.2
2026-12-25	228	X	299	2	3.5
2026-12-25	228	O	377	8	6.5
2026-12-25	228	P	707	4	4.2
2026-12-25	229	U	169	4	3.5
2026-12-25	229	K	190	2	4.2
2026-12-25	229	J	195	4	4.3
2026-12-25	229	J	707	4	4.3
2026-12-25	230	U	187	4	4.6
2026-12-25	231	U	205	4	4.0
2026-12-25	231	D	312	3	5.6
2026-12-25	232	U	326	2	4.4
2026-12-25	232	P	529	4	4.8
2026-12-25	233	U	299	2	3.5
2026-12-25	233	K	618	4	4.2
2026-12-25	234	U	144	1	3.7
2026-12-25	234	U	150	6	3.7
2026-12-25	234	R	170	3	4.0
2026-12-25	234	P	179	2	4.3
2026-12-25	234	T	179	4	3.8
2026-12-25	234	Q	184	4	4.1
2026-12-25	234	N	188	4	4.4
2026-12-25	234	X	299	2	3.5
2026-12-25	234	N	796	4	4.4
2026-12-25	235	N	149	4	3.1
2026-12-25	235	U	163	6	2.7
2026-12-25	235	X	299	2	2.5
2026-12-25	236	R	126	4	1.9
2026-12-25	236	X	138	6	1.5
2026-12-25	236	W	138	4	1.6
2026-12-25	236	X	152	6	1.5
2026-12-25	236	M	156	4	2.3
2026-12-25	236	S	193	6	1.8
2026-12-25	236	P	618	4	2.1
2026-12-25	237	W	129	1	1.0
2026-12-25	237	M	153	4	1.6
2026-12-25	237	P	215	6	1.4
2026-12-25	237	X	260	2	1.0
2026-12-25	237	M	707	4	1.6
2026-12-25	238	M	168	4	2.3
2026-12-25	238	N	228	6	2.2
2026-12-25	238	X	265	2	1.5
2026-12-25	238	V	362	2	1.6
2026-12-25	238	V	371	4	1.6
2026-12-25	238	V	400	3	1.6
2026-12-25	238	M	796	4	2.3
2026-12-25	239	X	145	6	0.5
2026-12-25	239	R	152	6	0.9
2026-12-25	240	X	138	6	0.5
2026-12-25	3	D	2455	2	9.4
2026-12-25	6	D	2011	2	8.4
2026-12-31	10	C	2859	2	9.5
2026-12-31	101	Z	161	6	4.5
2026-12-31	101	Y	174	4	4.5
2026-12-31	101	S	185	4	4.9
2026-12-31	101	ZZ	200	2	7.5
2026-12-31	101	PACKAGE	418	6	7.5
2026-12-31	101	W	707	4	4.7
2026-12-31	104	S	176	4	7.5
2026-12-31	104	Y	191	4	4.5
2026-12-31	104	Z	236	2	4.5
2026-12-31	104	Z	303	2	4.5
2026-12-31	104	L	380	3	4.9
2026-12-31	104	P	404	2	4.8
2026-12-31	104	P	413	4	4.8
2026-12-31	104	P	461	3	4.8
2026-12-31	104	T	885	4	4.6
2026-12-31	106	T	176	4	5.3
2026-12-31	106	R	177	4	5.4
2026-12-31	106	Z	183	2	5.0
2026-12-31	106	Q	185	4	5.4
2026-12-31	106	Z	189	4	5.0
2026-12-31	106	C	574	3	7.0
2026-12-31	106	Z	885	4	5.0
2026-12-31	109	Y	307	4	5.5
2026-12-31	109	Z	356	2	5.5
2026-12-31	109	Z	359	2	5.5
2026-12-31	109	Z	460	4	5.5
2026-12-31	109	G	462	2	6.7
2026-12-31	109	Z	513	3	5.5
2026-12-31	110	T	372	2	5.6
2026-12-31	110	N	484	2	5.9
2026-12-31	110	T	559	2	5.6
2026-12-31	111	V	484	4	6.0
2026-12-31	111	Z	547	2	9.0
2026-12-31	111	H	550	4	6.9
2026-12-31	111	N	617	2	6.4
2026-12-31	111	G	728	2	7.1
2026-12-31	111	Q	1596	4	6.3
2026-12-31	112	T	418	4	5.5
2026-12-31	112	G	595	2	6.4
2026-12-31	112	S	642	2	8.5
2026-12-31	112	S	652	4	8.5
2026-12-31	112	J	1685	4	6.2
2026-12-31	113	T	313	2	5.8
2026-12-31	113	Z	367	2	5.5
2026-12-31	113	Z	368	2	5.5
2026-12-31	113	N	396	2	6.1
2026-12-31	113	J	578	2	6.4
2026-12-31	113	R	664	4	5.9
2026-12-31	113	R	1063	4	5.9
2026-12-31	116	Y	231	4	5.0
2026-12-31	116	X	256	4	5.1
2026-12-31	116	Z	274	2	5.0
2026-12-31	116	Z	354	2	5.0
2026-12-31	116	Z	885	4	5.0
2026-12-31	118	Z	183	2	4.0
2026-12-31	118	T	189	4	4.3
2026-12-31	118	X	205	6	4.1
2026-12-31	118	Z	311	2	4.0
2026-12-31	118	J	885	4	5.5
2026-12-31	118	T	1063	4	4.3
2026-12-31	120	T	183	2	4.5
2026-12-31	120	C	389	1	5.4
2026-12-31	120	T	452	2	4.5
2026-12-31	120	S	796	4	4.5
2026-12-31	120	H	919	4	5.0
2026-12-31	121	R	171	4	5.1
2026-12-31	121	T	185	4	7.5
2026-12-31	121	S	190	2	7.5
2026-12-31	121	T	191	4	7.5
2026-12-31	121	E	216	2	6.9
2026-12-31	121	R	303	2	5.1
2026-12-31	121	Q	707	4	5.2
2026-12-31	121	G	796	4	6.2
2026-12-31	122	S	173	4	4.5
2026-12-31	122	T	183	2	4.5
2026-12-31	122	A	272	4	5.6
2026-12-31	122	R	286	4	4.6
2026-12-31	122	T	303	2	4.5
2026-12-31	122	T	796	4	4.5
2026-12-31	124	Z	152	2	5.0
2026-12-31	124	Y	191	4	5.0
2026-12-31	124	Y	195	5	5.0
2026-12-31	124	Z	311	2	5.0
2026-12-31	124	X	707	4	5.1
2026-12-31	124	6	720	2	6.4
2026-12-31	124	L	1142	3	5.4
2026-12-31	126	Z	412	2	5.0
2026-12-31	126	Z	414	4	5.0
2026-12-31	126	Z	444	2	5.0
2026-12-31	126	Z	461	3	5.0
2026-12-31	126	Y	885	4	5.0
2026-12-31	129	Y	307	4	5.5
2026-12-31	129	T	319	2	5.8
2026-12-31	129	Z	367	2	5.5
2026-12-31	129	N	396	2	6.1
2026-12-31	129	L	524	2	6.2
2026-12-31	129	Z	533	4	5.5
2026-12-31	129	Z	570	3	5.5
2026-12-31	129	W	885	4	5.6
2026-12-31	130	G	595	2	6.5
2026-12-31	130	T	666	2	5.6
2026-12-31	130	T	687	2	5.6
2026-12-31	130	C	899	4	7.4
2026-12-31	130	M	1418	4	6.0
2026-12-31	131	R	481	4	6.2
2026-12-31	131	V	484	4	6.0
2026-12-31	131	Z	547	2	9.0
2026-12-31	131	N	617	2	6.4
2026-12-31	131	G	728	2	7.1
2026-12-31	131	U	1418	4	6.1
2026-12-31	132	T	408	2	5.5
2026-12-31	132	T	418	4	5.5
2026-12-31	132	N	484	2	5.8
2026-12-31	132	Q	1418	4	5.6
2026-12-31	133	U	313	4	5.7
2026-12-31	133	Z	346	2	4.5
2026-12-31	133	Z	359	2	5.5
2026-12-31	133	G	462	2	6.7
2026-12-31	133	Z	546	4	5.5
2026-12-31	133	Z	642	3	5.5
2026-12-31	133	R	1063	4	5.9
2026-12-31	133	U	1063	4	5.7
2026-12-31	136	R	200	4	5.4
2026-12-31	136	Y	231	4	5.0
2026-12-31	136	Z	246	2	5.0
2026-12-31	136	T	261	4	5.3
2026-12-31	136	Z	354	2	5.0
2026-12-31	136	H	524	3	6.0
2026-12-31	136	Z	885	4	5.0
2026-12-31	136	R	885	4	5.4
2026-12-31	138	U	400	2	4.6
2026-12-31	138	Z	407	2	4.5
2026-12-31	138	U	409	4	4.6
2026-12-31	138	Z	439	2	4.5
2026-12-31	138	U	457	3	4.6
2026-12-31	138	5	768	6	7.5
2026-12-31	138	X	796	4	4.6
2026-12-31	201	V	74	4	0.6
2026-12-31	201	M	148	6	1.1
2026-12-31	201	X	172	2	0.5
2026-12-31	201	F	190	6	1.8
2026-12-31	201	X	233	4	0.5
2026-12-31	201	X	262	3	0.5
2026-12-31	202	M	139	6	1.6
2026-12-31	202	K	171	6	2.0
2026-12-31	202	X	199	2	0.5
2026-12-31	203	V	74	4	0.6
2026-12-31	203	L	162	6	1.5
2026-12-31	203	G	182	6	2.4
2026-12-31	203	X	188	2	0.5
2026-12-31	203	X	252	4	0.5
2026-12-31	203	X	281	3	0.5
2026-12-31	204	X	87	2	1.5
2026-12-31	204	X	99	6	1.5
2026-12-31	205	W	82	4	1.0
2026-12-31	205	X	248	2	1.0
2026-12-31	205	X	257	4	1.0
2026-12-31	205	X	272	2	1.0
2026-12-31	205	X	285	3	1.0
2026-12-31	205	M	529	4	1.6
2026-12-31	206	K	89	6	2.6
2026-12-31	206	M	131	4	2.3
2026-12-31	206	X	173	2	1.5
2026-12-31	207	W	103	4	2.5
2026-12-31	207	V	116	6	2.6
2026-12-31	207	Q	147	4	2.9
2026-12-31	207	O	189	5	5.5
2026-12-31	207	X	199	2	2.5
2026-12-31	207	Q	707	4	2.9
2026-12-31	208	U	90	2	3.7
2026-12-31	208	L	98	2	4.6
2026-12-31	208	W	102	6	3.6
2026-12-31	208	S	125	4	3.9
2026-12-31	208	R	134	4	4.0
2026-12-31	208	X	199	2	3.5
2026-12-31	208	X	261	4	3.5
2026-12-31	208	X	290	3	3.5
2026-12-31	208	K	529	4	4.8
2026-12-31	209	W	134	4	3.5
2026-12-31	209	Q	137	4	3.9
2026-12-31	209	X	169	2	3.5
2026-12-31	209	X	199	2	3.5
2026-12-31	209	G	208	2	3.6
2026-12-31	210	X	402	2	4.0
2026-12-31	210	X	433	2	4.0
2026-12-31	211	W	169	4	4.0
2026-12-31	211	X	208	2	4.0
2026-12-31	211	X	244	2	4.0
2026-12-31	212	X	267	2	4.0
2026-12-31	212	X	271	4	4.0
2026-12-31	212	X	288	2	4.0
2026-12-31	212	X	300	3	4.0
2026-12-31	213	W	134	4	3.5
2026-12-31	213	R	137	4	3.8
2026-12-31	213	L	156	2	4.2
2026-12-31	213	X	169	2	3.5
2026-12-31	213	X	199	2	3.5
2026-12-31	214	X	97	6	3.5
2026-12-31	214	U	97	6	3.7
2026-12-31	214	N	134	4	4.4
2026-12-31	214	N	707	4	4.4
2026-12-31	215	I	83	2	5.5
2026-12-31	215	S	102	6	2.8
2026-12-31	215	W	103	4	2.5
2026-12-31	215	W	107	6	2.5
2026-12-31	215	E	197	3	4.1
2026-12-31	215	X	199	2	2.5
2026-12-31	215	M	209	5	3.1
2026-12-31	216	W	91	4	1.6
2026-12-31	216	M	98	2	2.3
2026-12-31	216	M	138	4	2.3
2026-12-31	216	X	173	2	1.5
2026-12-31	216	X	252	4	1.5
2026-12-31	216	X	281	3	1.5
2026-12-31	216	M	618	4	2.3
2026-12-31	217	N	134	6	2.0
2026-12-31	217	C	168	3	3.4
2026-12-31	217	X	236	2	1.5
2026-12-31	217	X	255	2	1.5
2026-12-31	218	W	78	4	1.1
2026-12-31	218	M	153	6	1.8
2026-12-31	218	X	177	2	1.0
2026-12-31	219	Q	87	6	1.0
2026-12-31	219	J	166	6	1.8
2026-12-31	219	X	192	2	0.5
2026-12-31	219	X	248	4	0.5
2026-12-31	219	X	276	3	0.5
2026-12-31	220	V	74	4	0.6
2026-12-31	220	M	144	6	1.6
2026-12-31	220	J	166	6	2.3
2026-12-31	220	X	166	2	0.5
2026-12-31	221	H	174	6	1.5
2026-12-31	221	J	174	6	1.4
2026-12-31	221	X	189	2	0.5
2026-12-31	221	C	191	6	2.4
2026-12-31	221	X	202	2	0.5
2026-12-31	222	V	74	4	0.6
2026-12-31	222	M	107	6	1.6
2026-12-31	222	X	131	2	0.5
2026-12-31	223	Q	94	6	1.0
2026-12-31	223	G	182	6	2.4
2026-12-31	223	F	190	6	2.8
2026-12-31	223	E	199	4	3.5
2026-12-31	223	X	211	2	0.5
2026-12-31	224	W	78	1	1.1
2026-12-31	224	X	99	6	1.0
2026-12-31	224	X	112	6	1.0
2026-12-31	224	X	171	8	1.0
2026-12-31	225	X	108	6	1.5
2026-12-31	225	N	130	6	2.0
2026-12-31	225	H	132	4	2.5
2026-12-31	226	Q	79	4	2.0
2026-12-31	226	W	91	4	1.6
2026-12-31	226	M	99	4	2.3
2026-12-31	226	M	108	4	2.3
2026-12-31	226	X	173	2	1.5
2026-12-31	227	X	90	6	2.5
2026-12-31	227	L	103	2	3.2
2026-12-31	227	W	111	6	2.5
2026-12-31	227	K	163	4	3.3
2026-12-31	227	I	222	5	5.5
2026-12-31	228	W	111	4	3.6
2026-12-31	228	P	137	4	4.2
2026-12-31	228	X	137	2	3.5
2026-12-31	228	Q	156	4	4.1
2026-12-31	228	R	161	4	4.0
2026-12-31	228	X	199	2	3.5
2026-12-31	228	O	239	8	6.5
2026-12-31	228	U	247	3	3.7
2026-12-31	228	P	707	4	4.2
2026-12-31	229	Q	157	4	3.7
2026-12-31	229	U	181	2	3.5
2026-12-31	229	K	185	4	4.2
2026-12-31	229	J	190	4	4.3
2026-12-31	229	U	199	2	3.5
2026-12-31	229	U	270	4	3.5
2026-12-31	229	U	300	3	3.5
2026-12-31	229	D	384	3	4.1
2026-12-31	229	J	707	4	4.3
2026-12-31	230	U	141	2	4.6
2026-12-31	230	U	151	4	4.6
2026-12-31	231	D	189	4	5.6
2026-12-31	231	J	207	2	4.8
2026-12-31	231	U	208	2	4.0
2026-12-31	231	U	244	2	4.0
2026-12-31	232	U	141	2	4.4
2026-12-31	232	U	151	4	4.4
2026-12-31	232	P	529	4	4.8
2026-12-31	233	Q	143	2	3.7
2026-12-31	233	Q	150	4	3.7
2026-12-31	233	U	178	2	3.5
2026-12-31	233	L	181	4	4.1
2026-12-31	233	K	185	4	4.2
2026-12-31	233	U	199	2	3.5
2026-12-31	233	G	219	3	3.5
2026-12-31	233	K	618	4	4.2
2026-12-31	234	W	111	4	3.6
2026-12-31	234	T	132	4	3.8
2026-12-31	234	R	152	4	4.0
2026-12-31	234	P	152	4	4.3
2026-12-31	234	Q	170	4	4.1
2026-12-31	234	N	174	4	4.4
2026-12-31	234	J	198	2	5.3
2026-12-31	234	X	199	2	3.5
2026-12-31	234	N	796	4	4.4
2026-12-31	235	N	113	4	3.1
2026-12-31	235	V	121	6	2.6
2026-12-31	235	X	204	2	2.5
2026-12-31	235	X	220	2	2.5
2026-12-31	236	P	80	4	2.1
2026-12-31	236	X	87	6	1.5
2026-12-31	236	R	88	4	1.9
2026-12-31	236	X	94	6	1.5
2026-12-31	236	M	103	4	2.3
2026-12-31	236	P	618	4	2.1
2026-12-31	237	W	82	4	1.0
2026-12-31	237	X	103	6	1.0
2026-12-31	237	M	109	4	1.6
2026-12-31	237	M	707	4	1.6
2026-12-31	238	M	120	4	2.3
2026-12-31	238	X	241	2	1.5
2026-12-31	238	V	257	2	1.6
2026-12-31	238	X	260	2	1.5
2026-12-31	238	V	267	4	1.6
2026-12-31	238	V	295	3	1.6
2026-12-31	238	M	796	4	2.3
2026-12-31	239	V	74	4	0.6
2026-12-31	239	L	157	6	1.5
2026-12-31	239	K	167	6	1.6
2026-12-31	239	X	182	2	0.5
2026-12-31	239	X	308	3	0.5
2026-12-31	240	X	87	6	0.5
2026-12-31	3	D	2415	2	9.4
2026-12-31	6	D	1971	2	8.4
2027-01-03	10	C	2886	2	9.5
2027-01-03	101	S	175	4	4.9
2027-01-03	101	Z	183	2	4.5
2027-01-03	101	Z	192	6	4.5
2027-01-03	101	W	707	4	4.7
2027-01-03	104	S	179	4	7.5
2027-01-03	104	Y	205	4	4.5
2027-01-03	104	Z	223	2	4.5
2027-01-03	104	Z	303	2	4.5
2027-01-03	104	L	380	3	4.9
2027-01-03	104	P	484	2	4.8
2027-01-03	104	P	494	4	4.8
2027-01-03	104	P	541	3	4.8
2027-01-03	104	T	885	4	4.6
2027-01-03	106	Q	175	4	5.4
2027-01-03	106	Z	183	2	5.0
2027-01-03	106	R	187	4	5.4
2027-01-03	106	Z	199	4	5.0
2027-01-03	106	S	202	4	5.3
2027-01-03	106	C	681	3	7.0
2027-01-03	106	Z	885	4	5.0
2027-01-03	109	Y	333	4	5.5
2027-01-03	109	Z	382	2	5.5
2027-01-03	109	Z	384	2	5.5
2027-01-03	109	G	489	2	6.7
2027-01-03	109	Z	499	3	5.5
2027-01-03	109	Z	541	4	5.5
2027-01-03	110	T	426	2	5.6
2027-01-03	110	N	511	2	5.9
2027-01-03	110	T	589	2	5.6
2027-01-03	111	V	511	4	6.0
2027-01-03	111	Z	571	2	9.0
2027-01-03	111	N	644	2	6.4
2027-01-03	111	G	755	2	7.1
2027-01-03	111	H	756	4	6.9
2027-01-03	111	Q	1596	4	6.3
2027-01-03	112	T	444	4	5.5
2027-01-03	112	G	622	2	6.4
2027-01-03	112	S	722	2	8.5
2027-01-03	112	S	817	4	8.5
2027-01-03	112	J	1685	4	6.2
2027-01-03	113	T	334	2	5.8
2027-01-03	113	Z	382	2	5.5
2027-01-03	113	Z	387	2	5.5
2027-01-03	113	N	422	2	6.1
2027-01-03	113	J	794	2	6.4
2027-01-03	113	R	1063	4	5.9
2027-01-03	113	R	1083	4	5.9
2027-01-03	116	Z	201	2	5.0
2027-01-03	116	Y	254	1	5.0
2027-01-03	116	X	256	4	5.1
2027-01-03	116	Z	354	2	5.0
2027-01-03	116	Z	885	4	5.0
2027-01-03	118	X	215	6	4.1
2027-01-03	118	Z	223	2	4.0
2027-01-03	118	Z	311	2	4.0
2027-01-03	118	J	885	4	5.5
2027-01-03	118	T	1063	4	4.3
2027-01-03	120	C	389	6	5.4
2027-01-03	120	S	796	4	4.5
2027-01-03	120	T	838	2	4.5
2027-01-03	120	T	905	2	4.5
2027-01-03	120	H	1083	4	5.0
2027-01-03	121	T	175	4	7.5
2027-01-03	121	R	179	2	5.1
2027-01-03	121	S	192	6	7.5
2027-01-03	121	E	216	2	6.9
2027-01-03	121	R	303	2	5.1
2027-01-03	121	I	374	4	7.5
2027-01-03	121	PACKAGE	467	6	7.5
2027-01-03	121	Q	707	4	5.2
2027-01-03	121	G	796	4	6.2
2027-01-03	122	T	183	2	4.5
2027-01-03	122	A	272	4	5.6
2027-01-03	122	R	286	4	4.6
2027-01-03	122	T	305	2	4.5
2027-01-03	122	T	796	4	4.5
2027-01-03	124	Z	200	2	5.0
2027-01-03	124	Y	205	5	5.0
2027-01-03	124	Y	218	4	5.0
2027-01-03	124	Z	311	2	5.0
2027-01-03	124	L	426	3	5.4
2027-01-03	124	X	707	4	5.1
2027-01-03	124	6	715	2	6.4
2027-01-03	126	Z	483	2	5.0
2027-01-03	126	Z	485	4	5.0
2027-01-03	126	Z	521	2	5.0
2027-01-03	126	Z	533	3	5.0
2027-01-03	126	Y	885	4	5.0
2027-01-03	129	Z	233	2	5.5
2027-01-03	129	Y	329	1	5.5
2027-01-03	129	Z	379	2	5.5
2027-01-03	129	T	410	2	5.8
2027-01-03	129	N	422	2	6.1
2027-01-03	129	Z	594	4	5.5
2027-01-03	129	L	720	2	6.2
2027-01-03	129	W	885	4	5.6
2027-01-03	129	Z	1063	4	5.5
2027-01-03	130	G	622	2	6.5
2027-01-03	130	T	689	2	5.6
2027-01-03	130	T	717	2	5.6
2027-01-03	130	C	1094	4	7.4
2027-01-03	130	M	1418	4	6.0
2027-01-03	131	V	511	4	6.0
2027-01-03	131	R	517	4	6.2
2027-01-03	131	Z	571	2	9.0
2027-01-03	131	N	644	2	6.4
2027-01-03	131	G	755	2	7.1
2027-01-03	131	U	1418	4	6.1
2027-01-03	132	T	431	2	5.5
2027-01-03	132	T	444	4	5.5
2027-01-03	132	N	511	2	5.8
2027-01-03	132	Q	1418	4	5.6
2027-01-03	133	Z	331	2	4.5
2027-01-03	133	Y	333	4	5.5
2027-01-03	133	U	334	2	5.7
2027-01-03	133	Z	382	2	5.5
2027-01-03	133	Z	627	4	5.5
2027-01-03	133	Z	722	3	5.5
2027-01-03	133	R	1063	4	5.9
2027-01-03	133	U	1063	4	5.7
2027-01-03	136	R	219	4	5.4
2027-01-03	136	Y	254	4	5.0
2027-01-03	136	Z	273	2	5.0
2027-01-03	136	T	307	4	5.3
2027-01-03	136	Z	354	2	5.0
2027-01-03	136	Z	885	4	5.0
2027-01-03	136	R	885	4	5.4
2027-01-03	138	U	480	2	4.6
2027-01-03	138	Z	489	2	4.5
2027-01-03	138	U	490	4	4.6
2027-01-03	138	Z	528	2	4.5
2027-01-03	138	U	585	3	4.6
2027-01-03	138	5	763	6	7.5
2027-01-03	138	X	796	4	4.6
2027-01-03	201	V	95	4	0.6
2027-01-03	201	F	190	6	1.8
2027-01-03	201	M	203	6	1.1
2027-01-03	201	X	221	2	0.5
2027-01-03	201	X	304	4	0.5
2027-01-03	201	X	332	3	0.5
2027-01-03	202	M	190	6	1.6
2027-01-03	202	K	234	6	2.0
2027-01-03	202	X	243	2	0.5
2027-01-03	202	X	262	2	0.5
2027-01-03	203	V	95	4	0.6
2027-01-03	203	G	182	6	2.4
2027-01-03	203	X	211	2	0.5
2027-01-03	203	L	222	6	1.5
2027-01-03	203	X	308	4	0.5
2027-01-03	203	X	342	3	0.5
2027-01-03	204	X	117	2	1.5
2027-01-03	204	X	129	6	1.5
2027-01-03	205	M	103	4	1.6
2027-01-03	205	W	107	2	1.0
2027-01-03	205	X	173	2	1.0
2027-01-03	205	X	314	4	1.0
2027-01-03	205	X	343	3	1.0
2027-01-03	205	M	529	4	1.6
2027-01-03	206	K	120	6	2.6
2027-01-03	206	M	131	2	2.3
2027-01-03	206	X	167	2	1.5
2027-01-03	206	X	173	2	1.5
2027-01-03	207	W	120	4	2.5
2027-01-03	207	Q	156	4	2.9
2027-01-03	207	V	158	6	2.6
2027-01-03	207	O	168	5	5.5
2027-01-03	207	X	199	2	2.5
2027-01-03	207	Q	707	4	2.9
2027-01-03	208	U	117	2	3.7
2027-01-03	208	L	127	2	4.6
2027-01-03	208	W	139	6	3.6
2027-01-03	208	R	162	4	4.0
2027-01-03	208	S	171	4	3.9
2027-01-03	208	X	199	2	3.5
2027-01-03	208	X	327	4	3.5
2027-01-03	208	X	357	3	3.5
2027-01-03	208	K	529	4	4.8
2027-01-03	209	W	143	4	3.5
2027-01-03	209	Q	166	4	3.9
2027-01-03	209	G	169	2	3.6
2027-01-03	209	X	174	2	3.5
2027-01-03	209	X	199	2	3.5
2027-01-03	210	X	402	2	4.0
2027-01-03	210	X	433	2	4.0
2027-01-03	211	W	178	4	4.0
2027-01-03	211	X	212	2	4.0
2027-01-03	211	X	244	2	4.0
2027-01-03	212	X	354	2	4.0
2027-01-03	212	X	357	4	4.0
2027-01-03	212	X	382	2	4.0
2027-01-03	212	X	385	3	4.0
2027-01-03	213	W	143	4	3.5
2027-01-03	213	L	166	2	4.2
2027-01-03	213	R	166	4	3.8
2027-01-03	213	X	174	2	3.5
2027-01-03	213	X	199	2	3.5
2027-01-03	214	U	123	6	3.7
2027-01-03	214	X	133	6	3.5
2027-01-03	214	N	162	4	4.4
2027-01-03	214	N	707	4	4.4
2027-01-03	215	I	112	2	5.5
2027-01-03	215	W	120	2	2.5
2027-01-03	215	S	129	6	2.8
2027-01-03	215	W	146	6	2.5
2027-01-03	215	X	151	2	2.5
2027-01-03	215	M	189	5	3.1
2027-01-03	215	X	199	2	2.5
2027-01-03	216	M	112	2	2.3
2027-01-03	216	X	305	2	1.5
2027-01-03	216	X	314	4	1.5
2027-01-03	216	X	335	2	1.5
2027-01-03	216	X	343	3	1.5
2027-01-03	216	M	618	4	2.3
2027-01-03	217	C	147	3	3.4
2027-01-03	217	N	184	6	2.0
2027-01-03	217	X	247	2	1.5
2027-01-03	217	X	266	2	1.5
2027-01-03	218	W	103	4	1.1
2027-01-03	218	M	209	6	1.8
2027-01-03	218	X	242	2	1.0
2027-01-03	219	Q	112	6	1.0
2027-01-03	219	J	166	6	1.8
2027-01-03	219	X	192	2	0.5
2027-01-03	219	X	305	4	0.5
2027-01-03	219	X	333	3	0.5
2027-01-03	220	V	95	4	0.6
2027-01-03	220	J	166	6	2.3
2027-01-03	220	X	192	2	0.5
2027-01-03	220	M	196	6	1.6
2027-01-03	221	H	174	6	1.5
2027-01-03	221	J	174	6	1.4
2027-01-03	221	X	197	2	0.5
2027-01-03	221	X	202	2	0.5
2027-01-03	221	C	219	6	2.4
2027-01-03	222	V	91	2	0.6
2027-01-03	222	X	126	2	0.5
2027-01-03	222	M	135	6	1.6
2027-01-03	222	X	136	2	0.5
2027-01-03	223	Q	118	6	1.0
2027-01-03	223	G	182	6	2.4
2027-01-03	223	F	190	6	2.8
2027-01-03	223	E	199	4	3.5
2027-01-03	223	X	211	2	0.5
2027-01-03	224	W	103	4	1.1
2027-01-03	224	X	123	6	1.0
2027-01-03	224	X	140	6	1.0
2027-01-03	224	X	171	8	1.0
2027-01-03	225	X	135	6	1.5
2027-01-03	225	N	177	6	2.0
2027-01-03	226	W	111	4	1.6
2027-01-03	226	Q	112	4	2.0
2027-01-03	226	M	129	9	2.3
2027-01-03	226	X	173	2	1.5
2027-01-03	227	X	127	6	2.5
2027-01-03	227	L	133	2	3.2
2027-01-03	227	K	143	4	3.3
2027-01-03	227	W	152	6	2.5
2027-01-03	227	I	197	5	5.5
2027-01-03	228	W	129	4	3.6
2027-01-03	228	X	150	2	3.5
2027-01-03	228	P	159	4	4.2
2027-01-03	228	Q	165	4	4.1
2027-01-03	228	R	170	4	4.0
2027-01-03	228	X	199	2	3.5
2027-01-03	228	O	209	8	6.5
2027-01-03	228	P	707	4	4.2
2027-01-03	229	U	181	2	3.5
2027-01-03	229	K	185	4	4.2
2027-01-03	229	J	190	4	4.3
2027-01-03	229	Q	190	4	3.7
2027-01-03	229	U	199	2	3.5
2027-01-03	229	U	327	4	3.5
2027-01-03	229	U	357	3	3.5
2027-01-03	229	D	380	3	4.1
2027-01-03	229	J	707	4	4.3
2027-01-03	230	U	160	4	4.6
2027-01-03	231	J	161	2	4.8
2027-01-03	231	U	162	2	4.0
2027-01-03	231	U	178	4	4.0
2027-01-03	231	D	242	4	5.6
2027-01-03	232	U	160	4	4.4
2027-01-03	232	P	529	4	4.8
2027-01-03	233	Q	174	2	3.7
2027-01-03	233	G	177	3	3.5
2027-01-03	233	U	178	2	3.5
2027-01-03	233	L	181	4	4.1
2027-01-03	233	Q	182	4	3.7
2027-01-03	233	K	185	4	4.2
2027-01-03	233	U	199	2	3.5
2027-01-03	233	K	618	4	4.2
2027-01-03	234	W	129	4	3.6
2027-01-03	234	T	155	4	3.8
2027-01-03	234	X	156	2	3.5
2027-01-03	234	R	161	4	4.0
2027-01-03	234	J	169	2	5.3
2027-01-03	234	Q	179	4	4.1
2027-01-03	234	N	184	4	4.4
2027-01-03	234	X	199	2	3.5
2027-01-03	234	N	796	4	4.4
2027-01-03	235	N	137	4	3.1
2027-01-03	235	V	165	6	2.6
2027-01-03	235	X	369	2	2.5
2027-01-03	235	X	398	2	2.5
2027-01-03	236	X	112	6	1.5
2027-01-03	236	P	113	4	2.1
2027-01-03	236	X	118	6	1.5
2027-01-03	236	M	121	1	2.3
2027-01-03	236	R	124	4	1.9
2027-01-03	236	P	618	4	2.1
2027-01-03	237	W	107	4	1.0
2027-01-03	237	X	129	6	1.0
2027-01-03	237	M	150	4	1.6
2027-01-03	237	M	707	4	1.6
2027-01-03	238	M	165	4	2.3
2027-01-03	238	X	257	2	1.5
2027-01-03	238	X	277	2	1.5
2027-01-03	238	V	314	2	1.6
2027-01-03	238	V	324	4	1.6
2027-01-03	238	V	352	3	1.6
2027-01-03	238	M	796	4	2.3
2027-01-03	239	V	95	4	0.6
2027-01-03	239	L	215	6	1.5
2027-01-03	239	K	228	6	1.6
2027-01-03	239	X	250	2	0.5
2027-01-03	239	X	308	3	0.5
2027-01-03	240	X	112	6	0.5
2027-01-03	3	D	2442	2	9.4
2027-01-03	6	D	1998	2	8.4
2027-01-11	10	C	2828	2	9.5
2027-01-11	101	S	150	4	4.9
2027-01-11	101	Y	160	4	4.5
2027-01-11	101	V	166	6	4.7
2027-01-11	101	Z	303	2	4.5
2027-01-11	101	Z	343	4	4.5
2027-01-11	101	Z	390	3	4.5
2027-01-11	101	M	433	6	5.3
2027-01-11	101	W	707	4	4.7
2027-01-11	104	S	138	4	7.5
2027-01-11	104	Y	178	4	4.5
2027-01-11	104	Z	203	2	4.5
2027-01-11	104	Z	303	2	4.5
2027-01-11	104	P	331	5	4.8
2027-01-11	104	P	413	4	4.8
2027-01-11	104	3	763	5	6.5
2027-01-11	104	T	885	4	4.6
2027-01-11	104	B	929	5	5.5
2027-01-11	106	T	138	4	5.3
2027-01-11	106	Q	150	4	5.4
2027-01-11	106	Z	164	4	5.0
2027-01-11	106	X	204	5	4.1
2027-01-11	106	R	362	4	5.4
2027-01-11	106	PACKAGE	394	6	8.0
2027-01-11	106	C	545	3	7.0
2027-01-11	106	Z	885	4	5.0
2027-01-11	109	Z	165	2	5.5
2027-01-11	109	Y	276	4	5.5
2027-01-11	109	Z	356	2	5.5
2027-01-11	109	G	431	2	6.7
2027-01-11	109	Z	460	4	5.5
2027-01-11	109	Z	509	3	5.5
2027-01-11	110	T	376	2	5.6
2027-01-11	110	N	453	2	5.9
2027-01-11	110	T	523	2	5.6
2027-01-11	111	Z	389	2	9.0
2027-01-11	111	H	390	4	6.9
2027-01-11	111	P	414	4	6.4
2027-01-11	111	V	453	4	6.0
2027-01-11	111	N	586	2	6.4
2027-01-11	111	G	697	2	7.1
2027-01-11	111	Q	1596	4	6.3
2027-01-11	112	T	387	4	5.5
2027-01-11	112	N	525	2	5.8
2027-01-11	112	G	564	2	6.4
2027-01-11	112	S	642	2	8.5
2027-01-11	112	S	652	4	8.5
2027-01-11	112	PACKAGE	836	4	8.5
2027-01-11	112	C	1215	4	7.3
2027-01-11	112	J	1685	4	6.2
2027-01-11	113	T	283	2	5.8
2027-01-11	113	Z	361	2	5.5
2027-01-11	113	N	364	2	6.1
2027-01-11	113	R	386	4	5.9
2027-01-11	113	Z	390	2	5.5
2027-01-11	113	D	705	2	7.2
2027-01-11	113	R	1063	4	5.9
2027-01-11	116	Y	194	4	4.0
2027-01-11	116	Y	218	4	5.0
2027-01-11	116	Z	260	2	5.0
2027-01-11	116	Z	354	2	5.0
2027-01-11	116	Z	885	4	5.0
2027-01-11	118	Y	161	5	3.1
2027-01-11	118	X	161	6	4.1
2027-01-11	118	T	162	4	4.3
2027-01-11	118	Z	311	2	4.0
2027-01-11	118	F	471	3	6.0
2027-01-11	118	J	885	4	5.5
2027-01-11	118	T	1063	4	4.3
2027-01-11	120	S	796	4	4.5
2027-01-11	120	H	866	4	5.0
2027-01-11	120	A	974	3	5.6
2027-01-11	120	T	998	2	4.5
2027-01-11	121	T	150	4	7.5
2027-01-11	121	R	153	4	5.1
2027-01-11	121	Q	166	4	5.2
2027-01-11	121	T	178	4	7.5
2027-01-11	121	R	303	2	5.1
2027-01-11	121	Q	707	4	5.2
2027-01-11	121	G	796	4	6.2
2027-01-11	122	R	151	4	4.6
2027-01-11	122	T	168	2	4.5
2027-01-11	122	A	756	4	5.6
2027-01-11	122	T	796	4	4.5
2027-01-11	122	C	885	5	5.4
2027-01-11	124	Z	105	2	5.0
2027-01-11	124	Y	178	4	5.0
2027-01-11	124	Z	311	2	5.0
2027-01-11	124	4	433	4	6.8
2027-01-11	124	3	455	3	7.0
2027-01-11	124	L	700	3	5.4
2027-01-11	124	X	707	4	5.1
2027-01-11	126	Z	326	2	5.0
2027-01-11	126	Z	404	4	5.0
2027-01-11	126	Z	434	2	5.0
2027-01-11	126	C	452	3	7.0
2027-01-11	126	Z	452	3	5.0
2027-01-11	126	Y	885	4	5.0
2027-01-11	129	Y	276	4	5.5
2027-01-11	129	T	284	2	5.8
2027-01-11	129	N	364	2	6.1
2027-01-11	129	Z	367	2	5.5
2027-01-11	129	L	371	2	6.2
2027-01-11	129	Z	419	4	5.5
2027-01-11	129	K	433	4	6.3
2027-01-11	129	Z	471	3	5.5
2027-01-11	129	W	885	4	5.6
2027-01-11	130	T	414	2	5.6
2027-01-11	130	T	460	2	5.6
2027-01-11	130	G	564	2	6.5
2027-01-11	130	M	1418	4	6.0
2027-01-11	131	R	345	4	6.2
2027-01-11	131	V	453	4	6.0
2027-01-11	131	Z	464	2	9.0
2027-01-11	131	N	586	2	6.4
2027-01-11	131	G	697	2	7.1
2027-01-11	131	U	1418	4	6.1
2027-01-11	131	F	1604	2	7.2
2027-01-11	132	T	386	2	5.5
2027-01-11	132	T	387	4	5.5
2027-01-11	132	N	453	2	5.8
2027-01-11	132	PACKAGE	861	4	8.5
2027-01-11	132	E	875	6	6.8
2027-01-11	132	Q	1418	4	5.6
2027-01-11	133	U	283	4	5.7
2027-01-11	133	V	287	2	4.7
2027-01-11	133	Z	364	2	5.5
2027-01-11	133	Z	393	2	5.5
2027-01-11	133	G	431	2	6.7
2027-01-11	133	Z	546	4	5.5
2027-01-11	133	Z	594	3	5.5
2027-01-11	133	R	1063	4	5.9
2027-01-11	133	U	1063	4	5.7
2027-01-11	136	Z	183	2	5.0
2027-01-11	136	Y	185	2	4.0
2027-01-11	136	Y	218	4	5.0
2027-01-11	136	T	261	4	5.3
2027-01-11	136	Z	354	2	5.0
2027-01-11	136	H	413	3	6.0
2027-01-11	136	Z	885	4	5.0
2027-01-11	136	R	885	4	5.4
2027-01-11	138	U	399	2	4.6
2027-01-11	138	Z	406	2	4.5
2027-01-11	138	U	409	4	4.6
2027-01-11	138	Z	438	2	4.5
2027-01-11	138	U	461	3	4.6
2027-01-11	138	3	763	6	6.5
2027-01-11	138	X	796	4	4.6
2027-01-11	201	V	52	4	0.6
2027-01-11	201	X	214	2	0.5
2027-01-11	201	X	224	4	0.5
2027-01-11	201	X	235	2	0.5
2027-01-11	201	X	271	3	0.5
2027-01-11	202	X	243	2	0.5
2027-01-11	202	X	262	2	0.5
2027-01-11	203	V	52	4	0.6
2027-01-11	203	Q	86	6	1.0
2027-01-11	203	X	149	2	0.5
2027-01-11	203	X	233	4	0.5
2027-01-11	203	X	262	3	0.5
2027-01-11	204	V	66	6	1.6
2027-01-11	204	T	85	6	1.8
2027-01-11	204	R	105	6	1.9
2027-01-11	204	X	149	2	1.5
2027-01-11	205	V	60	6	1.1
2027-01-11	205	W	61	4	1.0
2027-01-11	205	M	75	4	1.6
2027-01-11	205	T	77	6	1.2
2027-01-11	205	R	100	6	1.3
2027-01-11	205	X	173	2	1.0
2027-01-11	205	X	257	4	1.0
2027-01-11	205	X	290	3	1.0
2027-01-11	205	M	529	4	1.6
2027-01-11	206	X	56	4	1.5
2027-01-11	206	V	71	6	1.6
2027-01-11	206	T	83	6	1.8
2027-01-11	206	R	103	6	1.9
2027-01-11	206	M	118	4	2.3
2027-01-11	206	K	139	6	2.6
2027-01-11	206	X	173	2	1.5
2027-01-11	207	W	74	4	2.5
2027-01-11	207	O	126	5	5.5
2027-01-11	207	X	199	2	2.5
2027-01-11	207	Q	707	4	2.9
2027-01-11	208	R	84	4	4.0
2027-01-11	208	X	252	2	3.5
2027-01-11	208	X	261	4	3.5
2027-01-11	208	X	277	2	3.5
2027-01-11	208	X	294	3	3.5
2027-01-11	208	K	529	4	4.8
2027-01-11	209	W	120	4	3.5
2027-01-11	209	X	199	2	3.5
2027-01-11	210	X	402	2	4.0
2027-01-11	210	X	433	2	4.0
2027-01-11	211	W	156	4	4.0
2027-01-11	211	X	244	2	4.0
2027-01-11	212	X	306	2	4.0
2027-01-11	212	X	309	4	4.0
2027-01-11	212	X	329	2	4.0
2027-01-11	213	W	120	4	3.5
2027-01-11	213	X	137	2	3.5
2027-01-11	213	X	199	2	3.5
2027-01-11	214	N	88	4	4.4
2027-01-11	214	X	199	2	3.5
2027-01-11	214	N	707	4	4.4
2027-01-11	215	W	74	4	2.5
2027-01-11	215	I	129	2	5.5
2027-01-11	215	M	168	5	3.1
2027-01-11	215	E	168	3	4.1
2027-01-11	215	X	199	2	2.5
2027-01-11	216	W	57	6	1.6
2027-01-11	216	U	74	6	1.7
2027-01-11	216	S	91	6	1.8
2027-01-11	216	X	173	2	1.5
2027-01-11	216	X	247	4	1.5
2027-01-11	216	X	275	3	1.5
2027-01-11	216	M	618	4	2.3
2027-01-11	217	V	63	6	1.6
2027-01-11	217	T	80	6	1.7
2027-01-11	217	R	97	6	1.8
2027-01-11	217	C	126	3	3.4
2027-01-11	217	X	173	2	1.5
2027-01-11	218	W	57	4	1.1
2027-01-11	218	V	68	6	1.1
2027-01-11	218	T	88	6	1.3
2027-01-11	218	R	108	6	1.4
2027-01-11	218	X	149	2	1.0
2027-01-11	219	T	82	6	0.8
2027-01-11	219	X	243	2	0.5
2027-01-11	219	X	248	4	0.5
2027-01-11	219	X	261	2	0.5
2027-01-11	219	X	281	3	0.5
2027-01-11	220	V	52	4	0.6
2027-01-11	220	X	131	2	0.5
2027-01-11	221	X	131	2	0.5
2027-01-11	222	V	52	4	0.6
2027-01-11	222	X	131	2	0.5
2027-01-11	223	X	277	2	0.5
2027-01-11	223	X	298	2	0.5
2027-01-11	224	W	57	4	1.1
2027-01-11	224	X	157	2	1.0
2027-01-11	224	X	166	4	1.0
2027-01-11	224	X	173	2	1.0
2027-01-11	224	X	195	3	1.0
2027-01-11	225	Q	111	6	1.9
2027-01-11	225	X	173	2	1.5
2027-01-11	226	W	65	4	1.6
2027-01-11	226	M	67	9	2.3
2027-01-11	226	Q	79	4	2.0
2027-01-11	226	Q	114	6	2.0
2027-01-11	226	X	173	2	1.5
2027-01-11	227	K	129	4	3.3
2027-01-11	227	I	147	5	5.5
2027-01-11	227	X	369	2	2.5
2027-01-11	227	X	398	2	2.5
2027-01-11	228	W	82	4	3.6
2027-01-11	228	O	184	8	6.5
2027-01-11	228	P	207	4	4.2
2027-01-11	228	X	222	2	3.5
2027-01-11	228	P	707	4	4.2
2027-01-11	229	U	145	2	3.5
2027-01-11	229	K	147	4	4.2
2027-01-11	229	J	152	4	4.3
2027-01-11	229	U	199	2	3.5
2027-01-11	229	U	270	4	3.5
2027-01-11	229	U	300	3	3.5
2027-01-11	229	J	707	4	4.3
2027-01-11	230	U	138	4	4.6
2027-01-11	231	D	128	4	5.6
2027-01-11	231	U	141	2	4.0
2027-01-11	231	U	244	2	4.0
2027-01-11	232	U	138	4	4.4
2027-01-11	232	P	529	4	4.8
2027-01-11	233	U	140	2	3.5
2027-01-11	233	L	143	4	4.1
2027-01-11	233	K	147	4	4.2
2027-01-11	233	U	199	2	3.5
2027-01-11	233	K	618	4	4.2
2027-01-11	234	W	82	4	3.6
2027-01-11	234	T	188	4	3.8
2027-01-11	234	X	202	2	3.5
2027-01-11	234	N	796	4	4.4
2027-01-11	235	N	78	4	3.1
2027-01-11	235	X	204	2	2.5
2027-01-11	235	X	220	2	2.5
2027-01-11	236	M	62	4	2.3
2027-01-11	236	P	86	4	2.1
2027-01-11	236	R	101	4	1.9
2027-01-11	236	X	135	2	1.5
2027-01-11	236	X	173	2	1.5
2027-01-11	236	P	618	4	2.1
2027-01-11	237	W	61	4	1.0
2027-01-11	237	X	173	2	1.0
2027-01-11	237	M	707	4	1.6
2027-01-11	238	V	257	2	1.6
2027-01-11	238	X	263	2	1.5
2027-01-11	238	V	267	4	1.6
2027-01-11	238	V	267	3	1.6
2027-01-11	238	X	282	2	1.5
2027-01-11	238	M	796	4	2.3
2027-01-11	239	V	52	4	0.6
2027-01-11	239	X	308	3	0.5
2027-01-11	239	X	327	2	0.5
2027-01-11	240	X	243	2	0.5
2027-01-11	240	X	262	2	0.5
2027-01-11	3	D	2384	2	9.4
2027-01-11	6	D	1940	2	8.4
2027-01-20	10	C	2833	2	9.5
2027-01-20	101	Z	151	6	4.5
2027-01-20	101	Y	159	4	4.5
2027-01-20	101	Y	161	4	4.5
2027-01-20	101	X	166	2	4.6
2027-01-20	101	S	166	4	4.9
2027-01-20	101	U	166	2	4.8
2027-01-20	101	M	170	2	5.3
2027-01-20	101	T	174	6	4.8
2027-01-20	101	W	707	4	4.7
2027-01-20	104	S	155	4	7.5
2027-01-20	104	X	166	2	4.6
2027-01-20	104	Y	179	4	4.5
2027-01-20	104	Z	189	2	4.5
2027-01-20	104	P	190	3	4.8
2027-01-20	104	Z	303	2	4.5
2027-01-20	104	P	357	2	4.8
2027-01-20	104	P	365	4	4.8
2027-01-20	104	B	389	5	5.5
2027-01-20	104	K	597	3	4.9
2027-01-20	104	6	671	3	6.3
2027-01-20	104	T	885	4	4.6
2027-01-20	106	R	152	4	5.4
2027-01-20	106	S	163	4	5.3
2027-01-20	106	Q	166	4	5.4
2027-01-20	106	Z	179	4	5.0
2027-01-20	106	Y	209	4	4.0
2027-01-20	106	X	220	2	5.1
2027-01-20	106	C	574	3	7.0
2027-01-20	106	Z	885	4	5.0
2027-01-20	109	Y	281	4	5.5
2027-01-20	109	Z	404	2	5.5
2027-01-20	109	Z	413	4	5.5
2027-01-20	109	G	436	2	6.7
2027-01-20	109	Z	445	2	5.5
2027-01-20	109	Z	461	3	5.5
2027-01-20	110	T	346	2	5.6
2027-01-20	110	T	398	2	5.6
2027-01-20	111	Z	439	2	9.0
2027-01-20	111	H	440	4	6.9
2027-01-20	111	V	459	4	6.0
2027-01-20	111	N	592	2	6.4
2027-01-20	111	G	703	2	7.1
2027-01-20	111	Q	1596	4	6.3
2027-01-20	112	T	392	4	5.5
2027-01-20	112	G	570	2	6.4
2027-01-20	112	S	594	2	8.5
2027-01-20	112	S	604	4	8.5
2027-01-20	112	D	755	2	7.0
2027-01-20	112	J	1685	4	6.2
2027-01-20	113	T	288	2	5.8
2027-01-20	113	Z	364	2	5.5
2027-01-20	113	N	370	2	6.1
2027-01-20	113	Z	393	2	5.5
2027-01-20	113	L	467	2	6.2
2027-01-20	113	J	490	2	6.4
2027-01-20	113	R	616	4	5.9
2027-01-20	113	R	1063	4	5.9
2027-01-20	116	Y	214	4	5.0
2027-01-20	116	X	230	4	5.1
2027-01-20	116	Z	354	2	5.0
2027-01-20	116	Z	885	4	5.0
2027-01-20	118	Y	156	5	3.1
2027-01-20	118	T	164	4	4.3
2027-01-20	118	M	200	4	4.9
2027-01-20	118	Z	311	2	4.0
2027-01-20	118	F	597	3	6.0
2027-01-20	118	J	885	4	5.5
2027-01-20	118	T	1063	4	4.3
2027-01-20	120	R	190	3	4.6
2027-01-20	120	M	199	2	4.8
2027-01-20	120	T	303	2	4.5
2027-01-20	120	H	597	3	5.0
2027-01-20	120	3	720	2	6.5
2027-01-20	120	S	796	4	4.5
2027-01-20	120	H	833	4	5.0
2027-01-20	121	R	149	4	5.1
2027-01-20	121	T	159	4	7.5
2027-01-20	121	Q	166	2	5.2
2027-01-20	121	T	179	4	7.5
2027-01-20	121	S	182	6	7.5
2027-01-20	121	R	303	2	5.1
2027-01-20	121	Q	707	4	5.2
2027-01-20	121	G	796	4	6.2
2027-01-20	122	A	164	4	5.6
2027-01-20	122	R	172	4	4.6
2027-01-20	122	T	303	2	4.5
2027-01-20	122	T	796	4	4.5
2027-01-20	124	Z	114	2	5.0
2027-01-20	124	Y	164	2	4.0
2027-01-20	124	Y	179	4	5.0
2027-01-20	124	X	195	2	5.1
2027-01-20	124	Z	311	2	5.0
2027-01-20	124	PACKAGE	394	6	8.0
2027-01-20	124	X	707	4	5.1
2027-01-20	124	L	710	3	5.4
2027-01-20	124	3	914	3	7.0
2027-01-20	126	Z	326	2	5.0
2027-01-20	126	Z	354	2	5.0
2027-01-20	126	Z	357	4	5.0
2027-01-20	126	Z	404	3	5.0
2027-01-20	126	Y	885	4	5.0
2027-01-20	129	Y	281	4	5.5
2027-01-20	129	T	293	2	5.8
2027-01-20	129	Z	352	2	5.5
2027-01-20	129	Z	367	2	5.5
2027-01-20	129	N	370	2	6.1
2027-01-20	129	Z	371	4	5.5
2027-01-20	129	L	419	2	6.2
2027-01-20	129	Z	423	3	5.5
2027-01-20	129	W	885	4	5.6
2027-01-20	130	T	431	2	5.6
2027-01-20	130	G	570	2	6.5
2027-01-20	130	T	657	2	5.6
2027-01-20	130	C	841	4	7.4
2027-01-20	130	M	1418	4	6.0
2027-01-20	131	R	399	4	6.2
2027-01-20	131	U	423	2	6.1
2027-01-20	131	V	459	4	6.0
2027-01-20	131	Z	464	2	9.0
2027-01-20	131	N	592	2	6.4
2027-01-20	131	G	703	2	7.1
2027-01-20	131	U	1418	4	6.1
2027-01-20	132	T	381	2	5.5
2027-01-20	132	T	392	4	5.5
2027-01-20	132	N	459	2	5.8
2027-01-20	132	E	755	2	6.8
2027-01-20	132	Q	1418	4	5.6
2027-01-20	133	U	288	4	5.7
2027-01-20	133	Z	364	2	5.5
2027-01-20	133	Z	393	2	5.5
2027-01-20	133	G	436	2	6.7
2027-01-20	133	Z	499	4	5.5
2027-01-20	133	Z	547	3	5.5
2027-01-20	133	R	1063	4	5.9
2027-01-20	133	U	1063	4	5.7
2027-01-20	136	Z	206	2	5.0
2027-01-20	136	Y	214	4	5.0
2027-01-20	136	T	243	4	5.3
2027-01-20	136	Z	354	2	5.0
2027-01-20	136	H	524	3	6.0
2027-01-20	136	Z	885	4	5.0
2027-01-20	136	R	885	4	5.4
2027-01-20	138	U	351	2	4.6
2027-01-20	138	Z	358	2	4.5
2027-01-20	138	U	362	4	4.6
2027-01-20	138	Z	386	2	4.5
2027-01-20	138	U	414	3	4.6
2027-01-20	138	4	720	4	7.5
2027-01-20	138	5	720	2	7.5
2027-01-20	138	X	796	4	4.6
2027-01-20	201	V	57	4	0.6
2027-01-20	201	X	195	2	0.5
2027-01-20	201	X	205	4	0.5
2027-01-20	201	X	214	2	0.5
2027-01-20	201	X	252	3	0.5
2027-01-20	202	X	243	2	0.5
2027-01-20	202	X	262	2	0.5
2027-01-20	203	V	57	4	0.6
2027-01-20	203	T	80	6	0.8
2027-01-20	203	S	83	6	0.8
2027-01-20	203	X	149	2	0.5
2027-01-20	203	X	214	4	0.5
2027-01-20	203	X	243	3	0.5
2027-01-20	204	X	277	2	1.5
2027-01-20	204	X	298	2	1.5
2027-01-20	205	M	55	4	1.6
2027-01-20	205	W	66	4	1.0
2027-01-20	205	X	173	2	1.0
2027-01-20	205	X	238	4	1.0
2027-01-20	205	X	271	3	1.0
2027-01-20	205	M	529	4	1.6
2027-01-20	206	K	66	6	2.6
2027-01-20	206	M	131	4	2.3
2027-01-20	206	X	155	2	1.5
2027-01-20	206	X	173	2	1.5
2027-01-20	207	W	79	4	2.5
2027-01-20	207	O	126	5	5.5
2027-01-20	207	X	199	2	2.5
2027-01-20	207	Q	707	4	2.9
2027-01-20	208	R	84	4	4.0
2027-01-20	208	X	233	2	3.5
2027-01-20	208	X	242	4	3.5
2027-01-20	208	X	256	2	3.5
2027-01-20	208	X	275	3	3.5
2027-01-20	208	K	529	4	4.8
2027-01-20	209	W	117	4	3.5
2027-01-20	209	X	199	2	3.5
2027-01-20	210	X	402	2	4.0
2027-01-20	210	X	433	2	4.0
2027-01-20	211	W	152	4	4.0
2027-01-20	211	X	244	2	4.0
2027-01-20	212	X	287	2	4.0
2027-01-20	212	X	290	4	4.0
2027-01-20	212	X	309	2	4.0
2027-01-20	213	W	117	4	3.5
2027-01-20	213	X	199	2	3.5
2027-01-20	214	N	84	4	4.4
2027-01-20	214	X	199	2	3.5
2027-01-20	214	N	707	4	4.4
2027-01-20	215	I	62	2	5.5
2027-01-20	215	W	79	4	2.5
2027-01-20	215	M	151	5	3.1
2027-01-20	215	E	168	3	4.1
2027-01-20	215	X	199	2	2.5
2027-01-20	216	M	54	2	2.3
2027-01-20	216	X	223	2	1.5
2027-01-20	216	X	228	4	1.5
2027-01-20	216	X	240	2	1.5
2027-01-20	216	X	256	3	1.5
2027-01-20	216	M	618	4	2.3
2027-01-20	217	L	69	6	2.2
2027-01-20	217	C	126	3	3.4
2027-01-20	217	X	173	2	1.5
2027-01-20	218	W	62	4	1.1
2027-01-20	218	X	66	6	1.0
2027-01-20	218	X	69	6	1.0
2027-01-20	218	W	72	6	1.1
2027-01-20	218	L	72	6	2.0
2027-01-20	219	R	86	6	0.9
2027-01-20	219	X	223	2	0.5
2027-01-20	219	X	229	4	0.5
2027-01-20	219	X	241	2	0.5
2027-01-20	219	X	262	3	0.5
2027-01-20	220	V	57	4	0.6
2027-01-20	220	X	131	2	0.5
2027-01-20	221	X	65	6	0.5
2027-01-20	221	W	74	6	0.5
2027-01-20	222	V	57	4	0.6
2027-01-20	222	X	62	6	0.5
2027-01-20	222	W	77	6	0.6
2027-01-20	223	K	79	6	1.6
2027-01-20	223	X	277	2	0.5
2027-01-20	223	X	298	2	0.5
2027-01-20	224	W	62	4	1.1
2027-01-20	224	X	138	2	1.0
2027-01-20	224	X	147	4	1.0
2027-01-20	224	X	152	2	1.0
2027-01-20	224	X	176	3	1.0
2027-01-20	225	X	173	2	1.5
2027-01-20	226	Q	60	4	2.0
2027-01-20	226	M	63	9	2.3
2027-01-20	226	W	70	4	1.6
2027-01-20	226	X	173	2	1.5
2027-01-20	227	K	62	4	3.3
2027-01-20	227	I	147	5	5.5
2027-01-20	227	X	369	2	2.5
2027-01-20	227	X	398	2	2.5
2027-01-20	228	W	88	4	3.6
2027-01-20	228	T	105	4	3.8
2027-01-20	228	O	159	8	6.5
2027-01-20	228	X	199	2	3.5
2027-01-20	228	P	219	4	4.2
2027-01-20	228	P	707	4	4.2
2027-01-20	229	U	142	2	3.5
2027-01-20	229	K	158	4	4.2
2027-01-20	229	J	162	4	4.3
2027-01-20	229	U	199	2	3.5
2027-01-20	229	U	251	4	3.5
2027-01-20	229	U	281	3	3.5
2027-01-20	229	J	707	4	4.3
2027-01-20	230	U	135	4	4.6
2027-01-20	231	D	121	4	5.6
2027-01-20	231	U	141	2	4.0
2027-01-20	231	U	244	2	4.0
2027-01-20	232	U	135	4	4.4
2027-01-20	232	P	529	4	4.8
2027-01-20	233	U	150	2	3.5
2027-01-20	233	L	152	4	4.1
2027-01-20	233	K	158	4	4.2
2027-01-20	233	U	199	2	3.5
2027-01-20	233	K	618	4	4.2
2027-01-20	234	W	88	4	3.6
2027-01-20	234	T	219	4	3.8
2027-01-20	234	X	236	2	3.5
2027-01-20	234	N	796	4	4.4
2027-01-20	235	N	60	4	3.1
2027-01-20	235	X	204	2	2.5
2027-01-20	235	X	220	2	2.5
2027-01-20	236	M	59	1	2.3
2027-01-20	236	P	61	4	2.1
2027-01-20	236	R	67	4	1.9
2027-01-20	236	X	121	2	1.5
2027-01-20	236	X	173	2	1.5
2027-01-20	236	P	618	4	2.1
2027-01-20	237	W	66	4	1.0
2027-01-20	237	M	81	4	1.6
2027-01-20	237	X	173	2	1.0
2027-01-20	237	M	707	4	1.6
2027-01-20	238	M	66	6	2.3
2027-01-20	238	X	149	2	1.5
2027-01-20	238	V	238	2	1.6
2027-01-20	238	V	248	4	1.6
2027-01-20	238	V	248	3	1.6
2027-01-20	239	V	57	4	0.6
2027-01-20	239	K	75	6	1.6
2027-01-20	239	J	95	6	1.8
2027-01-20	239	X	149	2	0.5
2027-01-20	239	X	308	3	0.5
2027-01-20	240	X	68	6	0.5
2027-01-20	240	W	71	6	0.6
2027-01-20	3	D	2389	2	9.4
2027-01-20	6	D	1946	2	8.4
2027-01-27	10	C	2851	2	9.5
2027-01-27	101	S	134	4	4.9
2027-01-27	101	X	153	6	4.6
2027-01-27	101	Y	161	4	4.5
2027-01-27	101	Q	161	6	5.1
2027-01-27	101	Z	276	2	4.5
2027-01-27	101	Z	295	4	4.5
2027-01-27	101	Z	303	2	4.5
2027-01-27	101	Z	343	3	4.5
2027-01-27	101	M	433	6	5.3
2027-01-27	101	W	707	4	4.7
2027-01-27	104	S	137	4	7.5
2027-01-27	104	Z	153	4	3.5
2027-01-27	104	Y	179	4	4.5
2027-01-27	104	P	357	2	4.8
2027-01-27	104	P	365	4	4.8
2027-01-27	104	P	414	3	4.8
2027-01-27	104	B	432	5	5.5
2027-01-27	104	3	851	5	6.5
2027-01-27	104	T	885	4	4.6
2027-01-27	106	Q	134	4	5.4
2027-01-27	106	Z	171	2	5.0
2027-01-27	106	T	172	4	5.3
2027-01-27	106	Z	189	4	5.0
2027-01-27	106	X	204	5	4.1
2027-01-27	106	R	354	4	5.4
2027-01-27	106	F	411	1	6.3
2027-01-27	106	F	432	3	6.3
2027-01-27	106	C	516	3	7.0
2027-01-27	106	Z	885	4	5.0
2027-01-27	109	Z	200	2	5.5
2027-01-27	109	Y	299	4	5.5
2027-01-27	109	Z	356	2	5.5
2027-01-27	109	A	392	4	8.5
2027-01-27	109	Z	413	4	5.5
2027-01-27	109	G	454	2	6.7
2027-01-27	109	Z	461	3	5.5
2027-01-27	110	T	444	2	5.6
2027-01-27	110	N	476	2	5.9
2027-01-27	110	T	549	2	5.6
2027-01-27	111	V	476	4	6.0
2027-01-27	111	Z	502	2	9.0
2027-01-27	111	H	504	2	6.9
2027-01-27	111	P	559	4	6.4
2027-01-27	111	N	609	2	6.4
2027-01-27	111	G	720	2	7.1
2027-01-27	111	Q	1596	4	6.3
2027-01-27	112	T	410	4	5.5
2027-01-27	112	G	587	2	6.4
2027-01-27	112	S	594	2	8.5
2027-01-27	112	S	604	4	8.5
2027-01-27	112	PACKAGE	885	4	8.5
2027-01-27	112	C	1215	4	7.3
2027-01-27	112	J	1685	4	6.2
2027-01-27	113	T	284	2	5.8
2027-01-27	113	Z	350	2	5.5
2027-01-27	113	Z	378	2	5.5
2027-01-27	113	N	388	2	6.1
2027-01-27	113	H	411	2	6.5
2027-01-27	113	R	553	4	5.9
2027-01-27	113	R	1063	4	5.9
2027-01-27	116	Y	194	4	4.0
2027-01-27	116	Y	201	4	5.0
2027-01-27	116	Z	354	2	5.0
2027-01-27	116	Z	885	4	5.0
2027-01-27	118	M	152	4	4.9
2027-01-27	118	Y	153	5	3.1
2027-01-27	118	X	153	6	4.1
2027-01-27	118	T	157	4	4.3
2027-01-27	118	Z	165	2	4.0
2027-01-27	118	Z	311	2	4.0
2027-01-27	118	PACKAGE	394	6	7.0
2027-01-27	118	F	449	3	6.0
2027-01-27	118	J	885	4	5.5
2027-01-27	118	T	1063	4	4.3
2027-01-27	120	T	160	2	4.5
2027-01-27	120	H	400	4	5.0
2027-01-27	120	T	448	2	4.5
2027-01-27	120	A	452	3	5.6
2027-01-27	120	S	796	4	4.5
2027-01-27	121	T	134	4	7.5
2027-01-27	121	R	160	2	5.1
2027-01-27	121	R	160	4	5.1
2027-01-27	121	T	179	4	7.5
2027-01-27	121	R	303	2	5.1
2027-01-27	121	E	411	2	6.9
2027-01-27	121	Q	707	4	5.2
2027-01-27	121	G	796	4	6.2
2027-01-27	122	R	134	4	4.6
2027-01-27	122	S	173	4	4.5
2027-01-27	122	T	183	2	4.5
2027-01-27	122	K	239	5	4.9
2027-01-27	122	T	303	2	4.5
2027-01-27	122	C	411	5	5.4
2027-01-27	122	T	796	4	4.5
2027-01-27	122	A	799	4	5.6
2027-01-27	124	Z	152	2	5.0
2027-01-27	124	Y	179	4	5.0
2027-01-27	124	Y	180	4	5.0
2027-01-27	124	Z	311	2	5.0
2027-01-27	124	X	707	4	5.1
2027-01-27	124	L	773	3	5.4
2027-01-27	124	3	948	3	7.0
2027-01-27	126	Z	354	2	5.0
2027-01-27	126	Z	357	4	5.0
2027-01-27	126	Z	382	2	5.0
2027-01-27	126	Z	404	3	5.0
2027-01-27	126	C	477	3	7.0
2027-01-27	126	Y	885	4	5.0
2027-01-27	129	T	280	2	5.8
2027-01-27	129	Y	299	4	5.5
2027-01-27	129	Z	352	2	5.5
2027-01-27	129	L	354	2	6.2
2027-01-27	129	Z	367	2	5.5
2027-01-27	129	Z	371	4	5.5
2027-01-27	129	N	388	2	6.1
2027-01-27	129	C	411	2	7.5
2027-01-27	129	Z	423	3	5.5
2027-01-27	129	W	885	4	5.6
2027-01-27	130	G	587	2	6.5
2027-01-27	130	T	652	2	5.6
2027-01-27	130	T	677	2	5.6
2027-01-27	130	M	1418	4	6.0
2027-01-27	131	R	463	4	6.2
2027-01-27	131	V	476	4	6.0
2027-01-27	131	Z	547	2	9.0
2027-01-27	131	N	609	2	6.4
2027-01-27	131	G	720	2	7.1
2027-01-27	131	U	1418	4	6.1
2027-01-27	131	F	1604	2	7.2
2027-01-27	132	T	381	2	5.5
2027-01-27	132	T	410	4	5.5
2027-01-27	132	N	476	2	5.8
2027-01-27	132	E	899	6	6.8
2027-01-27	132	PACKAGE	910	4	8.5
2027-01-27	132	Q	1418	4	5.6
2027-01-27	133	V	282	2	4.7
2027-01-27	133	U	305	4	5.7
2027-01-27	133	Z	350	2	5.5
2027-01-27	133	Z	356	2	5.5
2027-01-27	133	G	454	2	6.7
2027-01-27	133	Z	499	4	5.5
2027-01-27	133	Z	547	3	5.5
2027-01-27	133	R	1063	4	5.9
2027-01-27	133	U	1063	4	5.7
2027-01-27	136	Y	185	2	4.0
2027-01-27	136	Y	201	4	5.0
2027-01-27	136	Z	206	2	5.0
2027-01-27	136	T	207	4	5.3
2027-01-27	136	Z	354	2	5.0
2027-01-27	136	H	394	3	6.0
2027-01-27	136	R	885	4	5.4
2027-01-27	136	Z	885	4	5.0
2027-01-27	138	U	351	2	4.6
2027-01-27	138	Z	358	2	4.5
2027-01-27	138	U	362	4	4.6
2027-01-27	138	Z	386	2	4.5
2027-01-27	138	U	414	3	4.6
2027-01-27	138	X	796	4	4.6
2027-01-27	138	3	807	6	6.5
2027-01-27	201	V	70	2	0.6
2027-01-27	201	X	99	2	0.5
2027-01-27	201	X	131	2	0.5
2027-01-27	201	X	205	4	0.5
2027-01-27	201	X	252	3	0.5
2027-01-27	202	X	243	2	0.5
2027-01-27	202	X	262	2	0.5
2027-01-27	203	V	70	4	0.6
2027-01-27	203	X	205	2	0.5
2027-01-27	203	X	214	4	0.5
2027-01-27	203	X	225	2	0.5
2027-01-27	203	X	243	3	0.5
2027-01-27	204	V	107	6	1.6
2027-01-27	204	T	139	6	1.8
2027-01-27	204	X	161	2	1.5
2027-01-27	204	R	190	6	1.9
2027-01-27	205	M	79	4	1.6
2027-01-27	205	W	79	4	1.0
2027-01-27	205	W	97	6	1.0
2027-01-27	205	U	125	6	1.1
2027-01-27	205	S	157	6	1.3
2027-01-27	205	X	173	2	1.0
2027-01-27	205	Q	194	6	1.4
2027-01-27	205	X	238	4	1.0
2027-01-27	205	X	271	3	1.0
2027-01-27	205	M	529	4	1.6
2027-01-27	206	M	110	4	2.3
2027-01-27	206	V	111	6	1.6
2027-01-27	206	T	144	6	1.8
2027-01-27	206	K	147	6	2.6
2027-01-27	206	X	173	2	1.5
2027-01-27	206	R	185	6	1.9
2027-01-27	207	W	92	4	2.5
2027-01-27	207	O	126	5	5.5
2027-01-27	207	X	199	2	2.5
2027-01-27	207	Q	707	4	2.9
2027-01-27	208	R	114	4	4.0
2027-01-27	208	X	233	2	3.5
2027-01-27	208	X	242	4	3.5
2027-01-27	208	X	256	2	3.5
2027-01-27	208	X	275	3	3.5
2027-01-27	208	K	529	4	4.8
2027-01-27	209	W	121	4	3.5
2027-01-27	209	X	199	2	3.5
2027-01-27	210	X	402	2	4.0
2027-01-27	210	X	433	2	4.0
2027-01-27	211	W	157	4	4.0
2027-01-27	211	X	180	2	4.0
2027-01-27	211	X	244	2	4.0
2027-01-27	212	X	287	2	4.0
2027-01-27	212	X	290	4	4.0
2027-01-27	212	X	309	2	4.0
2027-01-27	213	W	121	4	3.5
2027-01-27	213	X	141	2	3.5
2027-01-27	213	X	199	2	3.5
2027-01-27	214	N	114	4	4.4
2027-01-27	214	X	199	2	3.5
2027-01-27	214	N	707	4	4.4
2027-01-27	215	W	92	4	2.5
2027-01-27	215	I	137	2	5.5
2027-01-27	215	M	159	5	3.1
2027-01-27	215	E	168	3	4.1
2027-01-27	215	X	199	2	2.5
2027-01-27	216	M	74	2	2.3
2027-01-27	216	W	83	4	1.6
2027-01-27	216	V	116	6	1.6
2027-01-27	216	T	148	6	1.7
2027-01-27	216	X	173	2	1.5
2027-01-27	216	R	176	6	1.9
2027-01-27	216	X	228	4	1.5
2027-01-27	216	X	256	3	1.5
2027-01-27	216	M	618	4	2.3
2027-01-27	217	W	90	6	1.5
2027-01-27	217	U	121	6	1.6
2027-01-27	217	C	155	3	3.4
2027-01-27	217	S	162	6	1.8
2027-01-27	217	X	173	2	1.5
2027-01-27	217	Q	199	6	1.9
2027-01-27	218	W	75	4	1.1
2027-01-27	218	W	102	6	1.1
2027-01-27	218	U	130	6	1.2
2027-01-27	218	X	149	2	1.0
2027-01-27	218	S	167	6	1.3
2027-01-27	219	V	95	6	0.6
2027-01-27	219	X	223	2	0.5
2027-01-27	219	X	229	4	0.5
2027-01-27	219	X	241	2	0.5
2027-01-27	219	X	262	3	0.5
2027-01-27	220	V	70	2	0.6
2027-01-27	220	X	131	2	0.5
2027-01-27	221	X	177	2	0.5
2027-01-27	221	X	190	2	0.5
2027-01-27	222	V	70	4	0.6
2027-01-27	222	X	131	2	0.5
2027-01-27	223	X	277	2	0.5
2027-01-27	223	X	298	2	0.5
2027-01-27	224	W	75	4	1.1
2027-01-27	224	X	138	2	1.0
2027-01-27	224	X	147	4	1.0
2027-01-27	224	X	152	2	1.0
2027-01-27	224	X	176	3	1.0
2027-01-27	225	T	134	6	1.7
2027-01-27	225	R	171	6	1.8
2027-01-27	225	X	173	2	1.5
2027-01-27	226	Q	76	4	2.0
2027-01-27	226	W	83	4	1.6
2027-01-27	226	M	83	9	2.3
2027-01-27	226	T	153	6	1.8
2027-01-27	226	X	173	2	1.5
2027-01-27	226	R	181	6	1.9
2027-01-27	227	K	137	4	3.3
2027-01-27	227	I	147	5	5.5
2027-01-27	227	X	369	2	2.5
2027-01-27	227	X	398	2	2.5
2027-01-27	228	W	103	4	3.6
2027-01-27	228	P	120	4	4.2
2027-01-27	228	O	168	8	6.5
2027-01-27	228	X	199	2	3.5
2027-01-27	228	P	707	4	4.2
2027-01-27	229	U	138	2	3.5
2027-01-27	229	K	158	4	4.2
2027-01-27	229	J	162	4	4.3
2027-01-27	229	U	199	2	3.5
2027-01-27	229	U	251	4	3.5
2027-01-27	229	U	281	3	3.5
2027-01-27	229	J	707	4	4.3
2027-01-27	230	U	139	4	4.6
2027-01-27	231	D	142	4	5.6
2027-01-27	231	J	161	2	4.8
2027-01-27	231	U	162	2	4.0
2027-01-27	231	U	244	2	4.0
2027-01-27	232	U	139	4	4.4
2027-01-27	232	P	529	4	4.8
2027-01-27	233	U	150	2	3.5
2027-01-27	233	L	152	4	4.1
2027-01-27	233	K	158	4	4.2
2027-01-27	233	U	199	2	3.5
2027-01-27	233	K	618	4	4.2
2027-01-27	234	W	103	4	3.6
2027-01-27	234	P	114	4	4.3
2027-01-27	234	T	118	4	3.8
2027-01-27	234	X	119	2	3.5
2027-01-27	234	X	199	2	3.5
2027-01-27	234	N	796	4	4.4
2027-01-27	235	N	101	4	3.1
2027-01-27	235	X	204	2	2.5
2027-01-27	235	X	220	2	2.5
2027-01-27	236	M	79	4	2.3
2027-01-27	236	P	87	4	2.1
2027-01-27	236	R	98	4	1.9
2027-01-27	236	X	170	2	1.5
2027-01-27	236	X	173	2	1.5
2027-01-27	236	P	618	4	2.1
2027-01-27	237	W	79	4	1.0
2027-01-27	237	M	119	4	1.6
2027-01-27	237	X	173	2	1.0
2027-01-27	237	M	707	4	1.6
2027-01-27	238	M	131	4	2.3
2027-01-27	238	V	238	2	1.6
2027-01-27	238	X	243	2	1.5
2027-01-27	238	V	248	3	1.6
2027-01-27	238	V	248	4	1.6
2027-01-27	238	X	261	2	1.5
2027-01-27	238	M	796	4	2.3
2027-01-27	239	V	70	4	0.6
2027-01-27	239	X	308	3	0.5
2027-01-27	239	X	327	2	0.5
2027-01-27	240	X	243	2	0.5
2027-01-27	240	X	262	2	0.5
2027-01-27	3	D	2407	2	9.4
2027-01-27	6	D	1963	2	8.4
2027-01-29	10	C	2812	2	9.5
2027-01-29	101	Z	180	2	4.5
2027-01-29	101	Y	189	2	4.5
2027-01-29	101	S	196	4	4.9
2027-01-29	101	Z	198	4	4.5
2027-01-29	101	T	205	2	4.8
2027-01-29	101	Z	290	3	4.5
2027-01-29	101	W	707	4	4.7
2027-01-29	104	Y	171	4	4.5
2027-01-29	104	S	200	4	7.5
2027-01-29	104	Z	204	2	4.5
2027-01-29	104	P	233	2	4.8
2027-01-29	104	P	243	4	4.8
2027-01-29	104	P	290	3	4.8
2027-01-29	104	Z	303	2	4.5
2027-01-29	104	T	885	4	4.6
2027-01-29	106	Z	196	2	5.0
2027-01-29	106	Q	196	4	5.4
2027-01-29	106	X	202	5	4.1
2027-01-29	106	Z	208	4	5.0
2027-01-29	106	R	218	4	5.4
2027-01-29	106	S	449	4	5.3
2027-01-29	106	Z	885	4	5.0
2027-01-29	109	Y	260	4	5.5
2027-01-29	109	Z	272	2	5.5
2027-01-29	109	Z	342	4	5.5
2027-01-29	109	Z	356	2	5.5
2027-01-29	109	Z	389	3	5.5
2027-01-29	109	G	415	2	6.7
2027-01-29	109	A	436	2	8.5
2027-01-29	110	T	400	2	5.6
2027-01-29	110	N	437	2	5.9
2027-01-29	110	T	504	2	5.6
2027-01-29	111	T	263	3	6.1
2027-01-29	111	V	437	4	6.0
2027-01-29	111	N	570	2	6.4
2027-01-29	111	G	681	2	7.1
2027-01-29	111	Q	1596	4	6.3
2027-01-29	112	T	371	4	5.5
2027-01-29	112	S	522	2	8.5
2027-01-29	112	S	532	4	8.5
2027-01-29	112	G	548	2	6.4
2027-01-29	112	S	585	3	8.5
2027-01-29	112	J	1685	4	6.2
2027-01-29	113	T	259	2	5.8
2027-01-29	113	Z	304	2	5.5
2027-01-29	113	N	348	2	6.1
2027-01-29	113	Z	367	2	5.5
2027-01-29	113	K	467	2	6.3
2027-01-29	113	R	664	4	5.9
2027-01-29	113	R	1063	4	5.9
2027-01-29	116	Y	215	4	5.0
2027-01-29	116	N	307	2	5.6
2027-01-29	116	N	322	3	5.6
2027-01-29	116	Z	356	2	5.0
2027-01-29	116	Z	885	4	5.0
2027-01-29	118	Z	183	2	4.0
2027-01-29	118	T	208	4	4.3
2027-01-29	118	M	228	2	4.9
2027-01-29	118	Z	311	2	4.0
2027-01-29	118	J	885	4	5.5
2027-01-29	118	T	1063	4	4.3
2027-01-29	120	R	224	3	4.6
2027-01-29	120	M	234	2	4.8
2027-01-29	120	T	303	2	4.5
2027-01-29	120	C	458	6	5.4
2027-01-29	120	S	796	4	4.5
2027-01-29	121	R	170	4	5.1
2027-01-29	121	T	171	4	7.5
2027-01-29	121	P	214	2	5.3
2027-01-29	121	S	215	6	7.5
2027-01-29	121	E	216	2	6.9
2027-01-29	121	R	303	2	5.1
2027-01-29	121	PACKAGE	443	6	7.5
2027-01-29	121	Q	707	4	5.2
2027-01-29	121	G	796	4	6.2
2027-01-29	122	T	303	2	4.5
2027-01-29	122	R	418	4	4.6
2027-01-29	122	T	796	4	4.5
2027-01-29	124	Y	171	1	5.0
2027-01-29	124	Z	190	2	5.0
2027-01-29	124	X	195	6	5.1
2027-01-29	124	Z	233	6	5.0
2027-01-29	124	Y	250	4	5.0
2027-01-29	124	Z	311	2	5.0
2027-01-29	124	6	720	2	6.4
2027-01-29	124	L	724	3	5.4
2027-01-29	126	T	243	3	5.3
2027-01-29	126	Z	251	2	5.0
2027-01-29	126	Z	354	2	5.0
2027-01-29	126	Z	356	4	5.0
2027-01-29	126	Z	404	3	5.0
2027-01-29	126	Y	885	4	5.0
2027-01-29	129	Z	209	2	5.5
2027-01-29	129	Y	260	4	5.5
2027-01-29	129	N	348	2	6.1
2027-01-29	129	Z	367	2	5.5
2027-01-29	129	Z	384	4	5.5
2027-01-29	129	T	385	2	5.8
2027-01-29	129	L	394	2	6.2
2027-01-29	129	Z	433	3	5.5
2027-01-29	129	H	491	3	6.5
2027-01-29	129	W	885	4	5.6
2027-01-29	130	T	543	2	5.6
2027-01-29	130	G	548	2	6.5
2027-01-29	130	T	587	2	5.6
2027-01-29	130	C	948	4	7.4
2027-01-29	130	M	1418	4	6.0
2027-01-29	131	R	254	4	6.2
2027-01-29	131	Z	359	2	9.0
2027-01-29	131	V	437	4	6.0
2027-01-29	131	L	671	4	6.6
2027-01-29	131	G	681	2	7.1
2027-01-29	131	U	1418	4	6.1
2027-01-29	132	T	371	4	5.5
2027-01-29	132	N	437	2	5.8
2027-01-29	132	Q	1418	4	5.6
2027-01-29	133	U	267	4	5.7
2027-01-29	133	Z	305	2	5.5
2027-01-29	133	Z	356	2	5.5
2027-01-29	133	Z	381	4	5.5
2027-01-29	133	G	415	2	6.7
2027-01-29	133	Z	428	3	5.5
2027-01-29	133	U	1063	4	5.7
2027-01-29	133	R	1063	4	5.9
2027-01-29	136	X	202	5	5.1
2027-01-29	136	Y	215	4	5.0
2027-01-29	136	Z	228	2	5.0
2027-01-29	136	R	247	4	5.4
2027-01-29	136	T	280	4	5.3
2027-01-29	136	Z	354	2	5.0
2027-01-29	136	H	449	3	6.0
2027-01-29	136	Z	885	4	5.0
2027-01-29	136	R	885	4	5.4
2027-01-29	138	Z	228	2	4.5
2027-01-29	138	K	258	3	5.0
2027-01-29	138	U	267	2	4.6
2027-01-29	138	U	276	4	4.6
2027-01-29	138	Z	303	2	4.5
2027-01-29	138	U	324	3	4.6
2027-01-29	138	X	796	4	4.6
2027-01-29	138	3	865	3	6.5
2027-01-29	201	V	71	4	0.6
2027-01-29	201	L	134	6	1.2
2027-01-29	201	G	146	6	1.6
2027-01-29	201	X	155	2	0.5
2027-01-29	201	F	158	6	1.8
2027-01-29	201	X	204	4	0.5
2027-01-29	201	X	233	3	0.5
2027-01-29	202	X	85	6	0.5
2027-01-29	203	V	71	4	0.6
2027-01-29	203	Q	108	6	1.0
2027-01-29	203	M	127	6	1.3
2027-01-29	203	H	129	6	2.1
2027-01-29	203	G	140	6	2.4
2027-01-29	203	X	149	2	0.5
2027-01-29	203	X	214	4	0.5
2027-01-29	203	X	243	3	0.5
2027-01-29	204	X	85	2	1.5
2027-01-29	204	X	104	6	1.5
2027-01-29	205	M	70	4	1.6
2027-01-29	205	W	80	4	1.0
2027-01-29	205	S	116	6	1.3
2027-01-29	205	X	173	2	1.0
2027-01-29	205	X	195	4	1.0
2027-01-29	205	X	243	3	1.0
2027-01-29	205	M	529	4	1.6
2027-01-29	206	M	131	4	2.3
2027-01-29	206	K	131	6	2.6
2027-01-29	206	X	147	2	1.5
2027-01-29	206	X	173	2	1.5
2027-01-29	207	X	71	6	2.5
2027-01-29	207	W	88	4	2.5
2027-01-29	207	R	109	6	2.8
2027-01-29	207	O	147	5	5.5
2027-01-29	207	Q	707	4	2.9
2027-01-29	208	U	78	1	3.7
2027-01-29	208	U	85	6	3.7
2027-01-29	208	R	124	2	4.0
2027-01-29	208	X	157	2	3.5
2027-01-29	208	X	167	4	3.5
2027-01-29	208	X	195	3	3.5
2027-01-29	208	K	529	4	4.8
2027-01-29	209	W	113	4	3.5
2027-01-29	209	Q	133	6	3.9
2027-01-29	209	X	147	2	3.5
2027-01-29	209	X	199	2	3.5
2027-01-29	210	X	401	2	4.0
2027-01-29	210	X	432	2	4.0
2027-01-29	211	W	149	4	4.0
2027-01-29	211	X	244	2	4.0
2027-01-29	212	X	177	2	4.0
2027-01-29	212	X	185	4	4.0
2027-01-29	212	X	214	3	4.0
2027-01-29	213	W	113	4	3.5
2027-01-29	213	Q	127	3	3.9
2027-01-29	213	X	147	2	3.5
2027-01-29	213	X	199	2	3.5
2027-01-29	214	U	98	6	3.7
2027-01-29	214	X	135	2	3.5
2027-01-29	214	N	138	4	4.4
2027-01-29	214	L	141	2	4.8
2027-01-29	214	X	199	2	3.5
2027-01-29	214	N	707	4	4.4
2027-01-29	215	W	88	4	2.5
2027-01-29	215	S	101	6	2.8
2027-01-29	215	I	122	2	5.5
2027-01-29	215	E	147	3	4.1
2027-01-29	215	M	168	5	3.1
2027-01-29	215	X	199	2	2.5
2027-01-29	216	M	74	2	2.3
2027-01-29	216	W	84	4	1.6
2027-01-29	216	X	95	6	1.5
2027-01-29	216	X	112	6	1.5
2027-01-29	216	M	618	4	2.3
2027-01-29	217	C	97	3	3.4
2027-01-29	217	P	106	6	1.9
2027-01-29	217	X	108	6	1.5
2027-01-29	218	W	75	4	1.1
2027-01-29	218	X	149	2	1.0
2027-01-29	219	R	104	6	0.9
2027-01-29	219	J	117	6	1.8
2027-01-29	219	X	149	2	0.5
2027-01-29	219	F	152	6	2.8
2027-01-29	219	X	156	2	0.5
2027-01-29	219	X	157	4	0.5
2027-01-29	219	E	164	5	3.5
2027-01-29	219	X	190	3	0.5
2027-01-29	220	V	71	4	0.6
2027-01-29	220	P	116	6	1.3
2027-01-29	220	X	134	2	0.5
2027-01-29	220	K	141	6	2.0
2027-01-29	221	P	112	6	0.9
2027-01-29	221	H	135	6	1.5
2027-01-29	221	X	156	2	0.5
2027-01-29	221	C	190	6	2.4
2027-01-29	222	V	71	4	0.6
2027-01-29	222	X	81	6	0.5
2027-01-29	222	N	123	6	1.4
2027-01-29	222	M	130	6	1.6
2027-01-29	223	K	137	6	1.6
2027-01-29	223	X	277	2	0.5
2027-01-29	223	X	298	2	0.5
2027-01-29	224	W	75	4	1.1
2027-01-29	224	X	161	2	1.0
2027-01-29	224	X	166	4	1.0
2027-01-29	224	X	181	8	1.0
2027-01-29	225	P	117	6	1.9
2027-01-29	225	X	173	2	1.5
2027-01-29	226	Q	76	4	2.0
2027-01-29	226	M	83	9	2.3
2027-01-29	226	W	84	4	1.6
2027-01-29	226	X	173	2	1.5
2027-01-29	227	R	105	6	2.8
2027-01-29	227	K	122	4	3.3
2027-01-29	227	I	151	5	5.5
2027-01-29	227	X	369	2	2.5
2027-01-29	227	X	398	2	2.5
2027-01-29	228	V	74	6	3.6
2027-01-29	228	W	97	4	3.6
2027-01-29	228	X	133	2	3.5
2027-01-29	228	O	184	8	6.5
2027-01-29	228	X	199	2	3.5
2027-01-29	228	P	220	4	4.2
2027-01-29	228	P	707	4	4.2
2027-01-29	229	U	159	2	3.5
2027-01-29	229	K	162	4	4.2
2027-01-29	229	J	167	4	4.3
2027-01-29	229	U	176	4	3.5
2027-01-29	229	H	182	2	3.4
2027-01-29	229	U	199	2	3.5
2027-01-29	229	U	205	3	3.5
2027-01-29	229	J	707	4	4.3
2027-01-29	230	U	131	4	4.6
2027-01-29	231	U	149	4	4.0
2027-01-29	232	U	131	4	4.4
2027-01-29	232	P	529	4	4.8
2027-01-29	233	U	154	2	3.5
2027-01-29	233	L	158	4	4.1
2027-01-29	233	K	162	4	4.2
2027-01-29	233	F	191	3	4.7
2027-01-29	233	U	199	2	3.5
2027-01-29	233	B	458	2	4.8
2027-01-29	233	K	618	4	4.2
2027-01-29	234	U	81	1	3.7
2027-01-29	234	U	88	6	3.7
2027-01-29	234	W	97	4	3.6
2027-01-29	234	X	133	2	3.5
2027-01-29	234	P	134	2	4.3
2027-01-29	234	X	199	2	3.5
2027-01-29	234	T	202	4	3.8
2027-01-29	234	N	796	4	4.4
2027-01-29	235	U	94	6	2.7
2027-01-29	235	N	119	4	3.1
2027-01-29	235	E	190	3	3.1
2027-01-29	235	X	204	2	2.5
2027-01-29	235	X	220	2	2.5
2027-01-29	236	P	77	4	2.1
2027-01-29	236	M	79	4	2.3
2027-01-29	236	R	84	4	1.9
2027-01-29	236	X	170	2	1.5
2027-01-29	236	X	173	2	1.5
2027-01-29	236	P	618	4	2.1
2027-01-29	237	W	80	4	1.0
2027-01-29	237	M	105	4	1.6
2027-01-29	237	P	112	6	1.4
2027-01-29	237	X	173	2	1.0
2027-01-29	237	M	707	4	1.6
2027-01-29	238	X	81	2	1.5
2027-01-29	238	X	100	6	1.5
2027-01-29	238	M	115	4	2.3
2027-01-29	238	V	167	2	1.6
2027-01-29	238	V	172	4	1.6
2027-01-29	238	V	200	3	1.6
2027-01-29	238	M	796	4	2.3
2027-01-29	239	V	71	4	0.6
2027-01-29	239	X	95	6	0.5
2027-01-29	239	R	100	6	0.9
2027-01-29	239	N	119	6	1.2
2027-01-29	240	X	89	6	0.5
2027-01-29	240	J	123	6	2.3
2027-01-29	3	D	2368	2	9.4
2027-01-29	6	D	1924	2	8.4
2027-01-31	101	Z	171	6	4.5
2027-01-31	101	Y	171	4	4.5
2027-01-31	101	X	188	2	4.6
2027-01-31	101	S	188	4	4.9
2027-01-31	101	U	219	2	4.8
2027-01-31	101	T	230	6	4.8
2027-01-31	101	M	287	2	5.3
2027-01-31	101	W	707	4	4.7
2027-01-31	104	X	171	2	4.6
2027-01-31	104	S	180	4	7.5
2027-01-31	104	Y	189	4	4.5
2027-01-31	104	Z	228	2	4.5
2027-01-31	104	P	233	2	4.8
2027-01-31	104	P	243	4	4.8
2027-01-31	104	P	290	3	4.8
2027-01-31	104	Z	303	2	4.5
2027-01-31	104	B	477	5	5.5
2027-01-31	104	K	531	3	4.9
2027-01-31	104	6	622	3	6.3
2027-01-31	104	T	885	4	4.6
2027-01-31	106	T	180	4	5.3
2027-01-31	106	Z	183	2	5.0
2027-01-31	106	Q	188	4	5.4
2027-01-31	106	Z	200	4	5.0
2027-01-31	106	Y	209	4	4.0
2027-01-31	106	X	220	2	5.1
2027-01-31	106	R	296	4	5.4
2027-01-31	106	C	511	3	7.0
2027-01-31	106	Z	885	4	5.0
2027-01-31	109	Z	165	2	5.5
2027-01-31	109	Y	277	4	5.5
2027-01-31	109	Z	342	4	5.5
2027-01-31	109	Z	356	2	5.5
2027-01-31	109	Z	389	3	5.5
2027-01-31	109	G	433	2	6.7
2027-01-31	109	A	436	4	8.5
2027-01-31	110	T	400	2	5.6
2027-01-31	110	N	455	2	5.9
2027-01-31	110	T	525	2	5.6
2027-01-31	111	Z	321	2	9.0
2027-01-31	111	H	321	4	6.9
2027-01-31	111	V	455	4	6.0
2027-01-31	111	N	588	2	6.4
2027-01-31	111	G	699	2	7.1
2027-01-31	111	Q	1596	4	6.3
2027-01-31	112	T	388	4	5.5
2027-01-31	112	S	522	2	8.5
2027-01-31	112	S	547	4	8.5
2027-01-31	112	G	566	2	6.4
2027-01-31	112	S	585	3	8.5
2027-01-31	112	D	681	2	7.0
2027-01-31	112	J	1685	4	6.2
2027-01-31	113	T	257	2	5.8
2027-01-31	113	Z	328	2	5.5
2027-01-31	113	N	366	2	6.1
2027-01-31	113	Z	367	2	5.5
2027-01-31	113	L	384	2	6.2
2027-01-31	113	J	404	2	6.4
2027-01-31	113	R	445	4	5.9
2027-01-31	113	R	1063	4	5.9
2027-01-31	116	X	230	4	5.1
2027-01-31	116	Y	233	4	5.0
2027-01-31	116	Z	354	2	5.0
2027-01-31	116	Z	885	4	5.0
2027-01-31	118	Y	166	5	3.1
2027-01-31	118	T	189	4	4.3
2027-01-31	118	M	213	4	4.9
2027-01-31	118	Z	311	2	4.0
2027-01-31	118	F	526	3	6.0
2027-01-31	118	J	885	4	5.5
2027-01-31	118	T	1063	4	4.3
2027-01-31	120	R	234	3	4.6
2027-01-31	120	M	322	2	4.8
2027-01-31	120	T	374	2	4.5
2027-01-31	120	H	445	4	5.0
2027-01-31	120	H	531	3	5.0
2027-01-31	120	3	671	2	6.5
2027-01-31	120	S	796	4	4.5
2027-01-31	121	R	167	4	5.1
2027-01-31	121	T	189	4	7.5
2027-01-31	121	Q	239	2	5.2
2027-01-31	121	S	241	6	7.5
2027-01-31	121	R	303	2	5.1
2027-01-31	121	Q	707	4	5.2
2027-01-31	121	G	796	4	6.2
2027-01-31	122	R	188	4	4.6
2027-01-31	122	A	688	4	5.6
2027-01-31	122	T	772	2	4.5
2027-01-31	122	T	796	4	4.5
2027-01-31	124	Z	114	2	5.0
2027-01-31	124	Y	174	2	4.0
2027-01-31	124	Y	189	4	5.0
2027-01-31	124	X	207	2	5.1
2027-01-31	124	Z	311	2	5.0
2027-01-31	124	PACKAGE	418	6	8.0
2027-01-31	124	X	707	4	5.1
2027-01-31	124	L	724	3	5.4
2027-01-31	124	3	851	3	7.0
2027-01-31	126	Z	345	2	5.0
2027-01-31	126	Z	356	4	5.0
2027-01-31	126	Z	371	2	5.0
2027-01-31	126	Z	404	3	5.0
2027-01-31	126	Y	885	4	5.0
2027-01-31	129	Z	259	2	5.5
2027-01-31	129	Y	277	4	5.5
2027-01-31	129	T	290	2	5.8
2027-01-31	129	L	306	2	6.2
2027-01-31	129	N	366	2	6.1
2027-01-31	129	Z	367	2	5.5
2027-01-31	129	Z	384	4	5.5
2027-01-31	129	Z	433	3	5.5
2027-01-31	129	W	885	4	5.6
2027-01-31	130	T	521	2	5.6
2027-01-31	130	G	566	2	6.5
2027-01-31	130	T	653	2	5.6
2027-01-31	130	C	802	4	7.4
2027-01-31	130	M	1418	4	6.0
2027-01-31	131	R	281	4	6.2
2027-01-31	131	U	341	2	6.1
2027-01-31	131	V	455	4	6.0
2027-01-31	131	Z	511	2	9.0
2027-01-31	131	N	588	2	6.4
2027-01-31	131	G	699	2	7.1
2027-01-31	131	U	1418	4	6.1
2027-01-31	132	T	381	2	5.5
2027-01-31	132	T	388	4	5.5
2027-01-31	132	N	455	2	5.8
2027-01-31	132	E	705	2	6.8
2027-01-31	132	Q	1418	4	5.6
2027-01-31	133	U	284	4	5.7
2027-01-31	133	Z	328	2	5.5
2027-01-31	133	Z	356	2	5.5
2027-01-31	133	Z	381	4	5.5
2027-01-31	133	Z	427	3	5.5
2027-01-31	133	G	433	2	6.7
2027-01-31	133	R	1063	4	5.9
2027-01-31	133	U	1063	4	5.7
2027-01-31	136	Z	206	2	5.0
2027-01-31	136	Y	233	4	5.0
2027-01-31	136	Z	354	2	5.0
2027-01-31	136	H	466	3	6.0
2027-01-31	136	R	885	4	5.4
2027-01-31	136	Z	885	4	5.0
2027-01-31	138	U	305	2	4.6
2027-01-31	138	Z	307	2	4.5
2027-01-31	138	U	324	4	4.6
2027-01-31	138	Z	332	2	4.5
2027-01-31	138	U	371	3	4.6
2027-01-31	138	4	695	4	7.5
2027-01-31	138	5	695	2	7.5
2027-01-31	138	X	796	4	4.6
2027-01-31	201	V	67	4	0.6
2027-01-31	201	X	214	2	0.5
2027-01-31	201	X	223	4	0.5
2027-01-31	201	X	235	2	0.5
2027-01-31	201	X	252	3	0.5
2027-01-31	202	X	243	2	0.5
2027-01-31	202	X	262	2	0.5
2027-01-31	203	V	67	4	0.6
2027-01-31	203	T	102	6	0.8
2027-01-31	203	S	105	6	0.8
2027-01-31	203	X	149	2	0.5
2027-01-31	203	X	233	4	0.5
2027-01-31	203	X	262	3	0.5
2027-01-31	204	X	277	2	1.5
2027-01-31	204	X	298	2	1.5
2027-01-31	205	M	64	4	1.6
2027-01-31	205	W	75	4	1.0
2027-01-31	205	X	173	2	1.0
2027-01-31	205	X	214	4	1.0
2027-01-31	205	X	243	3	1.0
2027-01-31	205	M	529	4	1.6
2027-01-31	206	K	96	6	2.6
2027-01-31	206	M	106	4	2.3
2027-01-31	206	X	136	2	1.5
2027-01-31	206	X	173	2	1.5
2027-01-31	207	W	84	4	2.5
2027-01-31	207	O	138	5	5.5
2027-01-31	207	X	199	2	2.5
2027-01-31	207	Q	707	4	2.9
2027-01-31	208	R	96	4	4.0
2027-01-31	208	X	176	2	3.5
2027-01-31	208	X	186	4	3.5
2027-01-31	208	X	199	2	3.5
2027-01-31	208	X	214	3	3.5
2027-01-31	208	K	529	4	4.8
2027-01-31	209	W	113	4	3.5
2027-01-31	209	X	199	2	3.5
2027-01-31	210	X	401	2	4.0
2027-01-31	210	X	432	2	4.0
2027-01-31	211	W	149	4	4.0
2027-01-31	211	X	161	2	4.0
2027-01-31	211	X	244	2	4.0
2027-01-31	212	X	197	2	4.0
2027-01-31	212	X	204	4	4.0
2027-01-31	212	X	217	2	4.0
2027-01-31	212	X	233	3	4.0
2027-01-31	213	W	113	4	3.5
2027-01-31	213	X	199	2	3.5
2027-01-31	214	N	96	4	4.4
2027-01-31	214	X	199	2	3.5
2027-01-31	214	N	707	4	4.4
2027-01-31	215	W	84	4	2.5
2027-01-31	215	I	87	2	5.5
2027-01-31	215	E	134	3	4.1
2027-01-31	215	M	151	5	3.1
2027-01-31	215	X	199	2	2.5
2027-01-31	216	M	66	2	2.3
2027-01-31	216	W	80	4	1.6
2027-01-31	216	X	173	2	1.5
2027-01-31	216	X	181	4	1.5
2027-01-31	216	X	210	3	1.5
2027-01-31	216	M	618	4	2.3
2027-01-31	217	L	97	6	2.2
2027-01-31	217	C	101	3	3.4
2027-01-31	217	X	150	2	1.5
2027-01-31	217	X	173	2	1.5
2027-01-31	218	W	71	4	1.1
2027-01-31	218	X	90	6	1.0
2027-01-31	218	X	97	6	1.0
2027-01-31	218	L	102	6	2.0
2027-01-31	218	W	102	6	1.1
2027-01-31	219	R	109	6	0.9
2027-01-31	219	X	171	2	0.5
2027-01-31	219	X	176	4	0.5
2027-01-31	219	X	183	2	0.5
2027-01-31	219	X	205	3	0.5
2027-01-31	220	V	67	4	0.6
2027-01-31	220	X	131	2	0.5
2027-01-31	221	X	80	6	0.5
2027-01-31	221	W	91	6	0.5
2027-01-31	222	V	67	4	0.6
2027-01-31	222	X	76	6	0.5
2027-01-31	222	W	98	6	0.6
2027-01-31	223	K	111	6	1.6
2027-01-31	223	X	277	2	0.5
2027-01-31	223	X	298	2	0.5
2027-01-31	224	W	71	4	1.1
2027-01-31	224	X	176	2	1.0
2027-01-31	224	X	185	4	1.0
2027-01-31	224	X	193	2	1.0
2027-01-31	224	X	214	3	1.0
2027-01-31	225	X	173	2	1.5
2027-01-31	226	Q	69	4	2.0
2027-01-31	226	M	75	9	2.3
2027-01-31	226	W	80	4	1.6
2027-01-31	226	X	173	2	1.5
2027-01-31	227	K	87	4	3.3
2027-01-31	227	I	159	5	5.5
2027-01-31	227	X	369	2	2.5
2027-01-31	227	X	398	2	2.5
2027-01-31	228	W	93	4	3.6
2027-01-31	228	T	114	4	3.8
2027-01-31	228	O	168	8	6.5
2027-01-31	228	X	199	2	3.5
2027-01-31	228	P	707	4	4.2
2027-01-31	229	U	136	2	3.5
2027-01-31	229	K	138	4	4.2
2027-01-31	229	J	143	4	4.3
2027-01-31	229	U	195	4	3.5
2027-01-31	229	U	199	2	3.5
2027-01-31	229	U	224	3	3.5
2027-01-31	229	J	707	4	4.3
2027-01-31	230	U	131	4	4.6
2027-01-31	231	J	124	2	4.8
2027-01-31	231	U	125	2	4.0
2027-01-31	231	D	133	4	5.6
2027-01-31	231	U	244	2	4.0
2027-01-31	232	U	131	4	4.4
2027-01-31	232	P	529	4	4.8
2027-01-31	233	U	131	2	3.5
2027-01-31	233	L	134	4	4.1
2027-01-31	233	K	138	4	4.2
2027-01-31	233	U	199	2	3.5
2027-01-31	233	K	618	4	4.2
2027-01-31	234	W	93	4	3.6
2027-01-31	234	X	199	2	3.5
2027-01-31	234	N	796	4	4.4
2027-01-31	235	N	82	4	3.1
2027-01-31	235	X	369	2	2.5
2027-01-31	235	X	398	2	2.5
2027-01-31	236	P	71	4	2.1
2027-01-31	236	M	71	4	2.3
2027-01-31	236	R	78	4	1.9
2027-01-31	236	X	139	2	1.5
2027-01-31	236	X	173	2	1.5
2027-01-31	236	P	618	4	2.1
2027-01-31	237	W	75	4	1.0
2027-01-31	237	M	97	4	1.6
2027-01-31	237	X	173	2	1.0
2027-01-31	237	M	707	4	1.6
2027-01-31	238	M	90	6	2.3
2027-01-31	238	X	149	2	1.5
2027-01-31	238	V	181	2	1.6
2027-01-31	238	V	191	4	1.6
2027-01-31	238	V	219	3	1.6
2027-01-31	239	V	67	4	0.6
2027-01-31	239	J	98	6	1.8
2027-01-31	239	K	107	6	1.6
2027-01-31	239	X	149	2	0.5
2027-01-31	239	X	308	3	0.5
2027-01-31	240	X	84	6	0.5
2027-01-31	240	W	87	6	0.6
2027-01-31	3	D	2386	2	9.4
2027-01-31	6	D	1942	2	8.4
2027-02-06	10	C	2879	2	9.5
2027-02-06	101	Z	155	2	4.5
2027-02-06	101	Y	175	1	4.5
2027-02-06	101	Q	211	2	5.1
2027-02-06	101	Y	211	4	4.5
2027-02-06	101	T	211	2	4.8
2027-02-06	101	Z	303	2	4.5
2027-02-06	101	Z	390	4	4.5
2027-02-06	101	Z	438	3	4.5
2027-02-06	101	S	606	4	4.9
2027-02-06	101	W	707	4	4.7
2027-02-06	104	Y	193	4	4.5
2027-02-06	104	S	201	2	7.5
2027-02-06	104	Z	206	2	4.5
2027-02-06	104	Z	220	4	3.5
2027-02-06	104	P	229	2	4.8
2027-02-06	104	P	252	3	4.8
2027-02-06	104	P	460	4	4.8
2027-02-06	104	K	486	3	4.9
2027-02-06	104	7	671	4	6.1
2027-02-06	104	T	885	4	4.6
2027-02-06	106	Z	199	2	5.0
2027-02-06	106	R	201	4	5.4
2027-02-06	106	Z	222	4	5.0
2027-02-06	106	Y	237	6	4.0
2027-02-06	106	Q	606	4	5.4
2027-02-06	106	Z	885	4	5.0
2027-02-06	109	Z	263	2	5.5
2027-02-06	109	Y	326	4	5.5
2027-02-06	109	Z	376	2	5.5
2027-02-06	109	G	482	2	6.7
2027-02-06	109	Z	508	4	5.5
2027-02-06	109	Z	560	3	5.5
2027-02-06	109	A	566	4	8.5
2027-02-06	110	T	467	4	5.6
2027-02-06	110	N	504	2	5.9
2027-02-06	111	H	440	4	6.9
2027-02-06	111	Z	459	2	9.0
2027-02-06	111	V	474	1	6.0
2027-02-06	111	V	504	4	6.0
2027-02-06	111	N	637	2	6.4
2027-02-06	111	G	748	2	7.1
2027-02-06	111	Q	1596	4	6.3
2027-02-06	112	T	437	2	5.5
2027-02-06	112	G	615	2	6.4
2027-02-06	112	S	699	4	8.5
2027-02-06	112	E	856	2	6.8
2027-02-06	112	J	1685	4	6.2
2027-02-06	113	T	270	2	5.8
2027-02-06	113	Z	389	2	5.5
2027-02-06	113	N	415	2	6.1
2027-02-06	113	Z	419	2	5.5
2027-02-06	113	R	436	4	5.9
2027-02-06	113	R	1063	4	5.9
2027-02-06	116	Y	215	4	5.0
2027-02-06	116	Z	304	2	5.0
2027-02-06	116	Z	354	2	5.0
2027-02-06	116	Z	885	4	5.0
2027-02-06	118	Y	174	5	3.1
2027-02-06	118	X	182	2	4.1
2027-02-06	118	T	197	4	4.3
2027-02-06	118	Z	238	2	4.0
2027-02-06	118	Z	311	2	4.0
2027-02-06	118	P	486	3	4.6
2027-02-06	118	J	885	4	5.5
2027-02-06	118	T	1063	4	4.3
2027-02-06	120	P	240	3	4.7
2027-02-06	120	C	618	2	5.4
2027-02-06	120	T	717	2	4.5
2027-02-06	120	S	796	4	4.5
2027-02-06	120	H	804	4	5.0
2027-02-06	121	T	193	4	7.5
2027-02-06	121	R	193	4	5.1
2027-02-06	121	E	216	2	6.9
2027-02-06	121	R	303	2	5.1
2027-02-06	121	L	462	2	5.6
2027-02-06	121	Q	707	4	5.2
2027-02-06	121	G	796	4	6.2
2027-02-06	122	T	209	2	4.5
2027-02-06	122	A	577	4	5.6
2027-02-06	122	C	588	2	5.4
2027-02-06	122	R	606	4	4.6
2027-02-06	122	T	647	2	4.5
2027-02-06	122	T	796	4	4.5
2027-02-06	124	Z	152	2	5.0
2027-02-06	124	Y	166	2	4.0
2027-02-06	124	X	190	4	5.1
2027-02-06	124	Y	193	4	5.0
2027-02-06	124	Z	311	2	5.0
2027-02-06	124	PACKAGE	418	6	8.0
2027-02-06	124	6	671	4	6.4
2027-02-06	124	X	707	4	5.1
2027-02-06	124	L	795	3	5.4
2027-02-06	126	Q	225	2	5.4
2027-02-06	126	Z	226	2	4.0
2027-02-06	126	Z	461	4	5.0
2027-02-06	126	Z	497	2	5.0
2027-02-06	126	Z	509	3	5.0
2027-02-06	126	Y	885	4	5.0
2027-02-06	129	Z	273	2	5.5
2027-02-06	129	Y	326	3	5.5
2027-02-06	129	Y	326	4	5.5
2027-02-06	129	T	339	2	5.8
2027-02-06	129	Z	376	2	5.5
2027-02-06	129	N	415	2	6.1
2027-02-06	129	L	419	2	6.2
2027-02-06	129	H	467	3	6.5
2027-02-06	129	Z	580	4	5.5
2027-02-06	129	Z	617	3	5.5
2027-02-06	129	W	885	4	5.6
2027-02-06	130	T	435	2	5.6
2027-02-06	130	G	615	2	6.5
2027-02-06	130	T	709	2	5.6
2027-02-06	130	C	812	4	7.4
2027-02-06	130	M	1418	4	6.0
2027-02-06	131	R	399	4	6.2
2027-02-06	131	V	496	4	6.0
2027-02-06	131	V	504	4	6.0
2027-02-06	131	Z	572	2	9.0
2027-02-06	131	N	637	2	6.4
2027-02-06	131	G	748	2	7.1
2027-02-06	131	U	1418	4	6.1
2027-02-06	132	T	367	2	5.5
2027-02-06	132	T	437	4	5.5
2027-02-06	132	N	504	2	5.8
2027-02-06	132	E	898	2	6.8
2027-02-06	132	Q	1418	4	5.6
2027-02-06	133	U	332	4	5.7
2027-02-06	133	Z	381	2	5.5
2027-02-06	133	Z	389	2	5.5
2027-02-06	133	G	482	2	6.7
2027-02-06	133	Z	594	4	5.5
2027-02-06	133	Z	690	3	5.5
2027-02-06	133	R	1063	4	5.9
2027-02-06	133	U	1063	4	5.7
2027-02-06	136	Y	215	4	5.0
2027-02-06	136	T	216	4	5.3
2027-02-06	136	Z	217	2	5.0
2027-02-06	136	R	228	4	5.4
2027-02-06	136	Z	354	2	5.0
2027-02-06	136	H	427	3	6.0
2027-02-06	136	Z	885	4	5.0
2027-02-06	136	R	885	4	5.4
2027-02-06	138	U	447	2	4.6
2027-02-06	138	U	457	4	4.6
2027-02-06	138	Z	492	2	4.5
2027-02-06	138	U	504	3	4.6
2027-02-06	138	5	768	2	7.5
2027-02-06	138	X	796	4	4.6
2027-02-06	138	3	807	3	6.5
2027-02-06	201	V	84	4	0.6
2027-02-06	201	P	111	6	0.9
2027-02-06	201	L	128	6	1.2
2027-02-06	201	X	131	2	0.5
2027-02-06	201	F	151	6	1.8
2027-02-06	201	X	281	4	0.5
2027-02-06	201	X	309	3	0.5
2027-02-06	202	N	117	6	1.4
2027-02-06	202	X	243	2	0.5
2027-02-06	202	X	262	2	0.5
2027-02-06	203	V	84	4	0.6
2027-02-06	203	Q	135	6	1.0
2027-02-06	203	X	157	2	0.5
2027-02-06	203	X	300	4	0.5
2027-02-06	203	X	328	3	0.5
2027-02-06	204	W	130	6	1.6
2027-02-06	204	W	135	6	1.6
2027-02-06	204	X	151	2	1.5
2027-02-06	205	W	93	4	1.0
2027-02-06	205	M	99	4	1.6
2027-02-06	205	R	157	6	1.3
2027-02-06	205	X	157	2	1.0
2027-02-06	205	X	173	2	1.0
2027-02-06	205	X	305	4	1.0
2027-02-06	205	X	332	3	1.0
2027-02-06	205	M	529	4	1.6
2027-02-06	206	X	114	6	1.5
2027-02-06	206	X	119	6	1.5
2027-02-06	206	K	885	4	2.6
2027-02-06	207	W	109	4	2.5
2027-02-06	207	V	114	6	2.6
2027-02-06	207	T	146	6	2.7
2027-02-06	207	O	147	5	5.5
2027-02-06	207	R	162	6	2.8
2027-02-06	207	X	199	2	2.5
2027-02-06	207	Q	707	4	2.9
2027-02-06	208	R	147	4	4.0
2027-02-06	208	S	157	6	3.9
2027-02-06	208	X	199	2	3.5
2027-02-06	208	X	308	4	3.5
2027-02-06	208	X	338	3	3.5
2027-02-06	208	K	529	4	4.8
2027-02-06	209	W	131	4	3.5
2027-02-06	209	X	151	6	3.5
2027-02-06	209	Q	163	6	3.9
2027-02-06	209	H	171	4	3.5
2027-02-06	210	X	401	2	4.0
2027-02-06	210	X	432	2	4.0
2027-02-06	211	X	159	6	4.0
2027-02-06	211	W	166	4	4.0
2027-02-06	212	X	309	2	4.0
2027-02-06	212	X	319	4	4.0
2027-02-06	212	X	340	2	4.0
2027-02-06	212	X	347	3	4.0
2027-02-06	213	W	131	4	3.5
2027-02-06	213	X	237	2	3.5
2027-02-06	213	B	241	4	4.8
2027-02-06	213	X	256	2	3.5
2027-02-06	214	U	135	6	3.7
2027-02-06	214	N	147	4	4.4
2027-02-06	214	X	199	2	3.5
2027-02-06	214	N	707	4	4.4
2027-02-06	215	W	109	4	2.5
2027-02-06	215	U	130	6	2.7
2027-02-06	215	I	135	2	5.5
2027-02-06	215	S	152	6	2.8
2027-02-06	215	E	168	3	4.1
2027-02-06	215	M	184	5	3.1
2027-02-06	215	X	199	2	2.5
2027-02-06	215	X	204	2	2.5
2027-02-06	216	M	86	2	2.3
2027-02-06	216	W	97	4	1.6
2027-02-06	216	X	173	2	1.5
2027-02-06	216	X	300	4	1.5
2027-02-06	216	X	328	3	1.5
2027-02-06	216	M	618	4	2.3
2027-02-06	217	C	143	3	3.4
2027-02-06	217	P	168	6	1.9
2027-02-06	217	M	184	6	2.1
2027-02-06	217	X	194	2	1.5
2027-02-06	218	W	88	4	1.1
2027-02-06	218	W	141	6	1.1
2027-02-06	218	X	163	2	1.0
2027-02-06	218	X	167	2	1.0
2027-02-06	219	Q	125	6	1.0
2027-02-06	219	X	277	2	0.5
2027-02-06	219	X	295	4	0.5
2027-02-06	219	X	298	2	0.5
2027-02-06	219	X	324	3	0.5
2027-02-06	220	V	84	4	0.6
2027-02-06	220	L	122	6	1.8
2027-02-06	220	X	142	2	0.5
2027-02-06	221	G	143	6	1.6
2027-02-06	221	X	195	2	0.5
2027-02-06	221	X	211	2	0.5
2027-02-06	222	V	84	4	0.6
2027-02-06	222	X	167	2	0.5
2027-02-06	222	X	179	2	0.5
2027-02-06	223	Q	130	6	1.0
2027-02-06	223	X	277	2	0.5
2027-02-06	223	X	298	2	0.5
2027-02-06	224	W	88	4	1.1
2027-02-06	224	X	167	2	1.0
2027-02-06	224	X	171	8	1.0
2027-02-06	225	X	173	2	1.5
2027-02-06	226	W	97	4	1.6
2027-02-06	226	M	97	9	2.3
2027-02-06	226	Q	108	4	2.0
2027-02-06	226	T	146	6	1.8
2027-02-06	226	X	173	2	1.5
2027-02-06	227	I	126	5	5.5
2027-02-06	227	K	139	4	3.3
2027-02-06	227	X	369	2	2.5
2027-02-06	227	X	398	2	2.5
2027-02-06	228	W	108	6	3.6
2027-02-06	228	P	149	4	4.2
2027-02-06	228	X	150	2	3.5
2027-02-06	228	T	162	4	3.8
2027-02-06	228	O	197	8	6.5
2027-02-06	228	X	199	2	3.5
2027-02-06	228	P	707	4	4.2
2027-02-06	229	U	145	2	3.5
2027-02-06	229	K	147	4	4.2
2027-02-06	229	J	152	4	4.3
2027-02-06	229	U	199	2	3.5
2027-02-06	229	U	318	4	3.5
2027-02-06	229	U	347	3	3.5
2027-02-06	229	J	707	4	4.3
2027-02-06	230	U	149	4	4.6
2027-02-06	231	J	152	2	4.8
2027-02-06	231	U	153	2	4.0
2027-02-06	231	D	170	4	5.6
2027-02-06	231	U	244	2	4.0
2027-02-06	232	U	149	4	4.4
2027-02-06	232	P	529	4	4.8
2027-02-06	233	U	140	2	3.5
2027-02-06	233	L	143	2	4.1
2027-02-06	233	K	147	4	4.2
2027-02-06	233	U	199	2	3.5
2027-02-06	233	K	618	4	4.2
2027-02-06	234	W	118	4	3.6
2027-02-06	234	U	119	1	3.7
2027-02-06	234	U	125	6	3.7
2027-02-06	234	T	145	4	3.8
2027-02-06	234	X	146	2	3.5
2027-02-06	234	P	152	2	4.3
2027-02-06	234	X	199	2	3.5
2027-02-06	234	N	796	4	4.4
2027-02-06	235	N	130	4	3.1
2027-02-06	235	U	141	6	2.7
2027-02-06	235	X	369	2	2.5
2027-02-06	235	X	398	2	2.5
2027-02-06	236	M	93	1	2.3
2027-02-06	236	X	108	6	1.5
2027-02-06	236	P	109	4	2.1
2027-02-06	236	R	120	4	1.9
2027-02-06	236	X	125	6	1.5
2027-02-06	236	S	152	6	1.8
2027-02-06	236	P	618	4	2.1
2027-02-06	237	W	93	4	1.0
2027-02-06	237	M	145	4	1.6
2027-02-06	237	X	173	2	1.0
2027-02-06	237	P	173	6	1.4
2027-02-06	237	X	181	2	1.0
2027-02-06	237	M	707	4	1.6
2027-02-06	238	M	159	4	2.3
2027-02-06	238	N	179	6	2.2
2027-02-06	238	X	207	2	1.5
2027-02-06	238	V	305	2	1.6
2027-02-06	238	V	314	4	1.6
2027-02-06	238	V	343	3	1.6
2027-02-06	238	M	796	4	2.3
2027-02-06	239	V	84	4	0.6
2027-02-06	239	X	114	6	0.5
2027-02-06	239	R	119	6	0.9
2027-02-06	240	X	108	6	0.5
2027-02-06	3	D	2435	2	9.4
2027-02-06	6	D	1991	2	8.4
2027-02-07	10	C	2803	2	9.5
2027-02-07	101	Z	111	6	4.5
2027-02-07	101	Y	117	4	4.5
2027-02-07	101	X	122	2	4.6
2027-02-07	101	S	134	4	4.9
2027-02-07	101	Y	149	4	4.5
2027-02-07	101	U	156	2	4.8
2027-02-07	101	T	164	6	4.8
2027-02-07	101	M	166	2	5.3
2027-02-07	101	PACKAGE	345	6	7.5
2027-02-07	101	W	707	4	4.7
2027-02-07	104	S	133	4	7.5
2027-02-07	104	X	151	2	4.6
2027-02-07	104	Y	166	4	4.5
2027-02-07	104	P	185	3	4.8
2027-02-07	104	Z	189	2	4.5
2027-02-07	104	Z	303	2	4.5
2027-02-07	104	P	313	2	4.8
2027-02-07	104	P	323	4	4.8
2027-02-07	104	B	331	5	5.5
2027-02-07	104	K	378	3	4.9
2027-02-07	104	6	622	3	6.3
2027-02-07	104	T	885	4	4.6
2027-02-07	106	T	133	4	5.3
2027-02-07	106	Q	134	4	5.4
2027-02-07	106	Z	146	4	5.0
2027-02-07	106	Y	166	4	4.0
2027-02-07	106	X	174	2	5.1
2027-02-07	106	R	248	4	5.4
2027-02-07	106	C	525	3	7.0
2027-02-07	106	Z	885	4	5.0
2027-02-07	109	Z	183	2	5.5
2027-02-07	109	Y	246	1	5.5
2027-02-07	109	Z	356	2	5.5
2027-02-07	109	G	402	2	6.7
2027-02-07	109	Z	418	4	5.5
2027-02-07	109	A	462	2	8.5
2027-02-07	109	Z	465	3	5.5
2027-02-07	110	T	381	2	5.6
2027-02-07	110	N	424	2	5.9
2027-02-07	110	T	489	2	5.6
2027-02-07	111	H	275	4	6.9
2027-02-07	111	Z	276	2	9.0
2027-02-07	111	V	424	4	6.0
2027-02-07	111	N	557	2	6.4
2027-02-07	111	G	668	2	7.1
2027-02-07	111	Q	1596	4	6.3
2027-02-07	112	T	357	4	5.5
2027-02-07	112	G	535	2	6.4
2027-02-07	112	S	598	2	8.5
2027-02-07	112	S	608	4	8.5
2027-02-07	112	S	655	3	8.5
2027-02-07	112	J	1685	4	6.2
2027-02-07	113	Z	299	2	5.5
2027-02-07	113	N	335	2	6.1
2027-02-07	113	L	355	2	6.2
2027-02-07	113	J	373	2	6.4
2027-02-07	113	Z	386	2	5.5
2027-02-07	113	R	620	4	5.9
2027-02-07	113	R	1063	4	5.9
2027-02-07	116	Z	175	2	5.0
2027-02-07	116	X	182	4	5.1
2027-02-07	116	Y	189	4	5.0
2027-02-07	116	Z	354	2	5.0
2027-02-07	116	Z	885	4	5.0
2027-02-07	118	Y	131	5	3.1
2027-02-07	118	Z	138	2	4.0
2027-02-07	118	T	143	4	4.3
2027-02-07	118	M	209	4	4.9
2027-02-07	118	Z	311	2	4.0
2027-02-07	118	F	546	3	6.0
2027-02-07	118	J	885	4	5.5
2027-02-07	118	T	1063	4	4.3
2027-02-07	120	R	161	3	4.6
2027-02-07	120	M	194	2	4.8
2027-02-07	120	T	303	2	4.5
2027-02-07	120	H	546	3	5.0
2027-02-07	120	3	671	2	6.5
2027-02-07	120	S	796	4	4.5
2027-02-07	120	H	809	4	5.0
2027-02-07	121	R	126	4	5.1
2027-02-07	121	T	134	4	7.5
2027-02-07	121	Q	166	2	5.2
2027-02-07	121	T	166	4	7.5
2027-02-07	121	S	172	6	7.5
2027-02-07	121	R	303	2	5.1
2027-02-07	121	Q	707	4	5.2
2027-02-07	121	G	796	4	6.2
2027-02-07	122	A	127	4	5.6
2027-02-07	122	R	134	4	4.6
2027-02-07	122	T	303	2	4.5
2027-02-07	122	T	796	4	4.5
2027-02-07	124	Z	105	2	5.0
2027-02-07	124	Y	137	2	4.0
2027-02-07	124	Y	157	4	5.0
2027-02-07	124	X	163	2	5.1
2027-02-07	124	Y	166	4	5.0
2027-02-07	124	Z	311	2	5.0
2027-02-07	124	L	360	3	5.4
2027-02-07	124	X	707	4	5.1
2027-02-07	124	3	865	3	7.0
2027-02-07	126	Z	326	2	5.0
2027-02-07	126	Z	354	2	5.0
2027-02-07	126	Z	362	4	5.0
2027-02-07	126	Z	409	3	5.0
2027-02-07	126	Y	885	4	5.0
2027-02-07	129	Z	224	2	5.5
2027-02-07	129	Y	246	4	5.5
2027-02-07	129	T	259	2	5.8
2027-02-07	129	L	262	2	6.2
2027-02-07	129	N	335	2	6.1
2027-02-07	129	Z	367	2	5.5
2027-02-07	129	Z	376	4	5.5
2027-02-07	129	Z	423	3	5.5
2027-02-07	129	W	885	4	5.6
2027-02-07	130	T	526	2	5.6
2027-02-07	130	G	535	2	6.5
2027-02-07	130	T	567	2	5.6
2027-02-07	130	C	817	4	7.4
2027-02-07	130	M	1418	4	6.0
2027-02-07	131	R	236	4	6.2
2027-02-07	131	U	288	2	6.1
2027-02-07	131	V	424	4	6.0
2027-02-07	131	Z	464	2	9.0
2027-02-07	131	N	557	2	6.4
2027-02-07	131	G	668	2	7.1
2027-02-07	131	U	1418	4	6.1
2027-02-07	132	T	357	4	5.5
2027-02-07	132	T	367	2	5.5
2027-02-07	132	N	424	2	5.8
2027-02-07	132	E	729	2	6.8
2027-02-07	132	Q	1418	4	5.6
2027-02-07	133	U	254	4	5.7
2027-02-07	133	Z	389	2	5.5
2027-02-07	133	G	402	2	6.7
2027-02-07	133	Z	419	2	5.5
2027-02-07	133	Z	456	4	5.5
2027-02-07	133	Z	503	3	5.5
2027-02-07	133	U	1063	4	5.7
2027-02-07	133	R	1063	4	5.9
2027-02-07	136	Z	183	2	5.0
2027-02-07	136	Y	189	4	5.0
2027-02-07	136	Z	354	2	5.0
2027-02-07	136	H	480	3	6.0
2027-02-07	136	R	885	4	5.4
2027-02-07	136	Z	885	4	5.0
2027-02-07	138	U	309	2	4.6
2027-02-07	138	U	319	4	4.6
2027-02-07	138	Z	340	2	4.5
2027-02-07	138	U	366	3	4.6
2027-02-07	138	5	695	2	7.5
2027-02-07	138	4	695	4	7.5
2027-02-07	138	X	796	4	4.6
2027-02-07	201	V	58	4	0.6
2027-02-07	201	X	190	2	0.5
2027-02-07	201	X	199	4	0.5
2027-02-07	201	X	208	2	0.5
2027-02-07	201	X	228	3	0.5
2027-02-07	202	X	243	2	0.5
2027-02-07	202	X	262	2	0.5
2027-02-07	203	V	58	4	0.6
2027-02-07	203	T	85	6	0.8
2027-02-07	203	S	88	6	0.8
2027-02-07	203	X	149	2	0.5
2027-02-07	203	X	210	4	0.5
2027-02-07	203	X	238	3	0.5
2027-02-07	204	X	272	2	1.5
2027-02-07	204	X	293	2	1.5
2027-02-07	205	M	61	4	1.6
2027-02-07	205	W	67	4	1.0
2027-02-07	205	X	173	2	1.0
2027-02-07	205	X	214	4	1.0
2027-02-07	205	X	243	3	1.0
2027-02-07	205	M	529	4	1.6
2027-02-07	206	K	74	6	2.6
2027-02-07	206	M	93	4	2.3
2027-02-07	206	X	173	2	1.5
2027-02-07	207	W	80	4	2.5
2027-02-07	207	O	126	5	5.5
2027-02-07	207	X	199	2	2.5
2027-02-07	207	Q	707	4	2.9
2027-02-07	208	R	84	4	4.0
2027-02-07	208	X	209	2	3.5
2027-02-07	208	X	218	4	3.5
2027-02-07	208	X	229	2	3.5
2027-02-07	208	X	247	3	3.5
2027-02-07	208	K	529	4	4.8
2027-02-07	209	W	109	4	3.5
2027-02-07	209	X	237	2	3.5
2027-02-07	209	X	256	2	3.5
2027-02-07	210	X	401	2	4.0
2027-02-07	210	X	432	2	4.0
2027-02-07	211	X	141	2	4.0
2027-02-07	211	W	144	4	4.0
2027-02-07	211	X	244	2	4.0
2027-02-07	212	X	218	2	4.0
2027-02-07	212	X	228	4	4.0
2027-02-07	212	X	240	2	4.0
2027-02-07	213	W	109	4	3.5
2027-02-07	213	X	237	2	3.5
2027-02-07	213	X	256	2	3.5
2027-02-07	214	N	92	4	4.4
2027-02-07	214	X	199	2	3.5
2027-02-07	214	N	707	4	4.4
2027-02-07	215	I	69	2	5.5
2027-02-07	215	W	80	4	2.5
2027-02-07	215	E	126	3	4.1
2027-02-07	215	M	147	5	3.1
2027-02-07	215	X	204	2	2.5
2027-02-07	215	X	220	2	2.5
2027-02-07	216	M	54	2	2.3
2027-02-07	216	W	71	4	1.6
2027-02-07	216	X	173	2	1.5
2027-02-07	216	X	210	4	1.5
2027-02-07	216	X	238	3	1.5
2027-02-07	216	M	618	4	2.3
2027-02-07	217	L	78	6	2.2
2027-02-07	217	C	97	3	3.4
2027-02-07	217	X	118	2	1.5
2027-02-07	217	X	173	2	1.5
2027-02-07	218	W	63	4	1.1
2027-02-07	218	X	69	6	1.0
2027-02-07	218	X	73	6	1.0
2027-02-07	218	W	76	6	1.1
2027-02-07	218	L	81	6	2.0
2027-02-07	219	R	94	6	0.9
2027-02-07	219	X	195	2	0.5
2027-02-07	219	X	205	4	0.5
2027-02-07	219	X	214	2	0.5
2027-02-07	219	X	233	3	0.5
2027-02-07	220	V	58	4	0.6
2027-02-07	220	X	167	2	0.5
2027-02-07	220	X	179	2	0.5
2027-02-07	221	X	69	6	0.5
2027-02-07	221	W	79	6	0.5
2027-02-07	222	V	58	4	0.6
2027-02-07	222	X	66	6	0.5
2027-02-07	222	W	82	6	0.6
2027-02-07	223	K	89	6	1.6
2027-02-07	223	X	277	2	0.5
2027-02-07	223	X	298	2	0.5
2027-02-07	224	W	63	4	1.1
2027-02-07	224	X	171	2	1.0
2027-02-07	224	X	184	2	1.0
2027-02-07	224	X	218	4	1.0
2027-02-07	224	X	247	3	1.0
2027-02-07	225	X	173	2	1.5
2027-02-07	226	Q	57	4	2.0
2027-02-07	226	M	63	9	2.3
2027-02-07	226	W	71	4	1.6
2027-02-07	226	X	173	2	1.5
2027-02-07	227	K	69	4	3.3
2027-02-07	227	I	138	5	5.5
2027-02-07	227	X	369	2	2.5
2027-02-07	227	X	398	2	2.5
2027-02-07	228	W	88	4	3.6
2027-02-07	228	O	159	8	6.5
2027-02-07	228	X	178	2	3.5
2027-02-07	228	T	181	4	3.8
2027-02-07	228	X	199	2	3.5
2027-02-07	228	P	707	4	4.2
2027-02-07	229	K	120	4	4.2
2027-02-07	229	J	124	4	4.3
2027-02-07	229	U	199	2	3.5
2027-02-07	229	U	228	4	3.5
2027-02-07	229	U	256	3	3.5
2027-02-07	229	J	707	4	4.3
2027-02-07	230	U	127	4	4.6
2027-02-07	231	D	121	4	5.6
2027-02-07	231	J	124	2	4.8
2027-02-07	231	U	144	4	4.0
2027-02-07	232	U	127	4	4.4
2027-02-07	232	P	529	4	4.8
2027-02-07	233	L	114	4	4.1
2027-02-07	233	K	120	4	4.2
2027-02-07	233	U	199	2	3.5
2027-02-07	233	K	618	4	4.2
2027-02-07	234	W	88	4	3.6
2027-02-07	234	X	219	2	3.5
2027-02-07	234	X	236	2	3.5
2027-02-07	234	N	796	4	4.4
2027-02-07	235	N	67	4	3.1
2027-02-07	235	X	369	2	2.5
2027-02-07	235	X	398	2	2.5
2027-02-07	236	M	59	4	2.3
2027-02-07	236	P	68	4	2.1
2027-02-07	236	R	74	4	1.9
2027-02-07	236	X	173	2	1.5
2027-02-07	236	P	618	4	2.1
2027-02-07	237	W	67	4	1.0
2027-02-07	237	M	92	4	1.6
2027-02-07	237	X	173	2	1.0
2027-02-07	237	M	707	4	1.6
2027-02-07	238	M	74	6	2.3
2027-02-07	238	X	149	2	1.5
2027-02-07	238	V	214	2	1.6
2027-02-07	238	V	224	4	1.6
2027-02-07	238	V	252	3	1.6
2027-02-07	239	V	58	4	0.6
2027-02-07	239	J	78	6	1.8
2027-02-07	239	K	85	6	1.6
2027-02-07	239	X	149	2	0.5
2027-02-07	239	X	308	3	0.5
2027-02-07	240	X	72	6	0.5
2027-02-07	240	W	75	6	0.6
2027-02-07	3	D	2359	2	9.4
2027-02-07	6	D	1915	2	8.4
2027-02-18	10	C	2905	2	9.5
2027-02-18	101	Z	156	6	4.5
2027-02-18	101	Y	171	4	4.5
2027-02-18	101	S	174	4	4.9
2027-02-18	101	W	707	4	4.7
2027-02-18	104	S	180	4	7.5
2027-02-18	104	Y	189	4	4.5
2027-02-18	104	Z	251	2	4.5
2027-02-18	104	Z	303	2	4.5
2027-02-18	104	L	360	3	4.9
2027-02-18	104	P	437	2	4.8
2027-02-18	104	P	446	4	4.8
2027-02-18	104	P	494	3	4.8
2027-02-18	104	T	885	4	4.6
2027-02-18	106	Q	171	2	5.4
2027-02-18	106	S	208	4	5.3
2027-02-18	106	R	212	4	5.4
2027-02-18	106	Z	224	4	5.0
2027-02-18	106	C	559	3	7.0
2027-02-18	106	Z	885	4	5.0
2027-02-18	109	Y	353	1	5.5
2027-02-18	109	Z	407	2	5.5
2027-02-18	109	Z	407	2	5.5
2027-02-18	109	A	436	4	8.5
2027-02-18	109	Z	452	3	5.5
2027-02-18	109	Z	494	4	5.5
2027-02-18	109	G	508	2	6.7
2027-02-18	110	T	467	2	5.6
2027-02-18	110	T	504	2	5.6
2027-02-18	111	V	530	4	6.0
2027-02-18	111	Z	597	2	9.0
2027-02-18	111	N	664	2	6.4
2027-02-18	111	G	775	2	7.1
2027-02-18	111	H	825	4	6.9
2027-02-18	111	Q	1596	4	6.3
2027-02-18	112	T	464	4	5.5
2027-02-18	112	G	641	2	6.4
2027-02-18	112	S	674	2	8.5
2027-02-18	112	S	769	4	8.5
2027-02-18	112	J	1685	4	6.2
2027-02-18	113	T	357	2	5.8
2027-02-18	113	Z	409	2	5.5
2027-02-18	113	Z	412	2	5.5
2027-02-18	113	N	442	2	6.1
2027-02-18	113	J	584	2	6.4
2027-02-18	113	R	785	4	5.9
2027-02-18	113	R	1063	4	5.9
2027-02-18	116	Y	264	4	5.0
2027-02-18	116	Z	328	2	5.0
2027-02-18	116	Z	354	2	5.0
2027-02-18	116	Z	885	4	5.0
2027-02-18	118	Z	206	2	4.0
2027-02-18	118	T	206	4	4.3
2027-02-18	118	X	210	6	4.1
2027-02-18	118	M	228	2	4.9
2027-02-18	118	Z	311	2	4.0
2027-02-18	118	J	885	4	5.5
2027-02-18	118	T	1063	4	4.3
2027-02-18	120	T	165	2	4.5
2027-02-18	120	C	414	6	5.4
2027-02-18	120	T	480	2	4.5
2027-02-18	120	S	796	4	4.5
2027-02-18	120	H	816	4	5.0
2027-02-18	121	R	158	4	5.1
2027-02-18	121	T	174	4	7.5
2027-02-18	121	T	189	4	7.5
2027-02-18	121	S	190	6	7.5
2027-02-18	121	E	216	2	6.9
2027-02-18	121	R	303	2	5.1
2027-02-18	121	PACKAGE	418	6	7.5
2027-02-18	121	Q	707	4	5.2
2027-02-18	121	G	796	4	6.2
2027-02-18	122	S	173	4	4.5
2027-02-18	122	T	183	2	4.5
2027-02-18	122	A	200	4	5.6
2027-02-18	122	R	210	4	4.6
2027-02-18	122	T	303	2	4.5
2027-02-18	122	T	796	4	4.5
2027-02-18	124	Z	152	2	5.0
2027-02-18	124	Y	189	4	5.0
2027-02-18	124	Y	200	5	5.0
2027-02-18	124	Z	311	2	5.0
2027-02-18	124	L	370	3	5.4
2027-02-18	124	6	705	2	6.4
2027-02-18	124	X	707	4	5.1
2027-02-18	126	Z	435	2	5.0
2027-02-18	126	Z	438	4	5.0
2027-02-18	126	Z	470	2	5.0
2027-02-18	126	Z	485	3	5.0
2027-02-18	126	Y	885	4	5.0
2027-02-18	129	Z	219	2	5.5
2027-02-18	129	Y	353	4	5.5
2027-02-18	129	T	364	2	5.8
2027-02-18	129	L	394	2	6.2
2027-02-18	129	Z	407	2	5.5
2027-02-18	129	N	442	2	6.1
2027-02-18	129	Z	547	4	5.5
2027-02-18	129	W	885	4	5.6
2027-02-18	129	Z	1063	4	5.5
2027-02-18	130	T	714	2	5.6
2027-02-18	130	C	1193	4	7.4
2027-02-18	130	T	1314	2	5.6
2027-02-18	130	M	1418	4	6.0
2027-02-18	131	R	517	4	6.2
2027-02-18	131	Z	597	2	9.0
2027-02-18	131	V	644	2	6.0
2027-02-18	131	N	664	2	6.4
2027-02-18	131	G	775	2	7.1
2027-02-18	131	U	1418	4	6.1
2027-02-18	132	T	403	2	5.5
2027-02-18	132	N	530	2	5.8
2027-02-18	132	T	612	2	5.5
2027-02-18	132	Q	1418	4	5.6
2027-02-18	133	Z	355	2	4.5
2027-02-18	133	U	448	4	5.7
2027-02-18	133	G	508	2	6.7
2027-02-18	133	Z	514	2	5.5
2027-02-18	133	Z	579	4	5.5
2027-02-18	133	Z	674	3	5.5
2027-02-18	133	R	1063	4	5.9
2027-02-18	133	U	1063	4	5.7
2027-02-18	136	Z	228	2	5.0
2027-02-18	136	Y	264	4	5.0
2027-02-18	136	T	320	4	5.3
2027-02-18	136	Z	354	2	5.0
2027-02-18	136	H	511	3	6.0
2027-02-18	136	Z	885	4	5.0
2027-02-18	136	R	885	4	5.4
2027-02-18	138	U	433	2	4.6
2027-02-18	138	Z	438	2	4.5
2027-02-18	138	U	442	4	4.6
2027-02-18	138	Z	473	2	4.5
2027-02-18	138	U	537	3	4.6
2027-02-18	138	5	754	6	7.5
2027-02-18	138	X	796	4	4.6
2027-02-18	201	V	75	4	0.6
2027-02-18	201	M	162	6	1.1
2027-02-18	201	X	165	2	0.5
2027-02-18	201	X	177	2	0.5
2027-02-18	201	F	179	6	1.8
2027-02-18	201	X	256	4	0.5
2027-02-18	201	X	285	3	0.5
2027-02-18	202	M	152	6	1.6
2027-02-18	202	K	187	6	2.0
2027-02-18	202	X	217	2	0.5
2027-02-18	203	V	75	4	0.6
2027-02-18	203	X	167	2	0.5
2027-02-18	203	G	172	6	2.4
2027-02-18	203	L	177	6	1.5
2027-02-18	203	X	180	2	0.5
2027-02-18	203	X	266	4	0.5
2027-02-18	203	X	294	3	0.5
2027-02-18	204	X	107	2	1.5
2027-02-18	204	X	118	6	1.5
2027-02-18	205	M	82	4	1.6
2027-02-18	205	W	84	4	1.0
2027-02-18	205	X	155	2	1.0
2027-02-18	205	X	173	2	1.0
2027-02-18	205	X	267	4	1.0
2027-02-18	205	X	295	3	1.0
2027-02-18	205	M	529	4	1.6
2027-02-18	206	M	127	4	2.3
2027-02-18	206	K	133	6	2.6
2027-02-18	206	X	155	2	1.5
2027-02-18	206	X	173	2	1.5
2027-02-18	207	W	97	4	2.5
2027-02-18	207	V	127	6	2.6
2027-02-18	207	O	147	5	5.5
2027-02-18	207	X	199	2	2.5
2027-02-18	207	Q	707	4	2.9
2027-02-18	208	U	107	2	3.7
2027-02-18	208	W	111	6	3.6
2027-02-18	208	S	137	4	3.9
2027-02-18	208	L	137	2	4.6
2027-02-18	208	X	199	2	3.5
2027-02-18	208	X	280	4	3.5
2027-02-18	208	X	309	3	3.5
2027-02-18	208	K	529	4	4.8
2027-02-18	209	W	127	4	3.5
2027-02-18	209	Q	167	4	3.9
2027-02-18	209	G	169	2	3.6
2027-02-18	209	X	199	2	3.5
2027-02-18	210	X	401	2	4.0
2027-02-18	210	X	432	2	4.0
2027-02-18	211	W	162	4	4.0
2027-02-18	211	X	246	2	4.0
2027-02-18	211	X	265	2	4.0
2027-02-18	212	X	304	2	4.0
2027-02-18	212	X	309	4	4.0
2027-02-18	212	X	328	2	4.0
2027-02-18	212	X	338	3	4.0
2027-02-18	213	W	127	4	3.5
2027-02-18	213	R	167	4	3.8
2027-02-18	213	L	167	2	4.2
2027-02-18	213	X	199	2	3.5
2027-02-18	214	X	106	6	3.5
2027-02-18	214	U	113	6	3.7
2027-02-18	214	N	707	4	4.4
2027-02-18	215	W	97	4	2.5
2027-02-18	215	W	116	6	2.5
2027-02-18	215	S	118	6	2.8
2027-02-18	215	I	124	2	5.5
2027-02-18	215	E	168	3	4.1
2027-02-18	215	M	180	5	3.1
2027-02-18	215	X	199	2	2.5
2027-02-18	215	X	204	2	2.5
2027-02-18	216	M	78	2	2.3
2027-02-18	216	W	88	4	1.6
2027-02-18	216	X	173	2	1.5
2027-02-18	216	X	267	4	1.5
2027-02-18	216	X	295	3	1.5
2027-02-18	216	M	618	4	2.3
2027-02-18	217	C	138	3	3.4
2027-02-18	217	N	147	6	2.0
2027-02-18	217	X	205	2	1.5
2027-02-18	217	X	221	2	1.5
2027-02-18	218	W	80	4	1.1
2027-02-18	218	X	167	2	1.0
2027-02-18	218	M	167	6	1.8
2027-02-18	218	X	180	2	1.0
2027-02-18	219	Q	95	6	1.0
2027-02-18	219	J	156	6	1.8
2027-02-18	219	X	181	2	0.5
2027-02-18	219	X	257	4	0.5
2027-02-18	219	X	286	3	0.5
2027-02-18	220	V	75	4	0.6
2027-02-18	220	J	156	6	2.3
2027-02-18	220	M	157	6	1.6
2027-02-18	220	X	167	2	0.5
2027-02-18	220	X	179	2	0.5
2027-02-18	221	H	164	6	1.5
2027-02-18	221	J	164	6	1.4
2027-02-18	221	X	165	2	0.5
2027-02-18	221	X	177	2	0.5
2027-02-18	221	C	234	6	2.4
2027-02-18	222	V	75	4	0.6
2027-02-18	222	M	123	6	1.6
2027-02-18	222	X	143	2	0.5
2027-02-18	223	Q	99	6	1.0
2027-02-18	223	G	172	6	2.4
2027-02-18	223	F	179	6	2.8
2027-02-18	223	E	187	4	3.5
2027-02-18	223	X	199	2	0.5
2027-02-18	224	W	80	4	1.1
2027-02-18	224	X	104	6	1.0
2027-02-18	224	X	118	6	1.0
2027-02-18	225	X	114	6	1.5
2027-02-18	225	N	142	6	2.0
2027-02-18	226	Q	81	4	2.0
2027-02-18	226	M	87	9	2.3
2027-02-18	226	W	88	4	1.6
2027-02-18	226	X	154	2	1.5
2027-02-18	226	X	173	2	1.5
2027-02-18	227	X	101	6	2.5
2027-02-18	227	W	121	6	2.5
2027-02-18	227	K	138	4	3.3
2027-02-18	227	L	143	2	3.2
2027-02-18	228	W	109	4	3.6
2027-02-18	228	P	171	4	4.2
2027-02-18	228	X	172	2	3.5
2027-02-18	228	O	193	8	6.5
2027-02-18	228	X	199	2	3.5
2027-02-18	228	P	707	4	4.2
2027-02-18	229	U	154	2	3.5
2027-02-18	229	K	158	4	4.2
2027-02-18	229	J	162	4	4.3
2027-02-18	229	Q	192	4	3.7
2027-02-18	229	U	199	2	3.5
2027-02-18	229	U	280	4	3.5
2027-02-18	229	U	309	3	3.5
2027-02-18	229	D	380	3	4.1
2027-02-18	229	J	707	4	4.3
2027-02-18	230	U	144	4	4.6
2027-02-18	231	D	149	2	5.6
2027-02-18	231	J	161	2	4.8
2027-02-18	231	U	162	2	4.0
2027-02-18	231	U	244	2	4.0
2027-02-18	232	U	144	4	4.4
2027-02-18	232	P	529	4	4.8
2027-02-18	233	U	150	2	3.5
2027-02-18	233	L	152	4	4.1
2027-02-18	233	K	158	4	4.2
2027-02-18	233	Q	175	2	3.7
2027-02-18	233	G	177	3	3.5
2027-02-18	233	Q	183	4	3.7
2027-02-18	233	U	199	2	3.5
2027-02-18	233	K	618	4	4.2
2027-02-18	234	W	109	4	3.6
2027-02-18	234	T	167	4	3.8
2027-02-18	234	J	167	2	5.3
2027-02-18	234	X	168	2	3.5
2027-02-18	234	P	181	4	4.3
2027-02-18	234	X	199	2	3.5
2027-02-18	234	N	796	4	4.4
2027-02-18	235	N	120	4	3.1
2027-02-18	235	V	132	6	2.6
2027-02-18	235	X	369	2	2.5
2027-02-18	235	X	398	2	2.5
2027-02-18	236	M	83	4	2.3
2027-02-18	236	P	93	4	2.1
2027-02-18	236	X	95	6	1.5
2027-02-18	236	X	99	6	1.5
2027-02-18	236	R	103	4	1.9
2027-02-18	236	P	618	4	2.1
2027-02-18	237	W	84	4	1.0
2027-02-18	237	X	109	6	1.0
2027-02-18	237	M	124	4	1.6
2027-02-18	237	M	707	4	1.6
2027-02-18	238	M	136	4	2.3
2027-02-18	238	X	248	2	1.5
2027-02-18	238	V	267	2	1.6
2027-02-18	238	X	267	2	1.5
2027-02-18	238	V	276	4	1.6
2027-02-18	238	V	305	3	1.6
2027-02-18	238	M	796	4	2.3
2027-02-18	239	V	75	4	0.6
2027-02-18	239	X	167	2	0.5
2027-02-18	239	L	172	6	1.5
2027-02-18	239	X	180	2	0.5
2027-02-18	239	K	182	6	1.6
2027-02-18	239	X	308	3	0.5
2027-02-18	240	X	107	6	0.5
2027-02-18	3	D	2461	2	9.4
2027-02-18	6	D	2017	2	8.4
2027-02-26	10	C	2856	2	9.5
2027-02-26	101	Y	153	4	4.5
2027-02-26	101	S	169	4	4.9
2027-02-26	101	V	185	6	4.7
2027-02-26	101	Q	185	6	5.1
2027-02-26	101	Z	281	2	4.5
2027-02-26	101	Z	290	4	4.5
2027-02-26	101	Z	303	2	4.5
2027-02-26	101	Z	338	3	4.5
2027-02-26	101	M	341	6	5.3
2027-02-26	101	W	707	4	4.7
2027-02-26	104	S	162	4	7.5
2027-02-26	104	Y	171	4	4.5
2027-02-26	104	P	181	5	4.8
2027-02-26	104	Z	266	2	4.5
2027-02-26	104	P	290	4	4.8
2027-02-26	104	Z	303	2	4.5
2027-02-26	104	3	865	5	6.5
2027-02-26	104	T	885	4	4.6
2027-02-26	106	R	159	4	5.4
2027-02-26	106	Q	169	4	5.4
2027-02-26	106	Z	181	4	5.0
2027-02-26	106	X	209	5	4.1
2027-02-26	106	T	225	4	5.3
2027-02-26	106	C	574	3	7.0
2027-02-26	106	Z	885	4	5.0
2027-02-26	109	Z	206	2	5.5
2027-02-26	109	Y	304	4	5.5
2027-02-26	109	Z	356	2	5.5
2027-02-26	109	Z	389	4	5.5
2027-02-26	109	Z	437	3	5.5
2027-02-26	109	G	459	2	6.7
2027-02-26	110	T	381	2	5.6
2027-02-26	110	N	482	2	5.9
2027-02-26	110	T	555	2	5.6
2027-02-26	111	H	358	4	6.9
2027-02-26	111	Z	358	2	9.0
2027-02-26	111	P	380	4	6.4
2027-02-26	111	V	454	2	6.0
2027-02-26	111	N	615	2	6.4
2027-02-26	111	G	726	2	7.1
2027-02-26	111	Q	1596	4	6.3
2027-02-26	112	T	415	4	5.5
2027-02-26	112	S	570	2	8.5
2027-02-26	112	S	579	4	8.5
2027-02-26	112	G	593	2	6.4
2027-02-26	112	S	633	3	8.5
2027-02-26	112	PACKAGE	885	4	8.5
2027-02-26	112	C	1264	4	7.3
2027-02-26	112	J	1685	4	6.2
2027-02-26	113	T	284	2	5.8
2027-02-26	113	R	354	4	5.9
2027-02-26	113	H	380	2	6.5
2027-02-26	113	Z	384	2	5.5
2027-02-26	113	N	393	2	6.1
2027-02-26	113	Z	397	2	5.5
2027-02-26	113	R	1063	4	5.9
2027-02-26	116	Y	199	4	4.0
2027-02-26	116	Z	215	2	5.0
2027-02-26	116	Y	238	4	5.0
2027-02-26	116	Z	354	2	5.0
2027-02-26	116	Z	885	4	5.0
2027-02-26	118	Z	138	2	4.0
2027-02-26	118	X	151	6	4.1
2027-02-26	118	Y	156	5	3.1
2027-02-26	118	T	164	4	4.3
2027-02-26	118	M	200	4	4.9
2027-02-26	118	Z	311	2	4.0
2027-02-26	118	PACKAGE	394	6	7.0
2027-02-26	118	J	885	4	5.5
2027-02-26	118	T	1063	4	4.3
2027-02-26	120	J	200	2	4.9
2027-02-26	120	H	337	4	5.0
2027-02-26	120	A	358	3	5.6
2027-02-26	120	T	378	2	4.5
2027-02-26	120	S	796	4	4.5
2027-02-26	121	T	171	4	7.5
2027-02-26	121	Q	185	4	5.2
2027-02-26	121	R	303	2	5.1
2027-02-26	121	Q	707	4	5.2
2027-02-26	121	G	796	4	6.2
2027-02-26	122	A	164	4	5.6
2027-02-26	122	R	169	4	4.6
2027-02-26	122	S	173	4	4.5
2027-02-26	122	K	200	5	4.9
2027-02-26	122	T	303	2	4.5
2027-02-26	122	C	341	5	5.4
2027-02-26	122	T	796	4	4.5
2027-02-26	124	Z	114	2	5.0
2027-02-26	124	Y	171	4	5.0
2027-02-26	124	Z	311	2	5.0
2027-02-26	124	F	376	4	5.6
2027-02-26	124	5	477	3	6.6
2027-02-26	124	X	707	4	5.1
2027-02-26	124	L	993	3	5.4
2027-02-26	126	Z	403	2	5.0
2027-02-26	126	Z	403	4	5.0
2027-02-26	126	Z	434	2	5.0
2027-02-26	126	Z	452	3	5.0
2027-02-26	126	C	477	3	7.0
2027-02-26	126	Y	885	4	5.0
2027-02-26	129	T	280	2	5.8
2027-02-26	129	Z	300	2	5.5
2027-02-26	129	Y	304	4	5.5
2027-02-26	129	L	341	2	6.2
2027-02-26	129	Z	367	2	5.5
2027-02-26	129	N	393	2	6.1
2027-02-26	129	Z	432	4	5.5
2027-02-26	129	Z	480	3	5.5
2027-02-26	129	C	537	2	7.5
2027-02-26	129	W	885	4	5.6
2027-02-26	130	T	521	2	5.6
2027-02-26	130	G	593	2	6.5
2027-02-26	130	T	684	2	5.6
2027-02-26	130	M	1418	4	6.0
2027-02-26	131	R	327	4	6.2
2027-02-26	131	V	482	4	6.0
2027-02-26	131	Z	572	2	9.0
2027-02-26	131	N	615	2	6.4
2027-02-26	131	G	726	2	7.1
2027-02-26	131	U	1418	4	6.1
2027-02-26	131	F	1653	2	7.2
2027-02-26	132	T	359	2	5.5
2027-02-26	132	T	415	4	5.5
2027-02-26	132	N	482	2	5.8
2027-02-26	132	E	899	6	6.8
2027-02-26	132	PACKAGE	910	4	8.5
2027-02-26	132	Q	1418	4	5.6
2027-02-26	133	V	282	2	4.7
2027-02-26	133	U	310	4	5.7
2027-02-26	133	Z	389	2	5.5
2027-02-26	133	Z	419	2	5.5
2027-02-26	133	Z	428	4	5.5
2027-02-26	133	G	459	2	6.7
2027-02-26	133	Z	476	3	5.5
2027-02-26	133	R	1063	4	5.9
2027-02-26	133	U	1063	4	5.7
2027-02-26	136	Z	178	2	5.0
2027-02-26	136	R	181	2	5.4
2027-02-26	136	Y	190	2	4.0
2027-02-26	136	Y	238	4	5.0
2027-02-26	136	Z	354	2	5.0
2027-02-26	136	H	435	3	6.0
2027-02-26	136	Z	885	4	5.0
2027-02-26	136	R	885	4	5.4
2027-02-26	138	K	253	3	5.0
2027-02-26	138	U	314	2	4.6
2027-02-26	138	U	324	4	4.6
2027-02-26	138	Z	345	2	4.5
2027-02-26	138	U	371	3	4.6
2027-02-26	138	X	796	4	4.6
2027-02-26	138	3	817	6	6.5
2027-02-26	201	V	63	4	0.6
2027-02-26	201	W	90	6	0.5
2027-02-26	201	X	131	2	0.5
2027-02-26	201	X	232	4	0.5
2027-02-26	201	X	262	3	0.5
2027-02-26	202	W	97	6	0.6
2027-02-26	202	X	243	2	0.5
2027-02-26	202	X	262	2	0.5
2027-02-26	203	V	63	4	0.6
2027-02-26	203	T	130	6	0.8
2027-02-26	203	R	134	6	0.9
2027-02-26	203	X	150	2	0.5
2027-02-26	203	X	243	4	0.5
2027-02-26	203	X	271	3	0.5
2027-02-26	204	X	298	2	1.5
2027-02-26	205	W	71	4	1.0
2027-02-26	205	M	108	4	1.6
2027-02-26	205	X	173	2	1.0
2027-02-26	205	X	224	4	1.0
2027-02-26	205	X	271	3	1.0
2027-02-26	205	M	529	4	1.6
2027-02-26	206	K	111	6	2.6
2027-02-26	206	X	173	2	1.5
2027-02-26	207	W	84	4	2.5
2027-02-26	207	O	126	5	5.5
2027-02-26	207	X	199	2	2.5
2027-02-26	207	Q	707	4	2.9
2027-02-26	208	R	92	4	4.0
2027-02-26	208	X	186	2	3.5
2027-02-26	208	X	195	4	3.5
2027-02-26	208	X	204	2	3.5
2027-02-26	208	X	224	3	3.5
2027-02-26	208	K	529	4	4.8
2027-02-26	209	W	109	4	3.5
2027-02-26	209	X	237	2	3.5
2027-02-26	209	X	256	2	3.5
2027-02-26	210	X	433	2	4.0
2027-02-26	211	W	144	4	4.0
2027-02-26	211	X	174	2	4.0
2027-02-26	211	X	244	2	4.0
2027-02-26	212	X	205	2	4.0
2027-02-26	212	X	213	4	4.0
2027-02-26	212	X	225	2	4.0
2027-02-26	212	X	243	3	4.0
2027-02-26	213	W	109	4	3.5
2027-02-26	213	X	237	2	3.5
2027-02-26	213	X	256	2	3.5
2027-02-26	214	N	92	4	4.4
2027-02-26	214	X	199	2	3.5
2027-02-26	214	N	707	4	4.4
2027-02-26	215	W	84	4	2.5
2027-02-26	215	I	103	2	5.5
2027-02-26	215	E	126	3	4.1
2027-02-26	215	M	147	5	3.1
2027-02-26	215	X	204	2	2.5
2027-02-26	215	X	220	2	2.5
2027-02-26	216	M	66	2	2.3
2027-02-26	216	W	75	4	1.6
2027-02-26	216	X	173	2	1.5
2027-02-26	216	X	191	4	1.5
2027-02-26	216	X	219	3	1.5
2027-02-26	216	M	618	4	2.3
2027-02-26	217	C	101	3	3.4
2027-02-26	217	X	145	2	1.5
2027-02-26	217	X	173	2	1.5
2027-02-26	218	W	67	4	1.1
2027-02-26	218	X	149	2	1.0
2027-02-26	219	V	111	6	0.6
2027-02-26	219	X	185	2	0.5
2027-02-26	219	X	186	4	0.5
2027-02-26	219	X	199	2	0.5
2027-02-26	219	X	218	3	0.5
2027-02-26	220	V	63	4	0.6
2027-02-26	220	V	102	6	0.6
2027-02-26	220	X	131	2	0.5
2027-02-26	221	V	107	6	0.6
2027-02-26	221	X	117	2	0.5
2027-02-26	221	X	131	2	0.5
2027-02-26	222	V	63	4	0.6
2027-02-26	222	T	121	6	0.8
2027-02-26	222	X	140	2	0.5
2027-02-26	223	T	125	6	0.8
2027-02-26	223	R	139	6	0.9
2027-02-26	223	X	149	2	0.5
2027-02-26	224	W	67	4	1.1
2027-02-26	224	X	167	2	1.0
2027-02-26	224	X	171	8	1.0
2027-02-26	225	V	90	6	1.6
2027-02-26	225	T	107	6	1.7
2027-02-26	225	R	116	6	1.8
2027-02-26	225	X	173	2	1.5
2027-02-26	226	Q	73	4	2.0
2027-02-26	226	M	75	9	2.3
2027-02-26	226	W	75	4	1.6
2027-02-26	226	V	97	6	1.6
2027-02-26	226	T	111	6	1.8
2027-02-26	226	R	125	6	1.9
2027-02-26	226	X	173	2	1.5
2027-02-26	227	K	103	4	3.3
2027-02-26	227	I	155	5	5.5
2027-02-26	227	X	369	2	2.5
2027-02-26	227	X	398	2	2.5
2027-02-26	228	W	93	4	3.6
2027-02-26	228	X	159	2	3.5
2027-02-26	228	T	162	4	3.8
2027-02-26	228	O	168	8	6.5
2027-02-26	228	X	199	2	3.5
2027-02-26	228	P	707	4	4.2
2027-02-26	229	U	117	2	3.5
2027-02-26	229	K	120	4	4.2
2027-02-26	229	J	124	4	4.3
2027-02-26	229	U	199	2	3.5
2027-02-26	229	U	205	4	3.5
2027-02-26	229	U	233	3	3.5
2027-02-26	229	J	707	4	4.3
2027-02-26	230	U	127	4	4.6
2027-02-26	231	D	133	4	5.6
2027-02-26	231	J	138	2	4.8
2027-02-26	231	U	139	2	4.0
2027-02-26	231	U	244	2	4.0
2027-02-26	232	U	127	4	4.4
2027-02-26	232	P	529	4	4.8
2027-02-26	233	L	114	4	4.1
2027-02-26	233	K	120	4	4.2
2027-02-26	233	U	199	2	3.5
2027-02-26	233	K	618	4	4.2
2027-02-26	234	W	93	4	3.6
2027-02-26	234	X	150	2	3.5
2027-02-26	234	P	152	2	4.3
2027-02-26	234	X	199	2	3.5
2027-02-26	234	N	796	4	4.4
2027-02-26	235	N	81	4	3.1
2027-02-26	235	X	204	2	2.5
2027-02-26	235	X	220	2	2.5
2027-02-26	236	M	71	4	2.3
2027-02-26	236	U	102	6	1.7
2027-02-26	236	P	119	4	2.1
2027-02-26	236	X	129	2	1.5
2027-02-26	236	R	131	4	1.9
2027-02-26	236	X	173	2	1.5
2027-02-26	236	P	618	4	2.1
2027-02-26	237	W	71	4	1.0
2027-02-26	237	R	121	6	1.3
2027-02-26	237	X	145	2	1.0
2027-02-26	237	M	158	4	1.6
2027-02-26	237	X	173	2	1.0
2027-02-26	237	M	707	4	1.6
2027-02-26	238	M	174	4	2.3
2027-02-26	238	X	187	2	1.5
2027-02-26	238	V	195	2	1.6
2027-02-26	238	V	200	4	1.6
2027-02-26	238	X	200	2	1.5
2027-02-26	238	V	229	3	1.6
2027-02-26	238	M	796	4	2.3
2027-02-26	239	V	63	4	0.6
2027-02-26	239	X	167	2	0.5
2027-02-26	239	X	180	2	0.5
2027-02-26	239	X	308	3	0.5
2027-02-26	240	U	116	6	0.7
2027-02-26	240	X	243	2	0.5
2027-02-26	240	X	262	2	0.5
2027-02-26	3	D	2412	2	9.4
2027-02-26	6	D	1969	2	8.4
2027-02-28	101	S	623	4	4.9
2027-02-28	101	T	647	2	4.8
2027-02-28	101	X	652	4	4.6
2027-02-28	101	Z	709	4	4.5
2027-02-28	101	Z	711	2	4.5
2027-02-28	101	Z	756	3	4.5
2027-02-28	101	W	1272	4	4.7
2027-02-28	104	S	583	4	7.5
2027-02-28	104	Z	641	2	4.5
2027-02-28	104	P	769	2	4.8
2027-02-28	104	P	779	4	4.8
2027-02-28	104	P	826	3	4.8
2027-02-28	104	M	830	2	4.8
2027-02-28	104	8	1434	2	5.9
2027-02-28	104	T	1592	4	4.6
2027-02-28	104	8	1649	4	5.9
2027-02-28	106	Z	560	2	5.0
2027-02-28	106	R	572	4	5.4
2027-02-28	106	Y	606	4	5.0
2027-02-28	106	Q	623	4	5.4
2027-02-28	106	P	695	4	5.5
2027-02-28	106	S	746	4	5.3
2027-02-28	106	Y	825	6	5.0
2027-02-28	106	M	834	4	5.7
2027-02-28	106	F	865	1	6.3
2027-02-28	106	F	917	3	6.3
2027-02-28	106	Q	932	8	5.4
2027-02-28	106	L	943	4	5.7
2027-02-28	106	K	1078	4	5.8
2027-02-28	106	Z	1592	4	5.0
2027-02-28	106	S	2244	4	5.3
2027-02-28	109	Y	699	1	5.5
2027-02-28	109	Z	785	3	5.5
2027-02-28	109	S	792	3	5.8
2027-02-28	109	Z	813	2	5.5
2027-02-28	109	Z	830	6	4.5
2027-02-28	109	Y	891	4	4.5
2027-02-28	109	P	914	4	6.0
2027-02-28	109	W	953	2	5.6
2027-02-28	109	N	957	2	6.1
2027-02-28	109	L	972	2	6.2
2027-02-28	109	G	1072	4	6.7
2027-02-28	109	D	2041	4	7.2
2027-02-28	110	T	837	4	5.6
2027-02-28	110	N	903	2	5.9
2027-02-28	110	PACKAGE	1598	4	8.5
2027-02-28	110	N	2040	4	5.9
2027-02-28	111	Z	889	2	9.0
2027-02-28	111	V	903	1	6.0
2027-02-28	111	U	1398	4	6.1
2027-02-28	111	S	1863	4	6.2
2027-02-28	111	Q	2872	4	6.3
2027-02-28	112	T	832	2	5.5
2027-02-28	112	S	1007	2	8.5
2027-02-28	112	G	1014	2	6.4
2027-02-28	112	S	1102	4	8.5
2027-02-28	112	Q	1863	3	5.6
2027-02-28	112	P	1863	4	5.7
2027-02-28	112	J	3032	4	6.2
2027-02-28	113	Y	704	4	5.5
2027-02-28	113	R	725	4	5.9
2027-02-28	113	Z	743	2	5.5
2027-02-28	113	V	746	4	5.7
2027-02-28	113	N	792	2	6.1
2027-02-28	113	S	792	4	5.8
2027-02-28	113	G	881	2	6.7
2027-02-28	113	Q	885	4	5.9
2027-02-28	113	N	932	4	6.1
2027-02-28	113	K	978	4	6.3
2027-02-28	113	W	1014	2	4.6
2027-02-28	113	R	1912	4	5.9
2027-02-28	113	D	2139	6	7.2
2027-02-28	116	R	676	3	5.4
2027-02-28	116	S	690	4	5.3
2027-02-28	116	Z	702	2	5.0
2027-02-28	116	N	730	5	5.6
2027-02-28	116	J	746	3	5.9
2027-02-28	116	P	788	4	5.5
2027-02-28	116	K	839	4	5.8
2027-02-28	116	Z	1592	4	5.0
2027-02-28	118	Y	562	2	4.1
2027-02-28	118	T	606	4	4.3
2027-02-28	118	Z	606	2	4.0
2027-02-28	118	P	792	4	4.6
2027-02-28	118	J	1592	4	5.5
2027-02-28	118	T	1912	4	4.3
2027-02-28	120	T	454	2	4.5
2027-02-28	120	H	903	4	5.0
2027-02-28	120	S	1432	4	4.5
2027-02-28	120	8	1577	4	5.8
2027-02-28	120	3	2781	4	6.5
2027-02-28	121	R	454	2	5.1
2027-02-28	121	T	566	4	7.5
2027-02-28	121	E	616	2	6.9
2027-02-28	121	I	742	4	7.5
2027-02-28	121	PACKAGE	885	6	7.5
2027-02-28	121	Q	1272	4	5.2
2027-02-28	121	G	1432	4	6.2
2027-02-28	122	T	498	2	4.5
2027-02-28	122	R	671	4	4.6
2027-02-28	122	D	1069	4	5.3
2027-02-28	122	T	1432	4	4.5
2027-02-28	122	A	1468	4	5.6
2027-02-28	122	8	1506	4	5.8
2027-02-28	124	Y	612	4	5.0
2027-02-28	124	Z	741	2	5.0
2027-02-28	124	M	792	4	5.3
2027-02-28	124	L	850	3	5.4
2027-02-28	124	X	1272	4	5.1
2027-02-28	124	8	1483	4	6.2
2027-02-28	126	Z	615	4	5.0
2027-02-28	126	Z	626	2	5.0
2027-02-28	126	T	666	4	5.3
2027-02-28	126	U	695	2	4.2
2027-02-28	126	Q	746	4	5.4
2027-02-28	126	T	765	3	5.3
2027-02-28	126	R	792	4	5.4
2027-02-28	126	M	800	2	5.7
2027-02-28	126	Z	818	3	5.0
2027-02-28	126	M	869	4	5.7
2027-02-28	126	H	885	4	6.0
2027-02-28	126	D	1025	4	6.7
2027-02-28	126	C	1108	3	7.0
2027-02-28	126	Y	1592	4	5.0
2027-02-28	129	Z	625	2	5.5
2027-02-28	129	Z	699	4	5.5
2027-02-28	129	Y	699	2	5.5
2027-02-28	129	T	725	2	5.8
2027-02-28	129	P	870	2	6.0
2027-02-28	129	G	881	2	6.7
2027-02-28	129	L	887	2	6.2
2027-02-28	129	X	932	2	5.6
2027-02-28	129	M	1044	2	6.2
2027-02-28	129	H	1165	3	6.5
2027-02-28	129	W	1592	4	5.6
2027-02-28	129	Z	1912	4	5.5
2027-02-28	129	E	1944	2	7.0
2027-02-28	130	G	1014	2	6.5
2027-02-28	130	T	1079	2	5.6
2027-02-28	130	Q	1863	4	5.7
2027-02-28	130	P	1951	4	5.8
2027-02-28	130	PACKAGE	1966	4	8.5
2027-02-28	130	M	2552	4	6.0
2027-02-28	131	Z	1097	2	9.0
2027-02-28	131	R	1425	4	6.2
2027-02-28	131	T	1514	4	6.1
2027-02-28	131	S	1630	4	6.2
2027-02-28	131	N	1871	4	6.4
2027-02-28	131	R	1956	6	6.2
2027-02-28	131	U	2552	4	6.1
2027-02-28	132	T	889	2	5.5
2027-02-28	132	N	903	2	5.8
2027-02-28	132	P	1774	2	5.7
2027-02-28	132	M	2129	2	5.9
2027-02-28	132	Q	2552	4	5.6
2027-02-28	133	T	699	3	5.8
2027-02-28	133	U	711	4	5.7
2027-02-28	133	Z	756	2	5.5
2027-02-28	133	Z	768	4	4.5
2027-02-28	133	Z	1007	3	5.5
2027-02-28	133	R	1912	4	5.9
2027-02-28	133	U	1912	4	5.7
2027-02-28	133	X	1956	8	5.6
2027-02-28	136	R	575	2	5.4
2027-02-28	136	Z	581	2	5.0
2027-02-28	136	Y	606	3	5.0
2027-02-28	136	T	687	4	5.3
2027-02-28	136	U	730	4	5.2
2027-02-28	136	N	765	4	5.6
2027-02-28	136	H	838	3	6.0
2027-02-28	136	L	898	2	5.7
2027-02-28	136	F	969	3	6.3
2027-02-28	136	Z	1592	4	5.0
2027-02-28	136	R	1592	4	5.4
2027-02-28	138	Y	562	2	4.5
2027-02-28	138	Z	602	2	4.5
2027-02-28	138	U	766	2	4.6
2027-02-28	138	U	775	4	4.6
2027-02-28	138	K	786	3	5.0
2027-02-28	138	N	792	4	4.9
2027-02-28	138	U	870	3	4.6
2027-02-28	138	X	1432	4	4.6
2027-02-28	138	5	2649	2	6.5
2027-02-28	201	X	287	2	0.5
2027-02-28	201	W	291	6	0.5
2027-02-28	201	V	292	4	0.6
2027-02-28	201	U	333	6	0.6
2027-02-28	201	G	345	4	1.6
2027-02-28	201	N	347	6	1.0
2027-02-28	201	X	351	4	0.5
2027-02-28	201	X	380	3	0.5
2027-02-28	201	E	402	4	1.9
2027-02-28	202	W	319	6	0.6
2027-02-28	202	L	416	4	1.8
2027-02-28	202	U	430	6	0.7
2027-02-28	202	M	471	4	1.6
2027-02-28	202	X	602	2	0.5
2027-02-28	203	J	287	2	1.8
2027-02-28	203	N	333	6	1.2
2027-02-28	203	X	359	2	0.5
2027-02-28	203	F	359	3	2.8
2027-02-28	203	X	361	4	0.5
2027-02-28	203	W	374	6	0.6
2027-02-28	203	K	374	2	1.6
2027-02-28	203	X	389	3	0.5
2027-02-28	203	U	485	6	0.7
2027-02-28	204	W	246	4	1.6
2027-02-28	204	W	305	6	1.6
2027-02-28	204	W	319	6	1.6
2027-02-28	204	X	406	2	1.5
2027-02-28	204	U	471	6	1.7
2027-02-28	205	P	315	2	1.4
2027-02-28	205	W	347	6	1.0
2027-02-28	205	X	360	2	1.0
2027-02-28	205	X	362	4	1.0
2027-02-28	205	X	390	3	1.0
2027-02-28	205	P	401	6	1.4
2027-02-28	205	U	444	6	1.1
2027-02-28	205	M	952	4	1.6
2027-02-28	206	K	251	2	2.6
2027-02-28	206	W	264	4	1.6
2027-02-28	206	X	279	2	1.5
2027-02-28	206	W	402	6	1.6
2027-02-28	206	U	527	6	1.7
2027-02-28	206	K	1592	4	2.6
2027-02-28	207	W	273	1	2.5
2027-02-28	207	Q	298	4	2.9
2027-02-28	207	X	298	2	2.5
2027-02-28	207	W	311	2	2.5
2027-02-28	207	V	325	6	2.6
2027-02-28	207	O	377	5	5.5
2027-02-28	207	Q	1272	4	2.9
2027-02-28	208	W	282	2	3.6
2027-02-28	208	P	286	2	4.2
2027-02-28	208	W	291	1	3.6
2027-02-28	208	X	296	2	3.5
2027-02-28	208	X	375	4	3.5
2027-02-28	208	X	404	3	3.5
2027-02-28	208	K	952	4	4.8
2027-02-28	209	W	313	2	3.5
2027-02-28	209	X	342	2	3.5
2027-02-28	209	G	572	4	4.6
2027-02-28	209	D	761	2	4.2
2027-02-28	210	W	344	4	4.1
2027-02-28	210	T	347	4	4.3
2027-02-28	210	X	370	2	4.0
2027-02-28	211	W	357	1	4.0
2027-02-28	211	X	390	2	4.0
2027-02-28	211	R	412	2	4.3
2027-02-28	211	H	811	2	5.0
2027-02-28	211	F	892	2	4.3
2027-02-28	212	V	331	4	4.1
2027-02-28	212	W	344	4	4.1
2027-02-28	212	R	380	2	4.5
2027-02-28	212	X	401	2	4.0
2027-02-28	212	X	404	4	4.0
2027-02-28	212	X	433	3	4.0
2027-02-28	212	PACKAGE	689	6	7.0
2027-02-28	213	T	291	2	3.7
2027-02-28	213	W	317	1	3.5
2027-02-28	213	Q	320	4	3.9
2027-02-28	213	X	342	2	3.5
2027-02-28	213	H	520	2	3.5
2027-02-28	213	G	546	2	3.6
2027-02-28	213	E	650	2	4.9
2027-02-28	213	D	838	4	4.2
2027-02-28	214	T	262	3	3.8
2027-02-28	214	R	277	3	4.0
2027-02-28	214	X	285	6	3.5
2027-02-28	214	U	339	6	3.7
2027-02-28	214	Q	367	4	4.1
2027-02-28	214	N	1272	4	4.4
2027-02-28	215	I	234	2	5.5
2027-02-28	215	W	277	4	2.5
2027-02-28	215	E	293	3	4.1
2027-02-28	215	X	299	2	2.5
2027-02-28	215	M	314	5	3.1
2027-02-28	215	V	353	6	2.6
2027-02-28	216	X	248	2	1.5
2027-02-28	216	X	282	4	1.5
2027-02-28	216	X	390	3	1.5
2027-02-28	216	W	416	6	1.6
2027-02-28	216	M	1112	4	2.3
2027-02-28	217	C	251	2	3.4
2027-02-28	217	W	255	4	1.5
2027-02-28	217	X	276	2	1.5
2027-02-28	217	P	286	2	1.9
2027-02-28	217	P	329	3	1.9
2027-02-28	217	W	361	6	1.5
2027-02-28	217	P	386	5	1.9
2027-02-28	217	D	390	2	3.2
2027-02-28	218	W	277	6	1.1
2027-02-28	218	P	358	3	1.6
2027-02-28	218	P	372	4	1.6
2027-02-28	218	X	386	2	1.0
2027-02-28	218	P	429	6	1.6
2027-02-28	218	U	485	6	1.2
2027-02-28	219	V	242	1	0.6
2027-02-28	219	X	262	2	0.5
2027-02-28	219	X	352	4	0.5
2027-02-28	219	X	381	3	0.5
2027-02-28	219	E	416	5	3.5
2027-02-28	219	V	416	6	0.6
2027-02-28	219	M	444	4	1.3
2027-02-28	219	T	527	6	0.8
2027-02-28	220	V	238	1	0.6
2027-02-28	220	V	402	6	0.6
2027-02-28	220	M	458	4	1.6
2027-02-28	220	T	541	6	0.8
2027-02-28	220	X	602	2	0.5
2027-02-28	221	V	242	1	0.6
2027-02-28	221	X	253	2	0.5
2027-02-28	221	N	319	6	1.0
2027-02-28	221	G	330	2	1.6
2027-02-28	221	W	347	6	0.5
2027-02-28	221	F	373	4	1.8
2027-02-28	221	K	402	2	1.3
2027-02-28	221	L	430	2	1.2
2027-02-28	221	U	444	6	0.6
2027-02-28	222	W	277	6	0.6
2027-02-28	222	J	316	4	2.3
2027-02-28	222	N	361	6	1.4
2027-02-28	222	U	458	6	0.7
2027-02-28	222	X	602	2	0.5
2027-02-28	223	V	242	4	0.6
2027-02-28	223	N	291	2	1.2
2027-02-28	223	W	305	6	0.6
2027-02-28	223	N	305	5	1.2
2027-02-28	223	U	499	6	0.7
2027-02-28	223	X	602	2	0.5
2027-02-28	224	X	364	2	1.0
2027-02-28	224	X	365	4	1.0
2027-02-28	224	W	388	6	1.1
2027-02-28	224	X	399	8	1.0
2027-02-28	224	U	499	6	1.2
2027-02-28	225	W	255	4	1.5
2027-02-28	225	P	343	3	1.9
2027-02-28	225	F	360	2	2.8
2027-02-28	225	X	363	2	1.5
2027-02-28	225	P	415	6	1.9
2027-02-28	225	H	434	4	2.5
2027-02-28	226	Q	240	4	2.0
2027-02-28	226	S	247	4	1.8
2027-02-28	226	M	254	9	2.3
2027-02-28	226	X	274	2	1.5
2027-02-28	226	U	554	6	1.7
2027-02-28	227	I	251	4	5.5
2027-02-28	227	W	277	4	2.5
2027-02-28	227	X	299	2	2.5
2027-02-28	227	N	301	5	3.1
2027-02-28	227	C	414	2	4.8
2027-02-28	227	K	522	4	3.3
2027-02-28	228	S	261	6	3.9
2027-02-28	228	W	291	4	3.6
2027-02-28	228	P	312	3	4.2
2027-02-28	228	X	313	2	3.5
2027-02-28	228	R	316	4	4.0
2027-02-28	228	Q	344	4	4.1
2027-02-28	228	V	381	4	3.6
2027-02-28	228	O	460	8	6.5
2027-02-28	228	P	1272	4	4.2
2027-02-28	229	U	287	2	3.5
2027-02-28	229	U	317	4	3.5
2027-02-28	229	J	475	2	4.3
2027-02-28	229	P	520	2	3.8
2027-02-28	229	G	624	6	4.5
2027-02-28	229	D	876	5	4.1
2027-02-28	229	J	1272	4	4.3
2027-02-28	230	U	340	2	4.6
2027-02-28	230	R	364	2	4.8
2027-02-28	231	U	362	3	4.0
2027-02-28	231	U	363	2	4.0
2027-02-28	231	D	420	3	5.6
2027-02-28	231	L	666	4	4.6
2027-02-28	231	K	699	2	4.7
2027-02-28	231	G	852	3	4.0
2027-02-28	232	U	340	2	4.4
2027-02-28	232	Q	397	4	4.7
2027-02-28	232	P	952	4	4.8
2027-02-28	233	S	306	2	3.6
2027-02-28	233	U	313	1	3.5
2027-02-28	233	K	572	2	4.2
2027-02-28	233	G	598	4	4.5
2027-02-28	233	U	641	2	3.5
2027-02-28	233	D	800	4	4.1
2027-02-28	233	K	1112	4	4.2
2027-02-28	234	T	277	4	3.8
2027-02-28	234	W	286	1	3.6
2027-02-28	234	T	294	4	3.8
2027-02-28	234	X	294	2	3.5
2027-02-28	234	R	307	4	4.0
2027-02-28	234	Q	335	4	4.1
2027-02-28	234	N	353	4	4.4
2027-02-28	234	N	1432	4	4.4
2027-02-28	235	N	247	4	3.1
2027-02-28	235	W	277	4	2.5
2027-02-28	235	X	278	2	2.5
2027-02-28	236	M	238	2	2.3
2027-02-28	236	W	264	4	1.6
2027-02-28	236	P	270	2	2.1
2027-02-28	236	X	285	2	1.5
2027-02-28	236	R	297	4	1.9
2027-02-28	236	W	430	6	1.6
2027-02-28	236	U	541	6	1.7
2027-02-28	236	P	1112	4	2.1
2027-02-28	237	P	301	6	1.4
2027-02-28	237	W	337	4	1.0
2027-02-28	237	X	341	2	1.0
2027-02-28	237	M	359	4	1.6
2027-02-28	237	A	361	2	3.0
2027-02-28	237	W	374	6	1.0
2027-02-28	237	U	458	6	1.1
2027-02-28	237	M	1272	4	1.6
2027-02-28	238	W	246	3	1.6
2027-02-28	238	X	266	2	1.5
2027-02-28	238	W	333	6	1.6
2027-02-28	238	V	362	2	1.6
2027-02-28	238	V	371	4	1.6
2027-02-28	238	M	395	4	2.3
2027-02-28	238	V	400	3	1.6
2027-02-28	238	P	443	6	2.1
2027-02-28	238	U	513	6	1.7
2027-02-28	238	M	1432	4	2.3
2027-02-28	239	P	277	6	1.1
2027-02-28	239	W	388	6	0.6
2027-02-28	239	E	388	2	3.5
2027-02-28	239	K	388	4	1.6
2027-02-28	239	U	513	6	0.7
2027-02-28	239	X	602	2	0.5
2027-02-28	240	J	302	4	2.3
2027-02-28	240	W	361	6	0.6
2027-02-28	240	U	471	6	0.7
2027-02-28	240	X	602	2	0.5
2027-02-28	3	D	2830	2	9.4
2027-02-28	6	D	2386	1	8.4
2027-03-10	10	C	2911	2	9.5
2027-03-10	101	Y	146	6	4.5
2027-03-10	101	U	171	4	4.8
2027-03-10	101	Q	188	2	5.1
2027-03-10	101	S	213	4	4.9
2027-03-10	101	Z	303	2	4.5
2027-03-10	101	Z	343	4	4.5
2027-03-10	101	Z	438	3	4.5
2027-03-10	101	W	707	4	4.7
2027-03-10	104	L	135	3	4.9
2027-03-10	104	S	218	4	7.5
2027-03-10	104	Y	248	4	4.5
2027-03-10	104	Z	266	2	4.5
2027-03-10	104	Z	303	2	4.5
2027-03-10	104	B	333	5	5.5
2027-03-10	104	P	395	2	4.8
2027-03-10	104	P	413	4	4.8
2027-03-10	104	P	504	3	4.8
2027-03-10	104	6	584	3	6.3
2027-03-10	104	T	885	4	4.6
2027-03-10	106	R	81	4	5.4
2027-03-10	106	S	88	2	5.3
2027-03-10	106	Y	123	4	4.0
2027-03-10	106	Z	205	4	5.0
2027-03-10	106	Q	213	4	5.4
2027-03-10	106	PACKAGE	320	6	8.0
2027-03-10	106	F	320	1	6.3
2027-03-10	106	F	336	3	6.3
2027-03-10	106	Z	885	4	5.0
2027-03-10	109	Z	182	2	5.5
2027-03-10	109	A	305	4	8.5
2027-03-10	109	K	314	3	6.3
2027-03-10	109	Z	356	2	5.5
2027-03-10	109	Y	359	4	5.5
2027-03-10	109	Z	508	4	5.5
2027-03-10	109	G	514	2	6.7
2027-03-10	109	Z	623	3	5.5
2027-03-10	110	T	318	2	5.6
2027-03-10	110	N	537	2	5.9
2027-03-10	110	T	619	2	5.6
2027-03-10	111	H	321	4	6.9
2027-03-10	111	Z	321	2	9.0
2027-03-10	111	P	341	4	6.4
2027-03-10	111	V	454	2	6.0
2027-03-10	111	V	537	4	6.0
2027-03-10	111	N	670	2	6.4
2027-03-10	111	G	781	2	7.1
2027-03-10	111	Q	1596	4	6.3
2027-03-10	112	C	428	4	7.3
2027-03-10	112	T	470	4	5.5
2027-03-10	112	S	570	2	8.5
2027-03-10	112	S	590	4	8.5
2027-03-10	112	G	648	2	6.4
2027-03-10	112	PACKAGE	836	4	8.5
2027-03-10	112	J	1685	4	6.2
2027-03-10	113	T	216	2	5.8
2027-03-10	113	R	311	4	5.9
2027-03-10	113	H	320	2	6.5
2027-03-10	113	Z	323	2	5.5
2027-03-10	113	Z	367	2	5.5
2027-03-10	113	N	448	2	6.1
2027-03-10	113	D	559	2	7.2
2027-03-10	113	R	1063	4	5.9
2027-03-10	116	Y	112	4	4.0
2027-03-10	116	X	129	2	5.1
2027-03-10	116	Y	284	4	5.0
2027-03-10	116	Z	354	2	5.0
2027-03-10	116	Z	885	4	5.0
2027-03-10	118	T	104	4	4.3
2027-03-10	118	Y	174	5	3.1
2027-03-10	118	X	190	6	4.1
2027-03-10	118	Z	311	2	4.0
2027-03-10	118	M	314	3	4.9
2027-03-10	118	J	885	4	5.5
2027-03-10	118	T	1063	4	4.3
2027-03-10	120	H	311	4	5.0
2027-03-10	120	A	348	3	5.6
2027-03-10	120	T	404	2	4.5
2027-03-10	120	S	796	4	4.5
2027-03-10	121	T	129	4	7.5
2027-03-10	121	S	179	3	7.5
2027-03-10	121	Q	196	4	5.2
2027-03-10	121	R	223	4	5.1
2027-03-10	121	P	224	6	5.3
2027-03-10	121	T	248	4	7.5
2027-03-10	121	R	303	2	5.1
2027-03-10	121	Q	707	4	5.2
2027-03-10	121	G	796	4	6.2
2027-03-10	122	R	213	4	4.6
2027-03-10	122	C	317	5	5.4
2027-03-10	122	A	414	4	5.6
2027-03-10	122	T	464	2	4.5
2027-03-10	122	T	796	4	4.5
2027-03-10	124	Y	91	4	5.0
2027-03-10	124	Y	166	4	5.0
2027-03-10	124	X	182	6	5.1
2027-03-10	124	Y	248	4	5.0
2027-03-10	124	Z	311	2	5.0
2027-03-10	124	4	418	4	6.8
2027-03-10	124	3	439	3	7.0
2027-03-10	124	L	653	3	5.4
2027-03-10	126	Y	118	5	5.0
2027-03-10	126	Z	274	2	5.0
2027-03-10	126	Z	354	2	5.0
2027-03-10	126	Z	452	4	5.0
2027-03-10	126	Z	547	3	5.0
2027-03-10	126	Y	885	4	5.0
2027-03-10	129	Y	220	5	4.5
2027-03-10	129	T	265	2	5.8
2027-03-10	129	L	275	2	6.2
2027-03-10	129	Y	359	4	5.5
2027-03-10	129	Z	414	2	5.5
2027-03-10	129	N	448	2	6.1
2027-03-10	129	Z	466	4	5.5
2027-03-10	129	Z	570	3	5.5
2027-03-10	129	W	885	4	5.6
2027-03-10	130	T	341	2	5.6
2027-03-10	130	D	389	2	7.1
2027-03-10	130	C	449	4	7.4
2027-03-10	130	T	452	2	5.6
2027-03-10	130	G	648	2	6.5
2027-03-10	130	PACKAGE	811	4	8.5
2027-03-10	130	M	1418	4	6.0
2027-03-10	131	R	318	4	6.2
2027-03-10	131	U	336	2	6.1
2027-03-10	131	M	341	4	6.5
2027-03-10	131	Z	390	2	9.0
2027-03-10	131	V	454	2	6.0
2027-03-10	131	V	537	4	6.0
2027-03-10	131	N	670	2	6.4
2027-03-10	131	G	781	2	7.1
2027-03-10	131	U	1418	4	6.1
2027-03-10	132	T	400	2	5.5
2027-03-10	132	D	409	4	7.0
2027-03-10	132	T	431	2	5.5
2027-03-10	132	T	470	4	5.5
2027-03-10	132	N	537	2	5.8
2027-03-10	132	PACKAGE	836	4	8.5
2027-03-10	132	Q	1418	4	5.6
2027-03-10	133	Z	209	2	4.5
2027-03-10	133	V	268	2	4.7
2027-03-10	133	U	314	4	5.7
2027-03-10	133	Z	360	2	5.5
2027-03-10	133	G	514	2	6.7
2027-03-10	133	Z	594	4	5.5
2027-03-10	133	Z	693	3	5.5
2027-03-10	133	U	1063	4	5.7
2027-03-10	133	R	1063	4	5.9
2027-03-10	136	Y	284	4	5.0
2027-03-10	136	H	307	3	6.0
2027-03-10	136	L	320	4	5.7
2027-03-10	136	Z	371	2	5.0
2027-03-10	136	Z	885	4	5.0
2027-03-10	136	R	885	4	5.4
2027-03-10	138	U	390	2	4.6
2027-03-10	138	U	409	4	4.6
2027-03-10	138	Z	429	2	4.5
2027-03-10	138	U	504	3	4.6
2027-03-10	138	4	681	4	7.5
2027-03-10	138	X	796	4	4.6
2027-03-10	201	V	66	6	0.6
2027-03-10	201	U	72	6	0.6
2027-03-10	201	X	131	2	0.5
2027-03-10	201	X	276	4	0.5
2027-03-10	201	X	324	3	0.5
2027-03-10	202	X	243	2	0.5
2027-03-10	202	X	262	2	0.5
2027-03-10	203	F	55	6	2.8
2027-03-10	203	V	155	4	0.6
2027-03-10	203	X	167	2	0.5
2027-03-10	203	X	178	2	0.5
2027-03-10	203	X	285	4	0.5
2027-03-10	203	X	332	3	0.5
2027-03-10	204	X	298	2	1.5
2027-03-10	205	X	65	6	1.0
2027-03-10	205	M	95	4	1.6
2027-03-10	205	W	168	4	1.0
2027-03-10	205	M	529	4	1.6
2027-03-10	206	K	50	6	2.6
2027-03-10	206	X	173	2	1.5
2027-03-10	207	O	65	5	5.5
2027-03-10	207	W	190	4	2.5
2027-03-10	207	X	219	2	2.5
2027-03-10	207	Q	707	4	2.9
2027-03-10	208	X	281	2	3.5
2027-03-10	208	X	289	4	3.5
2027-03-10	208	X	309	2	3.5
2027-03-10	208	X	338	3	3.5
2027-03-10	208	K	529	4	4.8
2027-03-10	209	W	222	4	3.5
2027-03-10	209	X	237	2	3.5
2027-03-10	209	X	255	2	3.5
2027-03-10	210	X	433	2	4.0
2027-03-10	211	W	257	4	4.0
2027-03-10	211	X	296	2	4.0
2027-03-10	212	X	433	2	4.0
2027-03-10	213	W	222	4	3.5
2027-03-10	213	X	237	2	3.5
2027-03-10	213	X	255	2	3.5
2027-03-10	214	X	397	2	3.5
2027-03-10	214	N	707	4	4.4
2027-03-10	215	I	47	2	5.5
2027-03-10	215	S	57	6	2.8
2027-03-10	215	E	65	3	4.1
2027-03-10	215	M	82	5	3.1
2027-03-10	215	W	190	4	2.5
2027-03-10	215	X	204	2	2.5
2027-03-10	215	X	219	2	2.5
2027-03-10	216	M	54	2	2.3
2027-03-10	216	X	59	6	1.5
2027-03-10	216	X	70	6	1.5
2027-03-10	216	W	177	4	1.6
2027-03-10	216	M	618	4	2.3
2027-03-10	217	W	73	6	1.5
2027-03-10	217	U	78	6	1.6
2027-03-10	217	X	173	2	1.5
2027-03-10	218	W	76	6	1.1
2027-03-10	218	X	183	2	1.0
2027-03-10	219	R	85	6	0.9
2027-03-10	219	X	272	2	0.5
2027-03-10	219	X	276	4	0.5
2027-03-10	219	X	293	2	0.5
2027-03-10	219	X	324	3	0.5
2027-03-10	220	R	88	6	1.0
2027-03-10	220	V	155	4	0.6
2027-03-10	220	X	167	2	0.5
2027-03-10	220	X	178	2	0.5
2027-03-10	221	X	131	2	0.5
2027-03-10	222	X	55	6	0.5
2027-03-10	222	W	61	6	0.6
2027-03-10	222	V	155	4	0.6
2027-03-10	223	X	58	6	0.5
2027-03-10	223	W	63	6	0.6
2027-03-10	223	V	69	6	0.6
2027-03-10	224	X	56	6	1.0
2027-03-10	224	N	66	6	1.7
2027-03-10	224	X	67	6	1.0
2027-03-10	224	W	159	4	1.1
2027-03-10	225	X	62	6	1.5
2027-03-10	225	N	63	6	2.0
2027-03-10	225	M	68	6	2.1
2027-03-10	226	Q	49	4	2.0
2027-03-10	226	M	63	9	2.3
2027-03-10	226	X	173	2	1.5
2027-03-10	226	W	177	4	1.6
2027-03-10	227	K	48	4	3.3
2027-03-10	227	I	57	5	5.5
2027-03-10	227	X	369	2	2.5
2027-03-10	227	X	398	2	2.5
2027-03-10	228	O	101	8	6.5
2027-03-10	228	W	204	4	3.6
2027-03-10	228	X	219	2	3.5
2027-03-10	228	X	235	2	3.5
2027-03-10	228	P	707	4	4.2
2027-03-10	229	K	110	4	4.2
2027-03-10	229	J	114	4	4.3
2027-03-10	229	U	199	2	3.5
2027-03-10	229	U	299	4	3.5
2027-03-10	229	U	347	3	3.5
2027-03-10	229	J	707	4	4.3
2027-03-10	230	U	239	4	4.6
2027-03-10	231	J	54	2	4.8
2027-03-10	231	D	121	4	5.6
2027-03-10	231	U	244	2	4.0
2027-03-10	232	U	239	4	4.4
2027-03-10	232	P	529	4	4.8
2027-03-10	233	L	105	4	4.1
2027-03-10	233	K	110	4	4.2
2027-03-10	233	U	199	2	3.5
2027-03-10	233	K	618	4	4.2
2027-03-10	234	W	204	4	3.6
2027-03-10	234	X	219	2	3.5
2027-03-10	234	X	235	2	3.5
2027-03-10	234	N	796	4	4.4
2027-03-10	235	N	48	4	3.1
2027-03-10	235	X	204	2	2.5
2027-03-10	235	X	220	2	2.5
2027-03-10	236	M	59	4	2.3
2027-03-10	236	P	104	4	2.1
2027-03-10	236	R	115	4	1.9
2027-03-10	236	X	173	2	1.5
2027-03-10	236	P	618	4	2.1
2027-03-10	237	N	60	6	1.5
2027-03-10	237	M	138	4	1.6
2027-03-10	237	W	168	4	1.0
2027-03-10	237	X	173	2	1.0
2027-03-10	237	M	707	4	1.6
2027-03-10	238	M	152	4	2.3
2027-03-10	238	X	165	2	1.5
2027-03-10	238	X	175	2	1.5
2027-03-10	238	V	286	2	1.6
2027-03-10	238	V	295	4	1.6
2027-03-10	238	V	343	3	1.6
2027-03-10	238	M	796	4	2.3
2027-03-10	239	G	53	6	2.4
2027-03-10	239	T	77	6	0.8
2027-03-10	239	S	83	6	0.8
2027-03-10	239	X	149	2	0.5
2027-03-10	239	V	155	4	0.6
2027-03-10	239	X	308	3	0.5
2027-03-10	240	T	74	6	0.8
2027-03-10	240	S	80	6	0.9
2027-03-10	240	X	131	2	0.5
2027-03-10	3	D	2467	2	9.4
2027-03-10	6	D	2024	2	8.4
2027-03-22	10	C	2911	2	9.5
2027-03-22	101	Z	137	6	4.5
2027-03-22	101	Y	143	4	4.5
2027-03-22	101	X	150	2	4.6
2027-03-22	101	S	171	4	4.9
2027-03-22	101	U	180	2	4.8
2027-03-22	101	T	189	6	4.8
2027-03-22	101	M	190	2	5.3
2027-03-22	101	Y	226	4	4.5
2027-03-22	101	PACKAGE	369	6	7.5
2027-03-22	101	W	707	4	4.7
2027-03-22	104	X	156	2	4.6
2027-03-22	104	S	162	4	7.5
2027-03-22	104	Z	178	2	4.5
2027-03-22	104	P	190	3	4.8
2027-03-22	104	Y	248	4	4.5
2027-03-22	104	Z	303	2	4.5
2027-03-22	104	K	392	3	4.9
2027-03-22	104	P	404	2	4.8
2027-03-22	104	P	413	4	4.8
2027-03-22	104	B	414	5	5.5
2027-03-22	104	6	608	3	6.3
2027-03-22	104	T	885	4	4.6
2027-03-22	106	R	159	4	5.4
2027-03-22	106	Q	171	4	5.4
2027-03-22	106	Y	180	4	4.0
2027-03-22	106	X	189	2	5.1
2027-03-22	106	Z	208	4	5.0
2027-03-22	106	C	438	3	7.0
2027-03-22	106	Z	885	4	5.0
2027-03-22	109	Z	165	2	5.5
2027-03-22	109	Z	356	2	5.5
2027-03-22	109	Y	359	4	5.5
2027-03-22	109	A	374	4	8.5
2027-03-22	109	Z	460	4	5.5
2027-03-22	109	Z	509	3	5.5
2027-03-22	109	G	514	2	6.7
2027-03-22	110	T	381	2	5.6
2027-03-22	110	N	537	2	5.9
2027-03-22	110	T	619	2	5.6
2027-03-22	111	Z	375	2	9.0
2027-03-22	111	H	376	4	6.9
2027-03-22	111	V	454	2	6.0
2027-03-22	111	V	537	4	6.0
2027-03-22	111	N	670	2	6.4
2027-03-22	111	G	781	2	7.1
2027-03-22	111	Q	1596	4	6.3
2027-03-22	112	T	470	4	5.5
2027-03-22	112	S	642	2	8.5
2027-03-22	112	G	648	2	6.4
2027-03-22	112	S	652	4	8.5
2027-03-22	112	D	705	2	7.0
2027-03-22	112	J	1685	4	6.2
2027-03-22	113	T	185	2	5.8
2027-03-22	113	R	372	4	5.9
2027-03-22	113	L	385	2	6.2
2027-03-22	113	Z	387	2	5.5
2027-03-22	113	J	404	2	6.4
2027-03-22	113	Z	416	2	5.5
2027-03-22	113	N	448	2	6.1
2027-03-22	113	R	1063	4	5.9
2027-03-22	116	X	198	4	5.1
2027-03-22	116	Y	284	4	5.0
2027-03-22	116	Z	354	2	5.0
2027-03-22	116	Z	885	4	5.0
2027-03-22	118	Z	138	2	4.0
2027-03-22	118	Y	155	5	3.1
2027-03-22	118	T	172	4	4.3
2027-03-22	118	Z	311	2	4.0
2027-03-22	118	F	451	3	6.0
2027-03-22	118	J	885	4	5.5
2027-03-22	118	T	1063	4	4.3
2027-03-22	120	R	181	3	4.6
2027-03-22	120	M	199	2	4.8
2027-03-22	120	T	303	2	4.5
2027-03-22	120	H	372	4	5.0
2027-03-22	120	H	451	3	5.0
2027-03-22	120	3	656	2	6.5
2027-03-22	120	S	796	4	4.5
2027-03-22	121	E	72	2	6.9
2027-03-22	121	T	171	4	7.5
2027-03-22	121	R	180	4	5.1
2027-03-22	121	Q	181	2	5.2
2027-03-22	121	S	198	6	7.5
2027-03-22	121	T	248	4	7.5
2027-03-22	121	R	303	2	5.1
2027-03-22	121	Q	707	4	5.2
2027-03-22	121	G	796	4	6.2
2027-03-22	122	T	168	2	4.5
2027-03-22	122	R	391	4	4.6
2027-03-22	122	A	674	4	5.6
2027-03-22	122	T	755	2	4.5
2027-03-22	122	T	796	4	4.5
2027-03-22	124	Y	162	2	4.0
2027-03-22	124	Y	172	4	5.0
2027-03-22	124	Y	185	4	5.0
2027-03-22	124	X	193	2	5.1
2027-03-22	124	Y	248	4	5.0
2027-03-22	124	Z	311	2	5.0
2027-03-22	124	L	373	3	5.4
2027-03-22	124	X	707	4	5.1
2027-03-22	124	3	754	3	7.0
2027-03-22	126	Z	274	2	5.0
2027-03-22	126	Z	404	4	5.0
2027-03-22	126	Z	434	2	5.0
2027-03-22	126	Z	452	3	5.0
2027-03-22	126	Y	885	4	5.0
2027-03-22	129	Z	183	2	5.5
2027-03-22	129	Y	268	2	4.5
2027-03-22	129	L	338	2	6.2
2027-03-22	129	T	345	2	5.8
2027-03-22	129	Y	359	4	5.5
2027-03-22	129	Z	386	2	5.5
2027-03-22	129	Z	419	4	5.5
2027-03-22	129	N	448	2	6.1
2027-03-22	129	Z	471	3	5.5
2027-03-22	129	W	885	4	5.6
2027-03-22	130	T	521	2	5.6
2027-03-22	130	G	648	2	6.5
2027-03-22	130	T	747	2	5.6
2027-03-22	130	C	778	4	7.4
2027-03-22	130	M	1418	4	6.0
2027-03-22	131	R	336	4	6.2
2027-03-22	131	U	360	2	6.1
2027-03-22	131	Z	390	2	9.0
2027-03-22	131	V	454	2	6.0
2027-03-22	131	V	537	4	6.0
2027-03-22	131	N	670	2	6.4
2027-03-22	131	G	781	2	7.1
2027-03-22	131	U	1418	4	6.1
2027-03-22	132	T	381	2	5.5
2027-03-22	132	T	470	4	5.5
2027-03-22	132	N	537	2	5.8
2027-03-22	132	E	729	2	6.8
2027-03-22	132	Q	1418	4	5.6
2027-03-22	133	U	364	4	5.7
2027-03-22	133	Z	389	2	5.5
2027-03-22	133	Z	418	2	5.5
2027-03-22	133	G	514	2	6.7
2027-03-22	133	Z	546	4	5.5
2027-03-22	133	Z	594	3	5.5
2027-03-22	133	U	1063	4	5.7
2027-03-22	133	R	1063	4	5.9
2027-03-22	136	R	181	4	5.4
2027-03-22	136	Z	183	2	5.0
2027-03-22	136	Y	284	4	5.0
2027-03-22	136	Z	354	2	5.0
2027-03-22	136	H	400	3	6.0
2027-03-22	136	Z	885	4	5.0
2027-03-22	136	R	885	4	5.4
2027-03-22	138	U	399	2	4.6
2027-03-22	138	U	409	4	4.6
2027-03-22	138	Z	438	2	4.5
2027-03-22	138	U	461	3	4.6
2027-03-22	138	5	681	2	7.5
2027-03-22	138	4	681	4	7.5
2027-03-22	138	X	796	4	4.6
2027-03-22	201	V	155	4	0.6
2027-03-22	201	X	214	2	0.5
2027-03-22	201	X	224	4	0.5
2027-03-22	201	X	235	2	0.5
2027-03-22	201	X	271	3	0.5
2027-03-22	202	X	243	2	0.5
2027-03-22	202	X	262	2	0.5
2027-03-22	203	T	70	6	0.8
2027-03-22	203	S	73	6	0.8
2027-03-22	203	X	149	2	0.5
2027-03-22	203	V	155	4	0.6
2027-03-22	203	X	233	4	0.5
2027-03-22	203	X	262	3	0.5
2027-03-22	204	X	298	2	1.5
2027-03-22	205	M	104	4	1.6
2027-03-22	205	W	168	4	1.0
2027-03-22	205	X	194	2	1.0
2027-03-22	205	X	257	4	1.0
2027-03-22	205	X	290	3	1.0
2027-03-22	205	M	529	4	1.6
2027-03-22	206	K	51	6	2.6
2027-03-22	206	X	173	2	1.5
2027-03-22	207	O	65	5	5.5
2027-03-22	207	W	190	4	2.5
2027-03-22	207	X	219	2	2.5
2027-03-22	207	Q	707	4	2.9
2027-03-22	208	X	252	2	3.5
2027-03-22	208	X	261	4	3.5
2027-03-22	208	X	277	2	3.5
2027-03-22	208	X	294	3	3.5
2027-03-22	208	K	529	4	4.8
2027-03-22	209	W	222	4	3.5
2027-03-22	209	X	237	2	3.5
2027-03-22	209	X	255	2	3.5
2027-03-22	210	X	433	2	4.0
2027-03-22	211	W	257	4	4.0
2027-03-22	211	X	296	2	4.0
2027-03-22	212	X	300	2	4.0
2027-03-22	212	X	309	4	4.0
2027-03-22	212	X	329	2	4.0
2027-03-22	213	W	222	4	3.5
2027-03-22	213	X	237	2	3.5
2027-03-22	213	X	255	2	3.5
2027-03-22	214	X	397	2	3.5
2027-03-22	214	N	707	4	4.4
2027-03-22	215	I	48	2	5.5
2027-03-22	215	E	65	3	4.1
2027-03-22	215	M	82	5	3.1
2027-03-22	215	W	190	4	2.5
2027-03-22	215	X	204	2	2.5
2027-03-22	215	X	219	2	2.5
2027-03-22	216	M	54	2	2.3
2027-03-22	216	W	177	4	1.6
2027-03-22	216	X	204	2	1.5
2027-03-22	216	X	247	4	1.5
2027-03-22	216	X	275	3	1.5
2027-03-22	216	M	618	4	2.3
2027-03-22	217	C	53	3	3.4
2027-03-22	217	L	60	6	2.2
2027-03-22	217	X	173	2	1.5
2027-03-22	218	X	54	6	1.0
2027-03-22	218	X	57	6	1.0
2027-03-22	218	W	59	6	1.1
2027-03-22	218	L	63	6	2.0
2027-03-22	219	R	75	6	0.9
2027-03-22	219	X	238	2	0.5
2027-03-22	219	X	248	4	0.5
2027-03-22	219	X	261	2	0.5
2027-03-22	219	X	281	3	0.5
2027-03-22	220	V	155	4	0.6
2027-03-22	220	X	167	2	0.5
2027-03-22	220	X	178	2	0.5
2027-03-22	221	X	57	6	0.5
2027-03-22	221	W	65	6	0.5
2027-03-22	222	X	54	6	0.5
2027-03-22	222	W	67	6	0.6
2027-03-22	222	V	155	4	0.6
2027-03-22	223	K	68	6	1.6
2027-03-22	223	X	277	2	0.5
2027-03-22	223	X	298	2	0.5
2027-03-22	224	X	157	2	1.0
2027-03-22	224	W	159	4	1.1
2027-03-22	224	X	166	4	1.0
2027-03-22	224	X	173	2	1.0
2027-03-22	224	X	195	3	1.0
2027-03-22	225	X	173	2	1.5
2027-03-22	226	Q	49	4	2.0
2027-03-22	226	M	63	9	2.3
2027-03-22	226	X	173	2	1.5
2027-03-22	226	W	177	4	1.6
2027-03-22	227	K	48	4	3.3
2027-03-22	227	I	61	5	5.5
2027-03-22	227	X	369	2	2.5
2027-03-22	227	X	398	2	2.5
2027-03-22	228	O	90	8	6.5
2027-03-22	228	W	204	4	3.6
2027-03-22	228	X	216	2	3.5
2027-03-22	228	X	219	2	3.5
2027-03-22	228	P	707	4	4.2
2027-03-22	229	K	110	4	4.2
2027-03-22	229	J	114	4	4.3
2027-03-22	229	U	157	2	3.5
2027-03-22	229	U	199	2	3.5
2027-03-22	229	U	270	4	3.5
2027-03-22	229	U	300	3	3.5
2027-03-22	229	J	707	4	4.3
2027-03-22	230	U	239	4	4.6
2027-03-22	231	D	121	4	5.6
2027-03-22	231	U	244	2	4.0
2027-03-22	232	U	239	4	4.4
2027-03-22	232	P	529	4	4.8
2027-03-22	233	L	105	4	4.1
2027-03-22	233	K	110	4	4.2
2027-03-22	233	U	199	2	3.5
2027-03-22	233	K	618	4	4.2
2027-03-22	234	X	131	2	3.5
2027-03-22	234	P	134	4	4.3
2027-03-22	234	X	199	2	3.5
2027-03-22	234	W	204	4	3.6
2027-03-22	234	N	796	4	4.4
2027-03-22	235	N	48	4	3.1
2027-03-22	235	X	204	2	2.5
2027-03-22	235	X	220	2	2.5
2027-03-22	236	M	59	4	2.3
2027-03-22	236	P	114	4	2.1
2027-03-22	236	X	124	2	1.5
2027-03-22	236	R	125	4	1.9
2027-03-22	236	X	173	2	1.5
2027-03-22	236	P	618	4	2.1
2027-03-22	237	M	152	4	1.6
2027-03-22	237	W	168	4	1.0
2027-03-22	237	X	175	2	1.0
2027-03-22	237	M	707	4	1.6
2027-03-22	238	M	57	6	2.3
2027-03-22	238	X	180	2	1.5
2027-03-22	238	X	192	2	1.5
2027-03-22	238	V	257	2	1.6
2027-03-22	238	V	267	4	1.6
2027-03-22	238	V	267	3	1.6
2027-03-22	239	K	66	6	1.6
2027-03-22	239	J	67	6	1.8
2027-03-22	239	X	149	2	0.5
2027-03-22	239	V	155	4	0.6
2027-03-22	239	X	308	3	0.5
2027-03-22	240	X	59	6	0.5
2027-03-22	240	W	62	6	0.6
2027-03-22	3	D	2467	2	9.4
2027-03-22	6	D	2024	2	8.4
2027-03-28	10	C	2911	2	9.5
2027-03-28	101	S	191	4	4.9
2027-03-28	101	Z	192	2	4.5
2027-03-28	101	Y	202	2	4.5
2027-03-28	101	T	206	2	4.8
2027-03-28	101	Z	211	4	4.5
2027-03-28	101	Y	226	4	4.5
2027-03-28	101	Z	423	3	4.5
2027-03-28	101	PACKAGE	467	6	7.5
2027-03-28	101	W	707	4	4.7
2027-03-28	104	S	180	4	7.5
2027-03-28	104	Y	248	4	4.5
2027-03-28	104	Z	266	2	4.5
2027-03-28	104	P	437	2	4.8
2027-03-28	104	P	446	4	4.8
2027-03-28	104	P	494	3	4.8
2027-03-28	104	Z	757	2	4.5
2027-03-28	104	T	885	4	4.6
2027-03-28	106	R	181	4	5.4
2027-03-28	106	Q	191	4	5.4
2027-03-28	106	S	194	2	5.3
2027-03-28	106	Z	208	4	5.0
2027-03-28	106	X	219	5	4.1
2027-03-28	106	Z	885	4	5.0
2027-03-28	109	Y	359	4	5.5
2027-03-28	109	Z	385	2	5.5
2027-03-28	109	Z	452	3	5.5
2027-03-28	109	Z	494	4	5.5
2027-03-28	109	G	514	2	6.7
2027-03-28	109	A	566	4	8.5
2027-03-28	110	T	417	2	5.6
2027-03-28	110	N	537	2	5.9
2027-03-28	110	T	996	2	5.6
2027-03-28	111	V	537	4	6.0
2027-03-28	111	Z	573	2	9.0
2027-03-28	111	H	660	4	6.9
2027-03-28	111	N	670	2	6.4
2027-03-28	111	T	733	3	6.1
2027-03-28	111	G	781	2	7.1
2027-03-28	111	Q	1596	4	6.3
2027-03-28	112	T	470	4	5.5
2027-03-28	112	G	648	2	6.4
2027-03-28	112	S	674	2	8.5
2027-03-28	112	S	769	4	8.5
2027-03-28	112	J	1685	4	6.2
2027-03-28	113	T	364	2	5.8
2027-03-28	113	Z	389	2	5.5
2027-03-28	113	N	448	2	6.1
2027-03-28	113	R	577	4	5.9
2027-03-28	113	K	582	2	6.3
2027-03-28	113	Z	916	2	5.5
2027-03-28	113	R	1063	4	5.9
2027-03-28	116	Z	169	2	5.0
2027-03-28	116	Y	284	4	5.0
2027-03-28	116	N	535	2	5.6
2027-03-28	116	N	562	3	5.6
2027-03-28	116	Z	883	2	5.0
2027-03-28	116	Z	885	4	5.0
2027-03-28	118	Z	183	2	4.0
2027-03-28	118	T	208	4	4.3
2027-03-28	118	Z	776	2	4.0
2027-03-28	118	J	885	4	5.5
2027-03-28	118	T	1063	4	4.3
2027-03-28	120	T	196	2	4.5
2027-03-28	120	R	243	3	4.6
2027-03-28	120	C	414	6	5.4
2027-03-28	120	M	559	2	4.8
2027-03-28	120	H	577	4	5.0
2027-03-28	120	T	757	2	4.5
2027-03-28	120	S	796	4	4.5
2027-03-28	121	T	191	4	7.5
2027-03-28	121	R	196	2	5.1
2027-03-28	121	S	216	6	7.5
2027-03-28	121	R	243	4	5.1
2027-03-28	121	P	243	2	5.3
2027-03-28	121	T	248	4	7.5
2027-03-28	121	Q	707	4	5.2
2027-03-28	121	R	757	2	5.1
2027-03-28	121	G	796	4	6.2
2027-03-28	122	S	173	4	4.5
2027-03-28	122	T	183	2	4.5
2027-03-28	122	A	272	4	5.6
2027-03-28	122	R	286	4	4.6
2027-03-28	122	T	757	2	4.5
2027-03-28	122	T	796	4	4.5
2027-03-28	124	X	205	6	5.1
2027-03-28	124	Y	248	4	5.0
2027-03-28	124	6	705	2	6.4
2027-03-28	124	Z	776	2	5.0
2027-03-28	124	L	795	3	5.4
2027-03-28	126	T	234	3	5.3
2027-03-28	126	Z	435	2	5.0
2027-03-28	126	Z	438	4	5.0
2027-03-28	126	Z	485	3	5.0
2027-03-28	126	Y	885	4	5.0
2027-03-28	129	Z	300	2	5.5
2027-03-28	129	Y	359	4	5.5
2027-03-28	129	T	372	2	5.8
2027-03-28	129	N	448	2	6.1
2027-03-28	129	L	511	2	6.2
2027-03-28	129	Z	547	4	5.5
2027-03-28	129	H	594	3	6.5
2027-03-28	129	W	885	4	5.6
2027-03-28	129	Z	916	2	5.5
2027-03-28	129	Z	1063	4	5.5
2027-03-28	130	G	648	2	6.5
2027-03-28	130	T	679	2	5.6
2027-03-28	130	C	955	4	7.4
2027-03-28	130	T	996	2	5.6
2027-03-28	130	M	1418	4	6.0
2027-03-28	131	V	537	4	6.0
2027-03-28	131	Z	573	2	9.0
2027-03-28	131	R	653	4	6.2
2027-03-28	131	U	666	2	6.1
2027-03-28	131	N	670	2	6.4
2027-03-28	131	L	700	4	6.6
2027-03-28	131	G	781	2	7.1
2027-03-28	131	U	1418	4	6.1
2027-03-28	132	T	408	2	5.5
2027-03-28	132	T	470	4	5.5
2027-03-28	132	N	537	2	5.8
2027-03-28	132	Q	1418	4	5.6
2027-03-28	133	U	364	4	5.7
2027-03-28	133	Z	389	2	5.5
2027-03-28	133	G	514	2	6.7
2027-03-28	133	Z	579	4	5.5
2027-03-28	133	Z	674	3	5.5
2027-03-28	133	U	1063	4	5.7
2027-03-28	133	R	1063	4	5.9
2027-03-28	136	X	214	5	5.1
2027-03-28	136	Z	237	2	5.0
2027-03-28	136	Y	284	4	5.0
2027-03-28	136	H	543	3	6.0
2027-03-28	136	Z	883	2	5.0
2027-03-28	136	Z	885	4	5.0
2027-03-28	136	R	885	4	5.4
2027-03-28	138	K	332	3	5.0
2027-03-28	138	U	433	2	4.6
2027-03-28	138	U	442	4	4.6
2027-03-28	138	U	537	3	4.6
2027-03-28	138	Z	757	2	4.5
2027-03-28	138	X	796	4	4.6
2027-03-28	138	3	924	3	6.5
2027-03-28	201	G	152	6	1.6
2027-03-28	201	V	155	4	0.6
2027-03-28	201	F	164	6	1.8
2027-03-28	201	X	167	2	0.5
2027-03-28	201	X	197	2	0.5
2027-03-28	201	L	221	6	1.2
2027-03-28	201	X	304	4	0.5
2027-03-28	201	X	332	3	0.5
2027-03-28	202	X	126	6	0.5
2027-03-28	203	H	134	6	2.1
2027-03-28	203	G	146	6	2.4
2027-03-28	203	Q	155	6	1.0
2027-03-28	203	V	155	4	0.6
2027-03-28	203	X	167	2	0.5
2027-03-28	203	M	209	6	1.3
2027-03-28	203	X	224	2	0.5
2027-03-28	203	X	308	4	0.5
2027-03-28	203	X	342	3	0.5
2027-03-28	204	X	126	2	1.5
2027-03-28	204	X	149	6	1.5
2027-03-28	205	M	137	4	1.6
2027-03-28	205	X	148	2	1.0
2027-03-28	205	S	167	6	1.3
2027-03-28	205	W	168	4	1.0
2027-03-28	205	X	260	2	1.0
2027-03-28	205	X	314	4	1.0
2027-03-28	205	X	343	3	1.0
2027-03-28	205	M	529	4	1.6
2027-03-28	206	X	260	2	1.5
2027-03-28	206	K	885	4	2.6
2027-03-28	207	X	120	6	2.5
2027-03-28	207	O	126	5	5.5
2027-03-28	207	R	179	6	2.8
2027-03-28	207	W	190	4	2.5
2027-03-28	207	Q	707	4	2.9
2027-03-28	208	U	131	1	3.7
2027-03-28	208	U	143	6	3.7
2027-03-28	208	X	299	2	3.5
2027-03-28	208	X	327	4	3.5
2027-03-28	208	X	357	3	3.5
2027-03-28	208	K	529	4	4.8
2027-03-28	209	Q	131	6	3.9
2027-03-28	209	W	222	4	3.5
2027-03-28	209	X	238	2	3.5
2027-03-28	209	X	299	2	3.5
2027-03-28	210	X	650	2	4.0
2027-03-28	211	W	257	4	4.0
2027-03-28	211	X	276	2	4.0
2027-03-28	211	X	366	2	4.0
2027-03-28	212	X	347	2	4.0
2027-03-28	212	X	357	4	4.0
2027-03-28	212	X	382	2	4.0
2027-03-28	212	X	385	3	4.0
2027-03-28	213	Q	125	3	3.9
2027-03-28	213	W	222	4	3.5
2027-03-28	213	X	238	2	3.5
2027-03-28	213	X	299	2	3.5
2027-03-28	214	L	127	2	4.8
2027-03-28	214	U	161	6	3.7
2027-03-28	214	X	299	2	3.5
2027-03-28	214	N	707	4	4.4
2027-03-28	215	I	108	2	5.5
2027-03-28	215	M	147	5	3.1
2027-03-28	215	S	167	6	2.8
2027-03-28	215	W	190	4	2.5
2027-03-28	215	X	205	2	2.5
2027-03-28	215	X	299	2	2.5
2027-03-28	216	M	112	2	2.3
2027-03-28	216	X	137	6	1.5
2027-03-28	216	X	161	6	1.5
2027-03-28	216	W	177	4	1.6
2027-03-28	216	M	618	4	2.3
2027-03-28	217	C	105	3	3.4
2027-03-28	217	P	122	6	1.9
2027-03-28	217	X	155	6	1.5
2027-03-28	218	W	159	4	1.1
2027-03-28	218	X	224	2	1.0
2027-03-28	219	J	122	6	1.8
2027-03-28	219	R	149	6	0.9
2027-03-28	219	F	158	6	2.8
2027-03-28	219	E	171	5	3.5
2027-03-28	219	X	224	2	0.5
2027-03-28	219	X	305	4	0.5
2027-03-28	219	X	333	3	0.5
2027-03-28	220	V	155	4	0.6
2027-03-28	220	X	167	2	0.5
2027-03-28	220	P	191	6	1.3
2027-03-28	220	X	197	2	0.5
2027-03-28	220	K	233	6	2.0
2027-03-28	221	H	140	6	1.5
2027-03-28	221	P	185	6	0.9
2027-03-28	221	X	192	2	0.5
2027-03-28	221	X	207	2	0.5
2027-03-28	221	C	209	6	2.4
2027-03-28	222	X	120	6	0.5
2027-03-28	222	V	155	4	0.6
2027-03-28	222	N	203	6	1.4
2027-03-28	222	M	215	6	1.6
2027-03-28	223	K	227	6	1.6
2027-03-28	223	X	414	2	0.5
2027-03-28	223	X	446	2	0.5
2027-03-28	224	W	159	4	1.1
2027-03-28	224	X	172	2	1.0
2027-03-28	224	X	224	2	1.0
2027-03-28	224	X	318	4	1.0
2027-03-28	224	X	347	3	1.0
2027-03-28	225	P	134	6	1.9
2027-03-28	225	X	260	2	1.5
2027-03-28	226	Q	110	4	2.0
2027-03-28	226	M	129	9	2.3
2027-03-28	226	W	177	4	1.6
2027-03-28	226	X	260	2	1.5
2027-03-28	227	K	108	4	3.3
2027-03-28	227	I	138	5	5.5
2027-03-28	227	R	173	6	2.8
2027-03-28	227	X	552	2	2.5
2027-03-28	227	X	596	2	2.5
2027-03-28	228	V	126	6	3.6
2027-03-28	228	O	159	8	6.5
2027-03-28	228	W	204	4	3.6
2027-03-28	228	X	219	2	3.5
2027-03-28	228	X	299	2	3.5
2027-03-28	228	P	707	4	4.2
2027-03-28	229	K	120	4	4.2
2027-03-28	229	J	124	4	4.3
2027-03-28	229	H	146	2	3.4
2027-03-28	229	U	299	2	3.5
2027-03-28	229	U	327	4	3.5
2027-03-28	229	U	357	3	3.5
2027-03-28	229	J	707	4	4.3
2027-03-28	230	U	239	4	4.6
2027-03-28	231	J	138	2	4.8
2027-03-28	231	U	139	2	4.0
2027-03-28	231	D	242	4	5.6
2027-03-28	231	U	366	2	4.0
2027-03-28	232	U	239	4	4.4
2027-03-28	232	P	529	4	4.8
2027-03-28	233	U	113	2	3.5
2027-03-28	233	L	114	4	4.1
2027-03-28	233	K	120	4	4.2
2027-03-28	233	F	154	3	4.7
2027-03-28	233	U	299	2	3.5
2027-03-28	233	B	588	2	4.8
2027-03-28	233	K	618	4	4.2
2027-03-28	234	U	137	1	3.7
2027-03-28	234	U	149	6	3.7
2027-03-28	234	W	204	4	3.6
2027-03-28	234	X	219	2	3.5
2027-03-28	234	X	299	2	3.5
2027-03-28	234	N	796	4	4.4
2027-03-28	235	N	108	4	3.1
2027-03-28	235	U	155	6	2.7
2027-03-28	235	E	179	3	3.1
2027-03-28	235	X	552	2	2.5
2027-03-28	235	X	596	2	2.5
2027-03-28	236	M	121	4	2.3
2027-03-28	236	P	151	4	2.1
2027-03-28	236	X	163	2	1.5
2027-03-28	236	R	166	4	1.9
2027-03-28	236	X	260	2	1.5
2027-03-28	236	P	618	4	2.1
2027-03-28	237	P	128	6	1.4
2027-03-28	237	W	168	4	1.0
2027-03-28	237	X	181	2	1.0
2027-03-28	237	M	200	4	1.6
2027-03-28	237	X	260	2	1.0
2027-03-28	237	M	707	4	1.6
2027-03-28	238	X	120	2	1.5
2027-03-28	238	X	143	6	1.5
2027-03-28	238	M	220	4	2.3
2027-03-28	238	V	314	2	1.6
2027-03-28	238	V	324	4	1.6
2027-03-28	238	V	352	3	1.6
2027-03-28	238	M	796	4	2.3
2027-03-28	239	X	137	6	0.5
2027-03-28	239	R	143	6	0.9
2027-03-28	239	V	155	4	0.6
2027-03-28	239	N	197	6	1.2
2027-03-28	240	J	128	6	2.3
2027-03-28	240	X	131	6	0.5
2027-03-28	3	D	2467	2	9.4
2027-03-28	6	D	2024	2	8.4
2027-04-02	10	C	2911	2	9.5
2027-04-02	101	Z	183	2	4.5
2027-04-02	101	Q	214	2	5.1
2027-04-02	101	T	214	2	4.8
2027-04-02	101	Y	218	4	4.5
2027-04-02	101	Y	226	4	4.5
2027-04-02	101	S	243	4	4.9
2027-04-02	101	Z	328	4	4.5
2027-04-02	101	Z	376	3	4.5
2027-04-02	101	PACKAGE	467	6	7.5
2027-04-02	101	W	707	4	4.7
2027-04-02	104	Z	218	4	3.5
2027-04-02	104	P	248	2	4.8
2027-04-02	104	Y	248	4	4.5
2027-04-02	104	S	248	4	7.5
2027-04-02	104	P	273	3	4.8
2027-04-02	104	P	399	4	4.8
2027-04-02	104	K	489	3	4.9
2027-04-02	104	7	768	4	6.1
2027-04-02	104	T	885	4	4.6
2027-04-02	106	Q	243	4	5.4
2027-04-02	106	Z	264	2	5.0
2027-04-02	106	Y	277	6	4.0
2027-04-02	106	Z	282	4	5.0
2027-04-02	106	R	543	4	5.4
2027-04-02	106	Z	885	4	5.0
2027-04-02	109	Y	359	4	5.5
2027-04-02	109	Z	385	2	5.5
2027-04-02	109	Z	404	3	5.5
2027-04-02	109	Z	446	4	5.5
2027-04-02	109	G	514	2	6.7
2027-04-02	110	T	417	2	5.6
2027-04-02	110	N	537	2	5.9
2027-04-02	110	T	730	4	5.6
2027-04-02	111	V	537	4	6.0
2027-04-02	111	Z	573	2	9.0
2027-04-02	111	N	670	2	6.4
2027-04-02	111	H	687	4	6.9
2027-04-02	111	G	781	2	7.1
2027-04-02	111	Q	1596	4	6.3
2027-04-02	112	S	627	2	8.5
2027-04-02	112	T	639	2	5.5
2027-04-02	112	G	648	2	6.4
2027-04-02	112	S	722	4	8.5
2027-04-02	112	E	890	2	6.8
2027-04-02	112	T	996	2	5.5
2027-04-02	112	J	1685	4	6.2
2027-04-02	113	T	368	2	5.8
2027-04-02	113	N	448	2	6.1
2027-04-02	113	Z	478	2	5.5
2027-04-02	113	R	680	4	5.9
2027-04-02	113	Z	916	2	5.5
2027-04-02	113	R	1063	4	5.9
2027-04-02	116	Z	187	2	5.0
2027-04-02	116	Y	284	4	5.0
2027-04-02	116	Z	883	2	5.0
2027-04-02	116	Z	885	4	5.0
2027-04-02	118	Z	183	2	4.0
2027-04-02	118	Y	224	5	3.1
2027-04-02	118	X	235	2	4.1
2027-04-02	118	T	250	4	4.3
2027-04-02	118	M	276	4	4.9
2027-04-02	118	P	484	3	4.6
2027-04-02	118	Z	776	2	4.0
2027-04-02	118	J	885	4	5.5
2027-04-02	118	T	1063	4	4.3
2027-04-02	120	T	206	2	4.5
2027-04-02	120	P	261	3	4.7
2027-04-02	120	C	581	2	5.4
2027-04-02	120	T	757	2	4.5
2027-04-02	120	S	796	4	4.5
2027-04-02	121	T	205	4	7.5
2027-04-02	121	R	206	2	5.1
2027-04-02	121	L	240	2	5.6
2027-04-02	121	Q	707	4	5.2
2027-04-02	121	R	757	2	5.1
2027-04-02	121	G	796	4	6.2
2027-04-02	122	S	173	4	4.5
2027-04-02	122	T	183	2	4.5
2027-04-02	122	R	243	4	4.6
2027-04-02	122	A	454	4	5.6
2027-04-02	122	C	554	2	5.4
2027-04-02	122	T	757	2	4.5
2027-04-02	122	T	796	4	4.5
2027-04-02	124	Y	213	2	4.0
2027-04-02	124	X	245	4	5.1
2027-04-02	124	Y	248	2	5.0
2027-04-02	124	Y	283	4	5.0
2027-04-02	124	L	461	3	5.4
2027-04-02	124	X	707	4	5.1
2027-04-02	124	Z	776	2	5.0
2027-04-02	124	6	793	4	6.4
2027-04-02	126	Z	273	2	4.0
2027-04-02	126	Z	390	4	5.0
2027-04-02	126	Z	438	3	5.0
2027-04-02	126	Y	885	4	5.0
2027-04-02	129	Y	359	1	5.5
2027-04-02	129	T	367	2	5.8
2027-04-02	129	Z	422	2	5.5
2027-04-02	129	N	448	2	6.1
2027-04-02	129	Z	499	4	5.5
2027-04-02	129	L	655	2	6.2
2027-04-02	129	H	722	3	6.5
2027-04-02	129	W	885	4	5.6
2027-04-02	129	Z	916	2	5.5
2027-04-02	129	Z	1063	4	5.5
2027-04-02	130	G	648	2	6.5
2027-04-02	130	T	692	2	5.6
2027-04-02	130	C	995	4	7.4
2027-04-02	130	T	996	2	5.6
2027-04-02	130	M	1418	4	6.0
2027-04-02	131	R	517	2	6.2
2027-04-02	131	V	537	4	6.0
2027-04-02	131	Z	573	2	9.0
2027-04-02	131	N	670	2	6.4
2027-04-02	131	G	781	2	7.1
2027-04-02	131	U	1418	4	6.1
2027-04-02	132	T	381	2	5.5
2027-04-02	132	T	470	4	5.5
2027-04-02	132	N	537	2	5.8
2027-04-02	132	E	934	2	6.8
2027-04-02	132	Q	1418	4	5.6
2027-04-02	133	U	459	4	5.7
2027-04-02	133	Z	487	2	5.5
2027-04-02	133	G	514	2	6.7
2027-04-02	133	Z	532	4	5.5
2027-04-02	133	Z	627	3	5.5
2027-04-02	133	R	1063	4	5.9
2027-04-02	133	U	1063	4	5.7
2027-04-02	136	Y	284	4	5.0
2027-04-02	136	Z	295	2	5.0
2027-04-02	136	H	659	3	6.0
2027-04-02	136	Z	883	2	5.0
2027-04-02	136	R	885	4	5.4
2027-04-02	136	Z	885	4	5.0
2027-04-02	138	U	385	2	4.6
2027-04-02	138	U	395	4	4.6
2027-04-02	138	U	490	3	4.6
2027-04-02	138	Z	757	2	4.5
2027-04-02	138	X	796	4	4.6
2027-04-02	138	3	841	3	6.5
2027-04-02	138	5	841	2	7.5
2027-04-02	201	P	150	6	0.9
2027-04-02	201	F	154	6	1.8
2027-04-02	201	V	155	4	0.6
2027-04-02	201	L	165	6	1.2
2027-04-02	201	X	167	2	0.5
2027-04-02	201	X	197	2	0.5
2027-04-02	201	X	256	4	0.5
2027-04-02	201	X	285	3	0.5
2027-04-02	202	N	158	6	1.4
2027-04-02	202	X	364	2	0.5
2027-04-02	202	X	393	2	0.5
2027-04-02	203	V	155	4	0.6
2027-04-02	203	Q	165	6	1.0
2027-04-02	203	X	167	2	0.5
2027-04-02	203	X	224	2	0.5
2027-04-02	203	X	266	4	0.5
2027-04-02	203	X	294	3	0.5
2027-04-02	204	W	172	6	1.6
2027-04-02	204	W	179	6	1.6
2027-04-02	204	X	224	2	1.5
2027-04-02	205	M	158	4	1.6
2027-04-02	205	W	168	4	1.0
2027-04-02	205	X	169	2	1.0
2027-04-02	205	R	208	6	1.3
2027-04-02	205	X	260	2	1.0
2027-04-02	205	X	267	4	1.0
2027-04-02	205	X	295	3	1.0
2027-04-02	205	M	529	4	1.6
2027-04-02	206	K	148	6	2.6
2027-04-02	206	X	151	6	1.5
2027-04-02	206	X	158	6	1.5
2027-04-02	207	V	154	6	2.6
2027-04-02	207	X	162	2	2.5
2027-04-02	207	W	190	4	2.5
2027-04-02	207	T	197	6	2.7
2027-04-02	207	O	197	5	5.5
2027-04-02	207	R	219	6	2.8
2027-04-02	207	X	299	2	2.5
2027-04-02	207	Q	707	4	2.9
2027-04-02	208	S	205	6	3.9
2027-04-02	208	X	271	2	3.5
2027-04-02	208	X	280	4	3.5
2027-04-02	208	X	299	2	3.5
2027-04-02	208	X	309	3	3.5
2027-04-02	208	K	529	4	4.8
2027-04-02	209	X	156	6	3.5
2027-04-02	209	Q	169	6	3.9
2027-04-02	209	H	172	4	3.5
2027-04-02	209	W	222	4	3.5
2027-04-02	210	X	650	2	4.0
2027-04-02	211	X	156	6	4.0
2027-04-02	211	W	257	4	4.0
2027-04-02	212	X	238	2	4.0
2027-04-02	212	X	309	4	4.0
2027-04-02	212	X	329	2	4.0
2027-04-02	212	X	338	3	4.0
2027-04-02	213	X	205	2	3.5
2027-04-02	213	W	222	4	3.5
2027-04-02	213	B	269	4	4.8
2027-04-02	213	X	299	2	3.5
2027-04-02	214	T	147	3	3.8
2027-04-02	214	U	183	6	3.7
2027-04-02	214	X	263	2	3.5
2027-04-02	214	X	299	2	3.5
2027-04-02	214	N	707	4	4.4
2027-04-02	215	I	138	2	5.5
2027-04-02	215	E	168	3	4.1
2027-04-02	215	U	175	6	2.7
2027-04-02	215	M	184	5	3.1
2027-04-02	215	W	190	4	2.5
2027-04-02	215	S	212	6	2.8
2027-04-02	215	X	252	2	2.5
2027-04-02	215	X	299	2	2.5
2027-04-02	216	M	123	2	2.3
2027-04-02	216	X	167	2	1.5
2027-04-02	216	W	177	4	1.6
2027-04-02	216	X	260	2	1.5
2027-04-02	216	X	267	4	1.5
2027-04-02	216	X	295	3	1.5
2027-04-02	216	M	618	4	2.3
2027-04-02	217	C	126	3	3.4
2027-04-02	217	X	209	2	1.5
2027-04-02	217	P	226	6	1.9
2027-04-02	217	M	248	6	2.1
2027-04-02	217	X	263	2	1.5
2027-04-02	218	W	159	4	1.1
2027-04-02	218	X	167	2	1.0
2027-04-02	218	W	186	6	1.1
2027-04-02	218	X	224	2	1.0
2027-04-02	219	Q	172	6	1.0
2027-04-02	219	X	248	2	0.5
2027-04-02	219	X	257	4	0.5
2027-04-02	219	X	272	2	0.5
2027-04-02	219	X	286	3	0.5
2027-04-02	220	V	155	4	0.6
2027-04-02	220	X	172	2	0.5
2027-04-02	220	L	173	6	1.8
2027-04-02	220	X	197	2	0.5
2027-04-02	221	G	146	6	1.6
2027-04-02	221	X	227	2	0.5
2027-04-02	221	X	245	2	0.5
2027-04-02	222	V	155	4	0.6
2027-04-02	222	X	160	2	0.5
2027-04-02	222	X	197	2	0.5
2027-04-02	223	Q	179	6	1.0
2027-04-02	223	X	491	2	0.5
2027-04-02	224	W	159	4	1.1
2027-04-02	224	X	219	2	1.0
2027-04-02	224	X	236	2	1.0
2027-04-02	224	X	270	4	1.0
2027-04-02	224	X	300	3	1.0
2027-04-02	225	X	154	2	1.5
2027-04-02	225	X	260	2	1.5
2027-04-02	226	Q	138	4	2.0
2027-04-02	226	M	142	9	2.3
2027-04-02	226	W	177	4	1.6
2027-04-02	226	T	193	6	1.8
2027-04-02	226	X	257	2	1.5
2027-04-02	226	X	260	2	1.5
2027-04-02	227	K	138	4	3.3
2027-04-02	227	X	162	2	2.5
2027-04-02	227	I	180	5	5.5
2027-04-02	227	X	299	2	2.5
2027-04-02	228	W	146	6	3.6
2027-04-02	228	X	154	2	3.5
2027-04-02	228	O	209	8	6.5
2027-04-02	228	X	299	2	3.5
2027-04-02	228	P	707	4	4.2
2027-04-02	229	K	158	4	4.2
2027-04-02	229	J	162	4	4.3
2027-04-02	229	U	257	2	3.5
2027-04-02	229	U	280	4	3.5
2027-04-02	229	U	299	2	3.5
2027-04-02	229	U	309	3	3.5
2027-04-02	229	J	707	4	4.3
2027-04-02	230	U	162	2	4.6
2027-04-02	230	U	239	4	4.6
2027-04-02	231	U	138	2	4.0
2027-04-02	231	D	266	4	5.6
2027-04-02	231	U	366	2	4.0
2027-04-02	232	U	150	2	4.4
2027-04-02	232	U	239	4	4.4
2027-04-02	232	P	529	4	4.8
2027-04-02	233	L	152	2	4.1
2027-04-02	233	K	158	4	4.2
2027-04-02	233	U	205	2	3.5
2027-04-02	233	U	299	2	3.5
2027-04-02	233	K	618	4	4.2
2027-04-02	234	U	161	1	3.7
2027-04-02	234	U	168	6	3.7
2027-04-02	234	P	190	4	4.3
2027-04-02	234	W	204	4	3.6
2027-04-02	234	X	278	2	3.5
2027-04-02	234	X	299	2	3.5
2027-04-02	234	N	796	4	4.4
2027-04-02	235	N	138	4	3.1
2027-04-02	235	X	187	2	2.5
2027-04-02	235	U	190	6	2.7
2027-04-02	235	X	299	2	2.5
2027-04-02	236	X	143	6	1.5
2027-04-02	236	X	165	6	1.5
2027-04-02	236	P	173	4	2.1
2027-04-02	236	R	191	4	1.9
2027-04-02	236	S	201	6	1.8
2027-04-02	236	P	618	4	2.1
2027-04-02	237	W	168	4	1.0
2027-04-02	237	M	230	4	1.6
2027-04-02	237	P	234	6	1.4
2027-04-02	237	X	266	2	1.0
2027-04-02	237	X	272	2	1.0
2027-04-02	237	M	707	4	1.6
2027-04-02	238	X	167	2	1.5
2027-04-02	238	N	241	6	2.2
2027-04-02	238	M	253	4	2.3
2027-04-02	238	V	267	2	1.6
2027-04-02	238	V	276	4	1.6
2027-04-02	238	X	280	2	1.5
2027-04-02	238	V	305	3	1.6
2027-04-02	238	M	796	4	2.3
2027-04-02	239	X	151	6	0.5
2027-04-02	239	V	155	4	0.6
2027-04-02	239	R	158	6	0.9
2027-04-02	240	X	143	6	0.5
2027-04-02	3	D	2467	2	9.4
2027-04-02	6	D	2024	2	8.4
